frame,label,centroid_y,centroid_x,area,track_id
0,295,675.7602040816327,56.61054421768708,588,1
0,294,676.4882478632478,708.5224358974359,936,2
0,293,675.4224852071006,252.01775147928993,845,3
0,291,667.2258566978193,335.31619937694705,642,5
0,290,668.6731707317073,1342.4858536585366,1025,6
0,289,672.0918918918919,439.43243243243245,925,7
0,288,669.9761255115961,982.5695770804912,1466,8
0,287,662.2352941176471,615.52,850,9
0,286,660.0013003901171,870.5760728218465,769,10
0,285,658.2706766917294,914.0386680988184,931,11
0,283,655.4962962962964,1201.6024691358025,810,12
0,282,654.7162673392181,205.15510718789406,793,13
0,281,653.0574229691877,148.62885154061624,714,14
0,280,654.9858030168589,1279.5740905057676,1127,15
0,279,653.6759776536313,175.84916201117318,895,16
0,278,651.906432748538,1109.0116959064328,1026,17
0,276,646.7980636237897,847.0843706777317,723,18
0,275,646.9316666666666,1233.0341666666666,1200,19
0,296,677.6485753052917,223.15196743554952,737,20
0,297,688.0812619502868,82.68355640535373,1046,21
0,298,687.0028089887641,1084.7766853932585,712,22
0,299,686.7815699658703,182.87372013651878,586,23
0,321,757.369512195122,1166.5621951219512,820,24
0,320,760.3482280431433,58.24268104776579,1298,25
0,319,759.8575498575499,866.9050332383666,1053,26
0,318,746.0373376623377,718.3782467532468,616,27
0,317,741.1659388646289,692.5109170305677,687,28
0,316,741.7031802120141,267.5594817432273,849,29
0,315,739.7966751918159,1145.0588235294117,782,30
0,314,740.6219709208401,1356.573505654281,1238,31
0,312,730.5776081424937,842.5559796437659,786,32
0,274,639.6977528089888,734.491011235955,890,33
0,311,732.5718349928876,663.2247510668564,703,34
0,309,715.1613832853026,685.7348703170029,694,35
0,308,714.565527065527,608.1353276353276,702,36
0,307,712.0989660265878,183.66469719350073,677,37
0,306,712.28125,1223.3546195652175,736,38
0,305,711.3294367693943,1066.5972369819342,941,39
0,304,707.0613266583229,1106.1264080100125,799,40
0,303,703.9015606242497,211.00360144057623,833,41
0,302,697.0558069381599,667.1372549019608,663,42
0,301,696.3878627968338,388.82189973614777,758,43
0,310,729.8311195445921,631.073055028463,1054,44
0,273,635.2008310249307,356.87673130193906,722,45
0,272,635.4427710843373,1316.441767068273,996,46
0,271,636.3299284984678,819.9213483146067,979,47
0,245,594.3862559241707,546.9063981042653,844,48
0,244,592.8482142857143,974.4300595238095,672,49
0,243,594.0215749730313,892.522114347357,927,50
0,242,586.1316371681415,1098.0287610619469,904,51
0,241,582.211,1345.856,1000,52
0,240,580.1146907216495,327.5296391752577,776,53
0,239,582.6450754214729,767.7293700088732,1127,54
0,238,572.91,1314.9275,800,55
0,237,569.2695852534562,1146.0472350230414,868,56
0,246,594.8247422680413,1243.1649484536083,776,57
0,236,569.4201923076923,709.4817307692308,1040,58
0,234,562.5372340425532,746.2109929078014,564,59
0,233,564.825378346915,566.9976717112922,859,60
0,232,556.9434628975265,918.7491166077739,849,61
0,231,556.9059233449477,1083.7935540069686,1148,62
0,230,553.8707124010554,384.94327176781,758,63
0,229,549.7743271221532,772.2256728778468,483,64
0,228,551.5277296360485,76.65684575389947,1154,65
0,227,547.9094159713945,1221.8414779499403,839,66
0,226,550.3194805194805,1023.456277056277,1155,67
0,235,565.3054298642534,967.5859728506788,884,68
0,322,759.367032967033,833.9736263736264,910,69
0,248,602.2095115681234,1184.1259640102828,778,70
0,250,606.3069105691056,1154.2489837398373,984,71
0,270,633.4358620689655,251.92827586206897,725,72
0,269,634.6365187713311,1064.278156996587,1172,73
0,268,630.7185473411155,78.34111543450065,771,74
0,267,629.2793448589626,480.88808007279346,1099,75
0,266,623.7690253671562,1095.622162883845,749,76
0,265,625.2947598253276,554.7936681222708,916,77
0,264,623.2587570621469,881.6418079096045,885,78
0,263,622.5838587641866,216.34930643127365,793,79
0,249,602.9515086206897,1314.6002155172414,928,81
0,261,616.1598837209302,1212.8575581395348,688,82
0,259,616.2077596996245,717.9974968710889,799,83
0,258,616.0345285524569,376.17662682602923,753,84
0,257,617.2927272727272,1346.5290909090909,1100,85
0,256,612.9624478442281,1004.1835883171071,719,86
0,255,609.8804220398594,329.2379835873388,853,87
0,253,606.5431606905711,242.37051792828686,753,89
0,252,607.8279445727483,174.03233256351038,866,90
0,251,606.8539719626168,1032.7885514018692,856,91
0,260,618.1193370165746,621.4674033149171,905,92
0,223,538.2850467289719,359.02570093457945,856,93
0,324,762.9733542319749,1089.2382445141066,638,94
0,326,764.8914285714286,1115.2628571428572,700,95
0,398,943.718,623.96,1000,96
0,397,942.1301020408164,1292.6615646258504,1176,97
0,396,938.8549883990719,810.7099767981439,862,98
0,395,937.2895054282268,464.7683956574186,829,99
0,394,935.6042908224076,517.65315852205,839,100
0,393,934.0798004987531,1339.5573566084788,802,101
0,392,933.7059569074778,547.2522179974651,789,102
0,391,937.6118721461187,265.2130898021309,1314,103
0,390,927.3660220994475,353.77762430939225,724,104
0,389,924.9949152542373,774.5118644067796,590,105
0,388,925.9217252396166,108.41134185303514,1252,106
0,386,918.9347826086956,1316.6376811594203,690,107
0,385,918.8600917431193,1230.2144495412845,872,108
0,384,914.035,1034.117,1000,109
0,383,905.4246353322528,1340.615883306321,617,110
0,382,907.3695420660276,838.0266240681576,939,111
0,381,904.2178217821782,326.8769448373409,707,112
0,380,903.2554455445545,565.0940594059406,1010,113
0,379,899.9409594095941,233.99015990159901,813,114
0,399,949.6895213454075,1137.6326002587323,773,115
0,400,952.8107221006564,78.13457330415756,914,116
0,401,950.1300675675676,710.4780405405405,592,117
0,402,955.3094384707288,842.6224611708483,837,118
0,426,1023.3905472636816,486.71019900497515,804,119
0,425,1022.2932432432433,179.5608108108108,740,120
0,421,999.189111747851,996.8653295128939,698,121
0,420,1004.0640756302521,1281.718487394958,952,122
0,419,998.8702770780857,251.89168765743074,794,123
0,418,995.0053722179586,1181.9562547966232,1303,124
0,417,988.028901734104,817.6223506743738,1038,125
0,416,983.3970189701897,719.979674796748,738,126
0,415,986.7899543378995,177.89132420091323,1095,127
0,378,898.8391684901532,870.6148796498906,914,128
0,414,982.4401622718053,1357.4827586206898,986,129
0,412,977.4885177453027,65.78079331941545,479,130
0,411,980.1067106710672,228.44884488448844,909,131
0,410,978.2644927536232,915.4178743961353,828,132
0,409,981.3814274750575,34.18649270913277,1303,133
0,408,976.910394265233,394.76702508960574,1116,134
0,407,971.8409090909091,105.72363636363636,1100,135
0,406,958.4870624048706,1224.724505327245,657,136
0,405,958.050822122571,1250.7070254110613,669,137
0,403,960.5917667238422,1107.8816466552316,1166,138
0,413,978.2439024390244,1035.6158536585365,656,139
0,377,894.0050441361917,1264.5056746532157,793,140
0,376,884.7716894977169,913.6141552511416,876,141
0,375,885.7581620314389,537.46553808948,827,142
0,348,818.6974664679583,212.2369597615499,671,143
0,346,812.4139194139194,393.76556776556777,546,144
0,345,813.2936585365853,622.9512195121952,1025,145
0,344,808.5551724137931,369.1913793103448,580,146
0,343,810.280947255113,1185.4165769644778,929,147
0,342,808.2146892655368,1125.1680790960452,708,148
0,341,806.7773677736777,27.440344403444033,813,149
0,340,805.1630434782609,331.0,736,150
0,339,802.6155555555556,301.1222222222222,900,151
0,349,822.0797468354431,837.8746835443038,790,152
0,338,799.3906633906633,1152.7886977886978,814,153
0,336,796.484984984985,836.1216216216217,666,154
0,335,791.18006993007,579.2744755244755,572,155
0,334,792.8179775280898,648.2820224719101,890,156
0,333,783.7896950578339,1247.464773922187,951,157
0,332,771.3227424749164,565.5284280936455,598,158
0,331,769.4395099540582,631.4839203675344,653,159
0,330,772.2823803967328,249.35239206534422,857,160
0,329,769.8037037037037,704.7901234567901,810,161
0,327,771.6516393442623,142.2202868852459,976,162
0,337,800.8379549393414,995.3544194107452,1154,163
0,325,767.215264187867,402.3767123287671,1022,164
0,350,826.1345895020188,1315.9596231493942,743,165
0,352,829.6039453717755,1287.7253414264037,659,166
0,374,886.943661971831,1071.506103286385,1065,167
0,373,881.7086466165414,1240.172932330827,532,168
0,372,881.2375296912114,820.0463182897862,842,169
0,371,876.1142191142192,579.8869463869464,858,170
0,370,872.9395734597157,850.1777251184834,844,171
0,368,870.194046306505,297.7508269018743,907,172
0,367,864.7177121771218,720.0295202952029,542,173
0,366,869.9314009661836,330.56038647342996,1035,174
0,365,871.1994928148774,1296.678782755706,1183,175
0,351,831.7350527549825,443.63305978898006,853,176
0,364,861.6431034482758,1231.5293103448275,580,177
0,360,849.5104022191401,45.47572815533981,721,179
0,359,848.6904255319149,922.4978723404255,940,180
0,358,844.3570019723866,895.3550295857988,507,181
0,357,847.7038777908343,163.57579318448884,851,182
0,356,840.3454935622318,853.7188841201717,466,183
0,355,837.961262553802,711.5408895265423,697,184
0,354,836.7676659528908,1125.4646680942185,934,185
0,353,838.7196162046909,194.0597014925373,938,186
0,362,859.2031914893618,1262.9712765957447,940,187
0,222,537.8291708291708,733.6603396603397,1001,188
0,323,762.6413612565445,318.89397905759165,764,189
0,220,534.0425330812855,106.91209829867675,1058,190
0,85,200.10825892857142,797.6930803571429,896,191
0,83,199.4658436213992,893.3218106995885,1215,192
0,82,198.32574430823118,975.701401050788,1142,193
0,81,194.61830357142858,1237.247767857143,896,194
0,80,192.8785046728972,38.18958611481976,749,195
0,78,191.26441784548422,1065.144722524483,919,196
0,77,191.21592039800996,142.97213930348258,1005,197
0,76,193.79854368932038,106.30501618122977,1236,198
0,74,185.83080513418903,594.8226371061844,857,199
0,86,202.13138686131387,253.37643378519292,959,200
0,73,183.1854951185495,1179.1059972105998,717,201
0,71,177.45077720207254,934.1800518134716,772,202
0,70,180.65435606060606,564.5151515151515,1056,203
0,69,177.04117009750811,688.0140845070423,923,204
0,68,170.63299663299662,430.2845117845118,594,205
0,67,167.42927429274292,659.1746617466175,813,206
0,66,166.45250659630608,1110.712401055409,758,207
0,64,164.2846560846561,854.658201058201,945,208
0,63,150.02554278416346,825.771392081737,783,209
0,62,143.44755244755245,783.81993006993,572,210
0,72,180.0525087514586,776.5974329054842,857,211
0,60,143.2295918367347,1363.4877551020409,980,212
0,87,205.43236074270558,1195.4190981432362,754,213
0,89,210.24457142857142,379.0045714285714,875,214
0,111,253.33758865248228,318.0595744680851,705,215
0,110,255.503125,772.0875,1280,216
0,108,247.59316427783904,847.4013230429989,907,217
0,107,245.51473296500922,1155.0874769797422,1086,218
0,106,238.39342403628117,1292.281179138322,882,219
0,104,234.8028909329829,807.568988173456,761,220
0,103,236.7832258064516,454.4451612903226,775,221
0,102,235.9732824427481,1188.4522900763359,1048,222
0,101,233.71197007481297,876.7743142144639,802,223
0,88,208.0771208226221,1282.9100257069408,778,224
0,100,219.83823529411765,435.87605042016804,476,225
0,98,221.76670441676103,126.42695356738392,883,226
0,97,216.7661822985469,831.2760898282695,757,227
0,96,220.3453815261044,730.4658634538152,996,228
0,95,218.96610169491527,50.52090395480226,885,229
0,94,217.70490093847758,599.5255474452555,959,230
0,93,211.57096774193548,1309.9032258064517,620,231
0,92,213.21909547738693,658.1597989949748,995,232
0,91,211.82266666666666,1166.8733333333332,750,233
0,90,209.06142034548944,769.5969289827256,521,234
0,99,223.73014145810663,405.77801958650707,919,235
0,112,258.26074498567334,240.0759312320917,698,236
0,58,137.84940411700975,154.2231852654388,923,237
0,56,134.7591623036649,1106.2869109947644,955,238
0,31,60.95991332611051,640.8678223185266,923,239
0,30,67.09957924263675,1330.7166900420757,1426,240
0,29,61.29872881355932,869.6504237288135,944,241
0,28,60.65641952983725,803.8390596745027,1106,242
0,27,54.475247524752476,357.3012729844413,707,243
0,26,55.325428194993414,154.2173913043478,759,244
0,25,55.59841479524439,118.83223249669749,757,245
0,24,56.867745004757374,387.72978116079923,1051,246
0,32,62.72351694915254,689.8866525423729,944,248
0,22,46.7372175980975,895.8430439952438,841,249
0,20,37.25037257824143,855.2697466467959,671,250
0,18,32.84075573549258,1254.068825910931,741,252
0,17,30.670184696569923,1100.5105540897098,758,253
0,16,23.221606648199447,745.562326869806,361,254
0,15,29.254791431792558,1070.1713641488163,887,255
0,14,25.490463215258856,1038.589464123524,1101,256
0,221,534.9277108433735,450.05542168674697,830,258
0,21,46.657471264367814,197.16551724137932,870,259
0,57,138.37876386687796,1285.2052297939779,1262,260
0,33,76.02544247787611,1080.132743362832,904,261
0,35,96.10788863109049,755.2865429234339,862,262
0,55,135.935735150925,434.73028237585197,1027,263
0,54,134.18367346938774,186.6404275996113,1029,264
0,53,128.81739130434784,1075.0621118012423,805,265
0,52,125.73709677419355,799.5629032258065,620,266
0,51,129.08347245409016,27.73288814691152,1198,267
0,50,125.41823899371069,117.72955974842768,954,268
0,49,126.20394088669951,924.6344827586207,1015,269
0,48,123.83318056828598,858.2163153070577,1091,270
0,47,120.56975381008206,825.8194607268464,853,271
0,34,97.31602914389799,400.0018214936248,1098,272
0,46,120.7195652173913,481.7945652173913,920,273
0,44,112.74095022624434,671.5305429864253,884,274
0,43,109.48214285714286,146.99489795918367,784,275
0,42,107.09857328145266,1140.4721141374837,771,276
0,41,106.91431924882629,947.268779342723,852,277
0,40,110.02555647155812,704.8697444352845,1213,278
0,39,102.46460176991151,580.9004424778761,452,279
0,38,105.09209302325581,551.8855813953488,1075,280
0,37,103.1943231441048,1097.1670305676855,916,281
0,36,100.34796926454446,646.2129527991218,911,282
0,45,112.35807860262008,603.8034934497816,687,283
0,113,266.3435340572557,1226.2102665350444,1013,284
0,61,144.99530516431926,711.7615023474178,1065,285
0,114,264.99343339587244,809.6660412757974,1066,286
0,192,475.2627883650953,664.4142427281846,997,287
0,191,472.8235294117647,1189.2586367880485,1071,288
0,190,465.78752436647176,148.8148148148148,513,289
0,189,469.5740740740741,187.53935185185185,864,290
0,188,468.25495750708217,1330.47686496695,1059,291
0,187,460.0,1253.3221957040573,838,292
0,186,454.8174157303371,1222.2256554307116,1068,293
0,184,453.44599627560524,1103.0512104283055,1074,294
0,193,474.4533053515215,255.78384050367262,953,296
0,181,438.5828282828283,343.9313131313131,990,297
0,179,434.11206896551727,121.04597701149426,696,298
0,178,434.3740701381509,758.7810839532413,941,299
0,177,434.0807600950119,217.0190023752969,842,300
0,176,429.76426264800864,903.6598493003229,929,301
0,174,433.21613106490236,965.645872715816,1587,302
0,173,423.79883381924196,432.46501457725947,686,303
0,172,412.7007434944238,455.3364312267658,538,304
0,170,414.325831702544,1337.876712328767,1022,305
0,169,399.3810375670841,474.90339892665475,559,306
0,180,433.9960106382979,185.80585106382978,752,307
0,168,403.4734375,1182.94609375,1280,308
0,194,472.9728183118741,122.98426323319028,699,309
0,196,483.01670146137786,572.1043841336117,958,310
0,218,525.3523809523809,628.7416666666667,840,311
0,217,524.1319095477387,387.2650753768844,796,312
0,216,528.0844730490749,187.63475462590506,1243,313
0,215,523.0810473815461,1290.3902743142144,802,314
0,214,521.0768321513002,481.9255319148936,846,315
0,212,512.8,907.6337662337662,770,316
0,211,513.1708074534162,1004.7370600414079,966,317
0,210,515.2857142857143,552.0717804363125,1421,318
0,209,507.04493087557603,1240.6117511520738,868,319
0,195,482.32875264270615,433.8837209302326,946,320
0,206,502.19759679572763,703.86782376502,749,322
0,205,505.4287109375,651.3583984375,1024,323
0,204,501.2540792540793,1074.2692307692307,858,324
0,203,495.32804232804233,682.6534391534392,378,325
0,201,496.45403899721447,174.33286908077994,718,327
0,200,491.9271099744245,146.24296675191815,782,328
0,198,485.7256908904811,55.643807574206754,977,329
0,197,483.13305613305613,750.6891891891892,962,330
0,207,503.935871743487,1310.3597194388778,998,331
0,167,403.9957627118644,842.1959745762712,944,332
0,219,527.8753086419753,814.6123456790124,810,333
0,129,299.48174157303373,1362.6011235955057,712,334
0,138,325.42325581395346,761.077519379845,645,335
0,136,322.9786950732357,400.0439414114514,751,336
0,135,315.512077294686,45.96296296296296,621,337
0,134,315.2542595019659,161.737876802097,763,338
0,133,315.5617283950617,911.7911522633744,972,339
0,132,305.4630071599045,354.58830548926016,838,340
0,130,301.88997555012224,1015.8386308068459,818,341
0,166,393.6003039513678,317.09574468085106,658,342
0,128,294.5639344262295,1045.0295081967213,610,343
0,127,297.373417721519,774.623869801085,1106,344
0,126,294.44017094017096,507.5480769230769,936,345
0,125,292.17540514775976,1191.7445185891324,1049,346
0,124,283.7435508345979,113.27465857359635,659,347
0,121,281.86209613869187,451.3624901497242,1269,348
0,119,277.8828715365239,87.11209068010075,794,349
0,117,269.9518377693283,972.5893536121673,789,351
0,116,262.57397959183675,1185.2576530612246,392,352
0,115,266.753164556962,493.99113924050636,790,353
0,139,323.6826722338205,1109.1294363256784,479,354
0,140,331.9756380510441,600.1102088167054,862,355
0,137,330.857034795764,1286.2972768532527,1322,356
0,142,330.8839103869654,1129.89816700611,491,357
0,165,396.64778761061945,148.68849557522122,1130,358
0,164,394.2379182156134,1127.267657992565,807,359
0,163,396.800350262697,1231.9001751313485,1142,360
0,162,394.5297092288243,815.5916561314791,791,361
0,161,391.0610465116279,786.1143410852713,1032,362
0,159,386.9688334817453,1289.220837043633,1123,363
0,141,337.70870459218645,124.32213845099383,1459,364
0,156,367.93518518518516,149.13425925925927,648,365
0,155,365.55010893246185,310.0631808278867,918,366
0,154,366.5069182389937,231.8314465408805,795,367
0,157,376.3673469387755,41.61734693877551,784,368
0,152,354.2354399008674,73.80049566294919,807,369
0,153,365.4008097165992,751.7597840755735,741,370
0,144,341.1405529953917,196.59677419354838,868,371
0,145,341.8029268292683,1077.3463414634145,1025,372
0,146,335.93046357615896,53.28145695364238,302,373
0,143,334.7944915254237,1356.2351694915253,944,374
0,148,341.3538961038961,171.1672077922078,616,375
0,150,349.16011235955057,1106.251404494382,712,376
0,151,356.00282220131703,723.2511759172154,1063,377
0,147,346.0263388937665,784.2309043020193,1139,378
1,283,657.9105263157895,871.3,760,10
1,290,675.2111398963731,251.2681347150259,772,3
1,289,673.1036144578313,438.655421686747,830,7
1,288,668.3311148086523,333.27953410981695,601,5
1,286,668.4857414448669,1342.481939163498,1052,6
1,285,670.2768850432633,981.3467243510506,1618,8
1,284,662.415313225058,614.0997679814385,862,9
1,282,658.2264736297828,911.8862461220269,967,11
1,319,759.2784552845528,832.5863821138212,984,69
1,280,654.7643051771117,204.4782016348774,734,13
1,279,653.2149200710479,146.54529307282417,563,14
1,278,655.1263636363636,1276.76,1100,15
1,277,653.6867219917012,174.22821576763485,964,16
1,274,652.4957587181904,1108.11027332705,1061,17
1,273,647.1091703056769,846.6157205240174,687,18
1,272,646.2274678111588,1231.2103004291846,1165,19
1,271,638.5675675675676,249.5990990990991,888,72
1,270,639.3855421686746,733.2831325301205,996,33
1,291,676.4600840336135,707.2300420168067,952,2
1,281,656.780487804878,1200.5435540069686,861,12
1,292,677.7670682730924,222.58768406961178,747,20
1,318,758.0092838196286,1164.4628647214854,754,24
1,294,687.7608888888889,81.76622222222223,1125,21
1,269,636.0862944162436,1314.366497461929,985,46
1,317,760.6843251088534,57.223512336719885,1378,25
1,316,745.3859375,717.9484375,640,27
1,315,742.1444652908068,693.0450281425891,533,28
1,314,741.7632241813602,266.6939546599496,794,29
1,313,739.4607843137255,1143.8370098039215,816,30
1,312,741.5624,1356.3464,1250,31
1,309,730.5477453580902,840.5557029177719,754,32
1,308,734.5483870967741,661.0228494623656,744,34
1,293,677.4366616989568,53.24441132637854,671,1
1,307,730.3754448398577,629.6245551601423,1124,44
1,304,711.4771241830065,182.47549019607843,612,37
1,303,715.7232580961727,683.3886162904809,1019,35
1,302,711.3039014373717,1065.1303901437373,974,39
1,301,706.4977011494253,1105.087356321839,870,40
1,300,703.7987577639751,209.47701863354038,805,41
1,299,696.7145214521452,663.5346534653465,606,42
1,298,696.7350069735007,386.19804741980477,717,43
1,296,687.9508506616257,181.83175803402648,529,23
1,295,686.7510917030568,1083.401746724891,687,22
1,305,714.6672025723473,606.3778135048232,622,36
1,268,636.6,818.7115384615385,1040,47
1,244,606.4774193548387,1153.247004608295,1085,71
1,266,630.7793733681463,75.19843342036553,766,74
1,239,586.3157290470723,1097.1412169919633,871,51
1,238,580.3450292397661,326.01169590643275,684,53
1,237,584.0118397085611,766.2950819672132,1098,54
1,236,581.4566037735849,1345.4396226415095,1060,52
1,235,573.1742919389978,1313.6601307189542,918,55
1,234,568.8741176470588,1144.3494117647058,850,56
1,233,570.1190697674418,707.2455813953488,1075,58
1,232,565.1927437641723,964.8877551020408,882,68
1,231,563.4859259259259,744.317037037037,675,59
1,240,591.8972602739726,973.6452054794521,730,49
1,230,564.705035971223,565.8117505995203,834,60
1,228,554.5538922155689,384.51197604790417,668,63
1,227,557.6130108423687,1082.441201000834,1199,62
1,226,551.895652173913,770.231884057971,690,64
1,225,548.1787439613527,1218.9142512077294,828,66
1,224,547.194577352472,476.8213716108453,627,389
1,223,552.9889549702634,75.71707731520816,1177,65
1,222,551.1528455284553,1022.349593495935,1230,67
1,221,536.2737341772151,790.1534810126582,632,381
1,220,539.5165198237886,357.83700440528634,908,93
1,229,556.6910755148741,916.6475972540046,874,61
1,267,634.8795562599049,356.79397781299525,631,45
1,241,594.3178137651822,891.4726720647774,988,50
1,243,594.8626543209876,1241.0555555555557,648,57
1,265,634.9976076555024,1063.092503987241,1254,73
1,264,629.7671905697446,479.18074656188605,1018,75
1,263,626.7753303964757,552.8832599118942,908,77
1,262,623.5182926829268,1095.1182926829267,820,76
1,261,623.6895674300255,216.9821882951654,786,79
1,260,622.5984848484849,879.8661616161617,792,78
1,258,616.5308988764045,1209.2443820224719,712,82
1,257,618.3173575129533,621.1282383419689,772,92
1,242,596.9427645788337,548.5885529157667,926,48
1,256,616.7610619469026,374.8362831858407,678,84
1,254,613.7598371777476,1001.8670284938942,737,86
1,253,616.993893129771,1345.3557251908396,1310,85
1,252,609.7344632768362,326.37514124293784,885,87
1,251,609.5231175693527,244.05812417437252,757,89
1,250,608.2025462962963,1029.6053240740741,864,91
1,249,608.1263537906137,172.32851985559566,831,90
1,247,603.2245575221239,1312.6095132743362,904,81
1,246,602.7210365853658,1181.9496951219512,656,70
1,255,615.7073170731708,715.7994579945799,738,83
1,320,762.519495412844,865.7442660550458,872,26
1,423,1021.8511904761905,178.8764880952381,672,120
1,322,763.3630363036303,1086.8696369636964,606,94
1,397,944.0827067669173,621.7791353383459,1064,96
1,396,939.5657071339174,808.9486858573216,799,98
1,395,941.4033680834002,1292.3023255813953,1247,97
1,394,937.9351535836178,462.5255972696246,879,99
1,393,935.7912735849056,515.6049528301887,848,100
1,392,933.2643540669857,1337.3672248803828,836,101
1,391,933.8371531966225,546.0458383594693,829,102
1,390,937.550432276657,264.27953890489914,1388,103
1,389,927.3047001620746,355.0129659643436,617,104
1,398,951.9582417582418,77.42527472527472,910,116
1,387,918.5349716446125,1315.3421550094517,529,107
1,385,919.2212817412334,1227.8282950423215,827,108
1,384,920.7260812581914,772.5910878112713,763,105
1,383,915.0680894308944,1032.1910569105692,984,109
1,382,905.9010791366907,1338.6924460431655,556,110
1,381,907.8434579439253,836.392523364486,856,111
1,380,905.3360522022839,326.0163132137031,613,112
1,378,899.6045056320401,232.47809762202755,799,114
1,377,903.3269054178145,564.1331496786042,1089,113
1,376,899.1897590361446,869.8062248995984,996,128
1,386,925.3361090083271,106.35124905374717,1321,106
1,375,895.0617110799438,1262.133239831697,713,140
1,399,950.6567607726597,1135.998514115899,673,115
1,403,960.8377483443709,1106.6763245033112,1208,138
1,219,536.2563758389261,447.89395973154365,745,258
1,422,1021.6492007104796,633.5861456483126,1126,379
1,421,1021.6617801047121,484.47329842931936,955,119
1,420,1006.5096852300242,1278.1719128329298,826,122
1,419,999.8698224852071,994.0488165680473,676,121
1,418,998.8765957446808,250.8099290780142,705,123
1,417,996.7604166666666,1178.90625,1248,124
1,416,984.0089955022489,717.8695652173913,667,126
1,415,988.4494485294117,815.4365808823529,1088,125
1,402,955.2383638928068,840.9774330042313,709,118
1,414,986.4414414414415,176.86036036036037,1110,127
1,412,979.5973333333334,1032.3786666666667,750,139
1,411,978.4901703800787,913.8977719528178,763,132
1,410,980.1724867724868,227.76931216931217,945,131
1,409,982.3143759873618,32.2519747235387,1266,133
1,408,978.0765832106039,63.46244477172312,679,130
1,407,977.4706881903144,393.5590484282073,1177,134
1,406,971.9445454545455,104.97727272727273,1100,135
1,405,958.73828125,1248.34765625,512,137
1,404,958.7901023890785,1223.1433447098975,586,136
1,413,982.7473806752038,1358.5029103608847,859,129
1,374,886.2093567251462,535.2900584795321,855,142
1,373,881.6630901287554,1238.3755364806866,466,168
1,372,887.3974241030359,1069.609935602576,1087,167
1,342,813.2449355432781,622.1491712707183,1086,145
1,341,808.9241622574956,366.10758377425043,567,146
1,340,810.8997747747748,1184.168918918919,888,147
1,339,808.5982783357246,1123.558106169297,697,148
1,338,809.0757396449704,24.067455621301775,845,149
1,337,805.6254980079681,329.5285524568393,753,150
1,336,805.2248628884827,298.1654478976234,1094,151
1,335,799.7445721583653,1151.4763729246488,783,153
1,334,797.0457604306864,835.3472409152087,743,154
1,343,813.3591065292096,391.84192439862545,582,144
1,333,801.1247906197655,994.212730318258,1194,163
1,331,789.755258126195,576.5239005736138,523,155
1,330,784.339430894309,1244.9552845528456,984,157
1,329,771.214990138067,564.2583826429981,507,158
1,328,773.6390243902439,246.95731707317074,820,160
1,327,769.9170653907496,628.7527910685806,627,159
1,326,772.7461685823755,140.27586206896552,1044,162
1,325,769.3949367088608,703.7974683544304,790,161
1,324,768.1818181818181,401.84615384615387,1001,164
1,323,764.6050670640834,1113.1326378539493,671,95
1,332,792.3943990665111,646.9638273045507,857,156
1,345,819.3328550932569,210.78909612625537,697,143
1,346,821.5063492063492,835.9063492063492,630,152
1,347,824.9323116219668,1318.8633461047255,783,165
1,371,887.0137795275591,912.3494094488188,1016,141
1,370,880.6344238975818,818.0298719772404,703,169
1,369,876.3262879788639,578.5099075297226,757,170
1,368,870.4278922345484,885.9524564183835,631,380
1,367,869.770955165692,844.925925925926,1026,171
1,366,870.6017897091723,296.22595078299776,894,172
1,365,869.3839854413103,329.50864422202,1099,174
1,364,862.2634615384616,1229.9634615384616,520,177
1,363,864.4158415841584,717.2920792079208,606,173
1,361,861.0697445972495,1260.9528487229863,1018,187
1,359,867.7230142566192,1297.4670739986423,1473,175
1,358,852.2834394904459,922.484076433121,942,180
1,357,849.0426309378806,42.660170523751525,821,179
1,356,847.9162436548223,161.88071065989848,788,182
1,355,842.3177215189874,895.520253164557,790,181
1,354,841.0987654320987,849.9382716049382,648,183
1,353,837.2365887207703,709.9601100412655,727,184
1,352,836.6793066088841,1124.053087757313,923,185
1,351,838.324480369515,190.39030023094688,866,186
1,349,832.06125,441.225,800,176
1,348,829.2846385542168,1287.144578313253,664,166
1,321,762.2520891364902,317.88022284122565,718,189
1,218,536.6014271151886,732.4913353720693,981,188
1,113,267.0404777704048,806.5242203052422,1507,286
1,216,527.803007518797,814.5007518796992,665,333
1,82,199.84585592563903,891.7219209914795,1291,192
1,81,195.16611295681062,1235.3665559246954,903,194
1,80,192.4244966442953,417.83557046979865,596,384
1,79,192.6264367816092,37.679597701149426,696,195
1,77,193.55927051671733,1063.1033434650456,987,196
1,76,192.38573508005823,444.66957787481806,687,383
1,75,191.25,141.93172268907563,952,197
1,74,188.33823529411765,1154.7272727272727,748,382
1,73,194.3215599705666,105.86607799852833,1359,198
1,83,198.64588528678306,973.9434746467166,1203,193
1,72,184.0756172839506,1180.3842592592594,648,201
1,70,179.9699421965318,775.4543352601156,865,211
1,69,181.70665322580646,561.8427419354839,992,203
1,68,177.42265529841657,932.1741778319123,821,202
1,67,178.20250284414107,686.3663253697383,879,204
1,66,172.03794642857142,430.1205357142857,448,205
1,65,169.94951923076923,1109.0745192307693,832,207
1,64,168.62837045720985,657.1735052754982,853,206
1,63,165.20568927789935,853.5568927789934,914,208
1,61,150.00103950103951,823.9095634095634,962,209
1,71,186.03211517165005,593.6832779623477,903,199
1,60,143.248,783.8048,625,210
1,84,202.29965947786607,251.77298524404085,881,200
1,86,206.08846761453395,1194.6729857819905,633,213
1,106,239.20838323353294,1289.3233532934132,835,219
1,105,237.76661951909477,454.75813295615274,707,221
1,104,234.7125340599455,875.9441416893733,734,223
1,103,233.4099290780142,806.022695035461,705,220
1,102,236.0663594470046,1187.7926267281107,1085,222
1,100,228.82251082251082,843.7380952380952,462,387
1,99,224.9568261376896,403.9719953325554,857,235
1,98,222.33497536945814,126.2179802955665,812,226
1,85,201.89156626506025,797.3560910307898,747,191
1,97,223.18980169971672,728.38149197356,1059,228
1,95,214.94472361809045,828.926298157454,597,227
1,94,218.19144602851324,597.4562118126273,982,230
1,93,218.52748414376322,50.53276955602537,946,229
1,92,212.56062992125985,1307.5149606299212,635,231
1,91,213.54320987654322,1166.329218106996,729,233
1,90,213.1148007590133,657.3709677419355,1054,232
1,89,208.48433048433048,1280.8917378917379,702,224
1,88,210.74641675854465,377.3715545755237,907,214
1,87,207.53591954022988,770.5,696,234
1,96,219.13476070528966,434.2178841309824,794,225
1,107,246.07785467128028,1154.4463667820069,1156,218
1,59,145.36194690265486,710.7672566371681,1130,285
1,57,137.7355460385439,153.2066381156317,934,237
1,30,76.45168539325843,1078.5831460674158,890,261
1,29,69.74746687451287,1328.2805923616525,1283,240
1,28,63.55327468230694,687.4242424242424,1023,248
1,27,61.13561190738699,638.7320837927233,907,239
1,26,55.71371504660453,151.6804260985353,751,244
1,25,61.779843444227005,869.0968688845401,1022,241
1,24,61.58963815789474,802.2220394736842,1216,242
1,23,54.68674698795181,355.3601070950468,747,243
1,22,56.94337811900192,387.14395393474086,1042,246
1,31,97.73070175438596,398.780701754386,1140,272
1,21,46.10559796437659,894.5419847328244,786,249
1,19,37.65263157894737,853.7473684210527,665,250
1,17,32.83844011142061,1251.8133704735376,718,252
1,16,30.917001338688085,1098.4993306559572,747,253
1,15,29.349887133182843,1069.6297968397291,886,255
1,14,24.705278592375368,744.0689149560118,682,254
1,13,26.334767641996557,1037.620481927711,1162,256
1,217,535.7198996655518,105.93561872909699,1196,190
1,20,46.23050458715596,195.68119266055047,872,259
1,58,143.13419913419912,1360.7987012987012,924,212
1,32,99.04847645429363,748.9411357340721,1444,262
1,34,102.47491638795987,1096.0858416945373,897,281
1,56,138.60424564063683,1283.625473843821,1319,260
1,55,135.62884615384615,434.03846153846155,1040,263
1,53,134.72485207100593,185.3353057199211,1014,264
1,52,135.93391719745222,1105.0652866242037,1256,238
1,51,129.48084544253632,1071.7833553500661,757,265
1,50,126.59606986899563,800.8668122270742,458,266
1,49,126.18729096989966,115.99665551839465,897,268
1,48,126.44973070017953,922.7773788150807,1114,269
1,47,123.6728624535316,856.7100371747212,1076,270
1,33,101.463645943098,644.9388830347734,949,282
1,46,120.54893617021277,824.9602836879433,705,271
1,42,112.80851063829788,601.1783960720131,611,283
1,41,110.43145743145743,145.46031746031747,693,275
1,40,112.89210233592881,670.5094549499444,899,274
1,39,107.86515353805073,946.6675567423231,749,277
1,38,110.14682539682539,704.1166666666667,1260,278
1,37,106.03533568904594,1139.6513545347468,849,276
1,36,102.83198707592892,578.6930533117932,619,279
1,35,105.92916283348666,549.7470101195952,1087,280
1,45,121.26267748478702,478.60649087221094,986,273
1,108,256.18921032056295,769.8749022673964,1279,216
1,215,525.9229024943311,628.0079365079365,882,311
1,188,473.3052064631957,1187.1220825852783,1114,288
1,187,469.78973105134475,186.4229828850856,818,290
1,186,467.8845553822153,143.804992199688,641,289
1,185,468.43466172381835,1328.9490268767377,1079,291
1,184,459.99636363636364,1251.9454545454546,825,292
1,183,456.45315682281057,1219.1568228105907,982,293
1,181,453.77387387387387,1102.1594594594594,1110,294
1,179,439.13145082765334,342.5666991236611,1027,297
1,109,249.80054274084125,845.5020352781547,737,217
1,178,433.7174515235457,181.42936288088643,722,307
1,176,434.55775577557756,756.080308030803,909,299
1,175,434.360349127182,216.03865336658353,802,300
1,174,430.08061224489796,901.8285714285714,980,301
1,172,424.29928057553957,429.38273381294965,695,303
1,171,433.25646923519264,964.728004600345,1739,302
1,170,412.929203539823,454.4845132743363,452,304
1,168,414.5482093663912,1336.4242424242425,1089,305
1,167,400.20588235294116,472.7142857142857,476,306
1,177,434.30130293159607,119.74267100977198,614,298
1,166,405.6493799323563,840.7452085682074,887,332
1,190,474.23515715948776,662.4214202561118,859,287
1,192,484.5476618705036,748.8264388489208,1112,330
1,214,528.6522423288749,186.55153422501968,1271,313
1,213,524.8333333333334,386.1543624161074,894,312
1,212,523.5634146341464,1287.698780487805,820,314
1,211,520.5875634517766,480.3895939086294,788,315
1,209,512.6406820950061,905.2070645554202,821,316
1,208,513.3360160965794,1002.020120724346,994,317
1,207,515.4047772756617,550.5700451904454,1549,318
1,206,507.52050113895217,1239.117312072893,878,319
1,191,472.8833333333333,120.62708333333333,480,309
1,204,503.35573122529644,704.5474308300395,506,322
1,202,501.8011627906977,1071.7476744186047,860,324
1,201,505.35771632471005,650.9018733273863,1121,323
1,199,498.26370757180155,171.0939947780679,766,327
1,198,493.25,145.61091549295776,568,328
1,197,495.9006211180124,682.5366459627329,805,325
1,195,485.73574561403507,54.63925438596491,912,329
1,194,483.88631790744466,571.8531187122736,994,310
1,193,483.26763485477176,432.3558091286307,964,320
1,203,504.3304178814383,1308.901846452867,1029,331
1,165,403.0220913107511,1181.159793814433,1358,308
1,189,475.17545748116254,253.84284176533907,929,296
1,163,395.00379266750946,1125.1175726927938,791,359
1,136,330.3537360890302,1283.1446740858505,1258,356
1,135,323.50130890052355,396.60732984293196,764,336
1,134,316.70318021201416,45.1643109540636,566,337
1,133,314.64686468646863,160.08250825082507,606,338
1,132,315.24198250728864,909.1875607385812,1029,339
1,130,302.3956043956044,1013.7211538461538,728,341
1,129,305.15732546706,354.64306784660766,1017,340
1,128,299.2485549132948,1361.4971098265896,692,334
1,126,297.84285714285716,773.1955357142857,1120,344
1,137,326.07788161993767,759.1651090342679,642,335
1,125,294.9195278969957,505.07403433476395,932,345
1,123,283.38488576449913,111.41827768014059,569,347
1,120,282.80963130173063,448.90820165537997,1329,348
1,119,279.34755332496866,85.13299874529486,797,349
1,118,272.2223634053367,970.0533672172808,787,351
1,117,261.47603833865816,1180.7987220447285,313,352
1,116,267.1864406779661,493.6779661016949,826,353
1,115,268.8845401174168,1223.335616438356,1022,284
1,164,394.9099236641221,315.7480916030534,655,342
1,124,293.34859154929575,1189.6804577464789,1136,346
1,138,337.9894117647059,123.24705882352941,1700,364
1,127,292.8768115942029,1045.074879227053,414,343
1,140,332.7768691588785,597.1799065420561,856,355
1,139,324.36224489795916,1106.4617346938776,392,354
1,161,397.4672340425532,147.15063829787235,1175,358
1,160,397.5279866332498,1230.9615705931496,1197,360
1,159,392.4315004659832,783.9990680335508,1073,362
1,158,387.6052401746725,1287.3432314410481,1145,363
1,156,376.58575197889184,39.71899736147757,758,368
1,155,369.2,146.06043165467625,695,365
1,154,367.93990755007707,230.89368258859784,649,367
1,153,365.6929347826087,310.51721014492756,1104,366
1,152,366.88058151609556,750.3873312564901,963,370
1,162,394.8672316384181,814.382768361582,708,361
1,150,355.75629496402877,720.3354316546763,1112,377
1,151,355.094944512947,73.27373612823675,811,369
1,142,336.052688172043,1354.0870967741935,930,374
1,143,341.1744966442953,169.49217002237137,894,375
1,144,342.5332708528585,1075.468603561387,1067,372
1,141,331.5996240601504,1127.7424812030076,532,357
1,147,350.0019417475728,786.0595469255663,1545,378
1,148,346.0865633074935,223.19250645994833,774,390
1,149,348.9003931847969,1105.211009174312,763,376
1,146,343.35863095238096,196.1532738095238,672,371
2,283,657.8498122653317,873.2215269086358,799,10
2,289,673.8002207505518,439.25165562913907,906,7
2,288,667.023598820059,334.44985250737466,678,5
2,286,667.9473684210526,1344.4469067405355,1083,6
2,285,668.5514075887393,983.107711138311,1634,8
2,290,674.5473204104903,253.34435575826683,877,3
2,284,660.8982102908277,616.3288590604027,894,9
2,282,656.9163306451613,912.3407258064516,992,11
2,276,652.1326829268293,176.65073170731708,1025,16
2,279,652.492027334852,1201.611617312073,878,12
2,278,652.3398773006135,207.1239263803681,815,13
2,277,653.7770326906957,1280.0645431684827,1193,15
2,275,651.0540540540541,1108.8003487358326,1147,17
2,274,646.0572987721691,848.2892223738063,733,18
2,272,639.9179548156956,254.0808561236623,841,72
2,271,644.1406995230525,1233.5286168521463,1258,19
2,270,637.9311740890688,735.2844129554655,988,33
2,291,675.4069529652352,709.2474437627811,978,2
2,280,652.2839160839161,147.53986013986014,715,14
2,292,676.464935064935,224.01818181818183,770,20
2,318,758.8335015136227,833.1130171543895,991,69
2,294,684.7954743255004,84.09486510008703,1149,21
2,317,756.1803084223013,1166.5753262158955,843,24
2,316,758.6175017642908,57.12702893436838,1417,25
2,315,744.9731343283582,718.8537313432836,670,27
2,314,740.2302158273382,692.3597122302158,695,28
2,313,741.4838350055742,268.4983277591973,897,29
2,312,737.4193939393939,1144.6715151515152,825,30
2,309,729.0654545454546,842.4993939393939,825,32
2,308,731.2980769230769,662.8351648351648,728,34
2,307,728.3525862068966,631.5525862068965,1160,44
2,293,674.5463414634146,55.791869918699184,615,1
2,306,712.7221458046768,607.5900962861073,727,36
2,304,710.7287671232876,1222.3534246575343,730,38
2,303,712.744920993228,687.1591422121896,886,35
2,302,710.047131147541,1065.75,976,39
2,301,704.3363844393592,1108.1475972540045,874,40
2,300,702.988864142539,209.9944320712695,898,41
2,299,695.1480406386066,666.2830188679245,689,42
2,298,695.9814814814815,388.4938271604938,810,43
2,296,685.7023622047244,183.09133858267717,635,23
2,295,685.4630350194552,1085.431906614786,771,22
2,305,711.8261494252873,181.63793103448276,696,37
2,269,635.7358674463937,1315.6666666666667,1026,46
2,222,536.5506937033084,358.9797225186766,937,93
2,267,632.611320754717,821.5,1060,47
2,241,585.5833333333334,1098.554487179487,936,51
2,240,578.636926889715,327.2156133828996,807,53
2,239,580.7876895628903,1346.6628010704728,1121,52
2,238,582.0343007915567,768.2638522427441,1137,54
2,237,571.1103526734926,1314.560864618885,879,55
2,236,567.644251626898,1145.6540130151843,922,56
2,235,568.464904284412,707.9690063810392,1097,58
2,234,563.3727477477478,966.6418918918919,888,68
2,233,562.0700636942676,745.218152866242,628,59
2,242,592.5845845845846,893.2002002002002,999,50
2,232,563.5111856823266,566.8378076062639,894,60
2,230,553.5649935649935,385.6216216216216,777,63
2,229,555.7706645056726,1083.7009724473257,1234,62
2,228,550.060606060606,771.0813397129186,627,64
2,227,547.5951492537314,479.5205223880597,536,389
2,226,551.953834115806,77.85133020344288,1278,65
2,225,546.7215777262181,1221.0313225058005,862,66
2,224,549.1435523114355,1023.7250608272506,1233,67
2,223,536.1545293072824,790.2611012433392,563,381
2,319,762.3479188900747,866.3927427961579,937,26
2,231,556.0649942987458,918.1744583808438,877,61
2,268,634.2297476759628,355.95086321381143,753,45
2,243,590.7897574123989,975.4595687331537,742,49
2,245,593.3468057366363,1242.392438070404,767,57
2,266,630.3608124253285,77.23536439665472,837,74
2,265,633.638198757764,1064.6987577639752,1288,73
2,264,628.6710875331565,481.5349248452697,1131,75
2,263,624.3944672131148,554.6854508196722,976,77
2,262,622.7048406139315,219.22668240850058,847,79
2,261,619.947004608295,1096.688940092166,868,76
2,260,621.9416846652268,880.9719222462203,926,78
2,259,617.1182795698925,621.052688172043,930,92
2,258,614.0880230880231,1211.8398268398269,693,82
2,244,593.5159010600706,545.1083627797409,849,48
2,257,615.2055837563452,375.7994923857868,788,84
2,255,613.7641975308642,717.5802469135803,810,83
2,254,612.2198675496688,1003.2132450331126,755,86
2,253,611.2578313253013,247.89879518072289,830,89
2,252,609.0216684723727,328.9631635969664,923,87
2,251,608.1399787910923,1031.8907741251326,943,91
2,250,606.6483279395901,173.58468176914778,927,90
2,249,602.3001049317943,1314.0472193074502,953,81
2,248,605.268156424581,1154.0428305400374,1074,71
2,246,600.5164974619289,1183.9467005076142,788,70
2,256,617.4144789180589,1347.175815433572,1257,85
2,320,761.3252427184466,319.55703883495147,824,189
2,371,884.7370838117107,536.828932261768,871,142
2,322,763.4531886024423,1115.85210312076,737,95
2,394,942.5065176908753,623.2411545623836,1074,96
2,393,940.232633279483,1292.4491114701132,1238,97
2,392,937.844470046083,810.8571428571429,868,98
2,391,936.3470319634703,464.2739726027397,876,99
2,390,934.4319727891157,517.6122448979592,882,100
2,389,932.5890410958904,1338.623287671233,876,101
2,388,932.7647754137116,548.0283687943263,846,102
2,387,936.5295794725588,265.29579472558805,1403,103
2,386,925.4779319041614,356.05548549810845,793,104
2,385,924.8625,107.17132352941177,1360,106
2,383,921.1772853185596,775.0457063711912,722,105
2,382,917.0976377952755,1315.4031496062992,635,107
2,381,917.2011111111111,1228.6377777777777,900,108
2,380,913.8084677419355,1033.0917338709678,992,109
2,379,907.123523093448,836.9559613319012,931,111
2,378,903.3769716088328,1338.55047318612,634,110
2,377,902.6220779220779,327.4064935064935,770,112
2,376,902.8816254416961,565.2332155477031,1132,113
2,375,898.3016627078384,233.87173396674584,842,114
2,395,948.515503875969,1138.0439276485788,774,115
2,396,950.8584428715875,77.07684529828109,989,116
2,397,948.9787878787879,709.3242424242425,660,117
2,398,954.5048309178744,842.1545893719807,828,118
2,421,1020.8872180451128,179.24310776942355,798,120
2,420,1021.2855567805954,486.2800441014333,907,119
2,417,1005.0288888888889,1280.2666666666667,900,122
2,416,998.2289972899729,996.1693766937669,738,121
2,415,998.0501835985312,251.94124847001223,817,123
2,414,994.788416988417,1180.0162162162162,1295,124
2,413,986.9005424954792,816.9810126582279,1106,125
2,412,985.9965487489214,178.67040552200172,1159,127
2,411,982.3096774193548,719.9858064516129,775,126
2,374,897.7425837320574,870.6267942583733,1045,128
2,410,980.508398656215,1359.1153415453527,893,129
2,408,978.6853252647504,66.3071104387292,661,130
2,407,978.5689655172414,228.07707910750509,986,131
2,406,976.6971830985915,915.1103286384977,852,132
2,405,980.9471726190476,33.41220238095238,1344,133
2,404,976.4208298052498,395.0592718035563,1181,134
2,403,970.9025811823481,105.90341382181515,1201,135
2,402,957.4011379800853,1224.1379800853485,703,136
2,401,956.7906295754026,1250.9765739385066,683,137
2,399,959.2867707477403,1107.786359901397,1217,138
2,409,977.6493688639551,1035.1150070126228,713,139
2,373,894.6601466992665,1263.7017114914424,818,140
2,372,886.0687432867884,912.656283566058,931,141
2,370,881.0148698884758,1239.3884758364313,538,168
2,342,811.1105527638191,394.0469011725293,597,144
2,341,812.5489323843416,622.8060498220641,1124,145
2,340,807.7096774193549,368.10483870967744,620,146
2,339,809.2280887011616,1185.2935586061246,947,147
2,338,806.5105263157894,1124.6092105263158,760,148
2,337,806.0709987966305,21.27797833935018,831,149
2,336,804.8615384615384,332.1,780,150
2,335,801.1799591002045,301.5204498977505,978,151
2,334,798.1601830663616,1153.3226544622426,874,153
2,344,817.4227086183311,213.03556771545828,731,143
2,333,800.356846473029,995.7676348547718,1205,163
2,331,790.5116279069767,579.2691029900333,602,155
2,330,791.8335112059765,648.2465314834578,937,156
2,329,782.4107327141382,1246.8348813209495,969,157
2,328,769.7652733118971,565.3054662379421,622,158
2,327,771.4491620111731,249.14078212290502,895,160
2,326,768.2316384180791,629.8757062146892,708,159
2,325,769.3986013986014,704.004662004662,858,161
2,324,770.819534883721,141.41581395348837,1075,162
2,323,769.2128851540616,401.85994397759106,1071,164
2,332,794.5081300813008,832.3238482384824,738,154
2,321,762.3254786450663,1088.8144329896907,679,94
2,345,820.2033462033462,837.1505791505791,777,152
2,347,830.8994152046783,443.3824561403509,855,176
2,369,886.08719851577,1071.7439703153989,1078,167
2,368,878.7386759581882,819.6678281068525,861,169
2,367,874.3165887850467,578.9672897196261,856,170
2,366,868.2484375,888.984375,640,380
2,365,870.8060046189377,849.931870669746,866,171
2,364,869.0806282722513,297.5801047120419,955,172
2,363,867.9920494699646,331.41519434628975,1132,174
2,362,859.9783693843594,1233.1846921797005,601,177
2,361,862.4046052631579,719.7861842105264,608,173
2,346,824.1467532467533,1318.4675324675325,770,165
2,360,860.1663244353183,1264.6632443531828,974,187
2,356,848.2995991983968,922.7685370741483,998,180
2,355,846.6913580246913,163.21997755331088,891,182
2,354,843.1542111506525,43.3226571767497,843,179
2,353,841.2257181942545,894.9958960328318,731,181
2,352,838.9264705882352,852.9522058823529,544,183
2,351,836.2101063829788,711.1968085106383,752,184
2,350,837.8417582417583,193.0978021978022,910,186
2,349,835.8245614035088,1125.435500515996,969,185
2,348,829.5649171270718,1289.3024861878453,724,166
2,357,868.4913071474565,1300.2305215711526,1553,175
2,221,535.6775745909529,733.4764196342637,1039,188
2,311,739.4988644965935,1357.3414080242242,1321,31
2,219,534.1138819617622,108.87198669991687,1203,190
2,83,191.91832229580575,417.7505518763797,453,384
2,82,197.46241830065358,974.9191176470588,1224,193
2,81,198.2015325670498,892.7141762452108,1305,192
2,80,193.1346153846154,1236.837044534413,988,194
2,79,190.46650124069478,38.635235732009924,806,195
2,78,187.16424116424116,1155.6735966735966,481,382
2,77,190.9891304347826,444.780193236715,828,383
2,75,189.65732087227414,1066.0134994807893,963,196
2,74,192.653531598513,106.35687732342008,1345,198
2,73,188.943961352657,143.4,1035,197
2,72,184.48692810457516,595.0675381263617,918,199
2,71,181.41168658698538,1180.3014608233732,753,201
2,70,179.45071982281286,775.609080841639,903,211
2,69,180.5281954887218,563.3890977443609,1064,203
2,68,176.44860943168078,933.9141475211608,827,202
2,67,176.14450261780104,688.2261780104712,955,204
2,66,168.95206611570248,429.3785123966942,605,205
2,65,166.02005012531328,1111.5025062656641,798,207
2,64,166.73781902552204,658.953596287703,862,206
2,85,200.2194848824188,797.3045912653976,893,191
2,86,201.81369587109768,254.71097683786505,993,200
2,87,203.85714285714286,1196.1388518024032,749,213
2,88,208.39244491080797,378.5876180482686,953,214
2,110,254.54790419161677,771.7185628742515,1336,216
2,109,248.623006833713,846.8564920273349,878,217
2,108,244.53030303030303,1155.644385026738,1122,218
2,106,236.9836956521739,1293.0663043478262,920,219
2,105,236.48,455.8909090909091,825,221
2,103,233.0791962174941,876.5094562647754,846,223
2,102,233.1892247043364,807.599211563732,761,220
2,101,234.2190909090909,1188.7472727272727,1100,222
2,100,224.67281553398058,405.2485436893204,1030,235
2,63,163.5772357723577,857.3567073170732,984,208
2,99,221.29589632829374,127.39956803455723,926,226
2,97,217.1284289276808,435.6172069825436,802,225
2,96,215.76333789329686,831.6429548563611,731,227
2,95,216.92233009708738,599.8766990291263,1030,230
2,94,217.46708463949844,52.569487983281086,957,229
2,93,209.55868544600938,1310.3521126760563,639,231
2,92,212.80663507109006,659.5099526066351,1055,232
2,91,210.27830832196452,1166.9004092769442,733,233
2,90,208.59216965742252,768.7406199021207,613,234
2,89,206.93548387096774,1282.1488833746898,806,224
2,98,221.05598455598457,727.9749034749035,1036,228
2,61,149.87459807073955,825.8617363344051,933,209
2,60,142.4908536585366,782.9298780487804,656,210
2,59,144.65944540727904,711.3518197573657,1154,285
2,33,98.61889927310489,644.3208722741433,963,282
2,32,96.28090832632465,749.7165685449958,1189,262
2,31,96.02590673575129,400.33765112262523,1158,272
2,30,73.94257854821235,1080.2957746478874,923,261
2,29,67.75107604017217,1329.5724533715925,1394,240
2,28,61.53877139979859,689.4974823766364,993,248
2,27,60.484042553191486,639.968085106383,940,239
2,26,62.19827586206897,870.397509578544,1044,241
2,25,59.774916943521596,804.2450166112957,1204,242
2,34,100.90974358974358,1097.1948717948717,975,281
2,24,54.51719901719902,153.68304668304668,814,244
2,22,52.970052083333336,357.1380208333333,768,243
2,21,54.4906500445236,388.6215494211932,1123,246
2,20,45.382785956964895,896.5911664779162,883,249
2,19,45.81161007667032,197.7842278203724,913,259
2,18,35.50859598853868,857.6174785100286,698,250
2,17,31.595959595959595,1253.280303030303,792,252
2,16,29.954767726161368,1100.5647921760392,818,253
2,15,24.996870109546165,748.0892018779343,639,254
2,13,24.42652027027027,1038.727195945946,1184,256
2,23,54.591787439613526,117.84782608695652,828,245
2,112,252.3125,316.93375,800,215
2,35,104.4104609929078,551.5602836879433,1128,280
2,37,108.61098398169337,704.6910755148741,1311,278
2,58,141.95346432264736,1362.714581178904,967,212
2,57,137.08863399374349,154.56934306569343,959,237
2,56,137.5,1284.9880059970014,1334,260
2,55,135.08370044052865,435.50748898678415,1135,263
2,53,133.93178036605659,1107.928452579035,1202,238
2,52,133.2255358807083,187.44641192917055,1073,264
2,51,127.81761786600497,1074.5806451612902,806,265
2,50,124.76182707993475,799.2756933115824,613,266
2,49,128.34648105181748,28.039443155452435,1293,267
2,36,99.77181208053692,581.0654362416108,596,279
2,48,124.46585117227319,117.69826707441386,981,268
2,46,122.40575916230367,858.6143106457242,1146,270
2,45,119.52725118483413,825.4976303317535,844,271
2,44,120.04582484725051,480.4470468431772,982,273
2,42,111.5303867403315,603.5897790055249,724,283
2,41,111.76882845188284,670.1935146443515,956,274
2,40,108.60049321824907,147.23921085080147,811,275
2,39,106.19047619047619,947.7317073170732,861,277
2,38,106.24193548387096,1140.3349875930521,806,276
2,47,125.1510989010989,923.8836996336996,1092,269
2,113,256.9424280350438,239.57196495619525,799,236
2,14,28.388222464558343,1070.3871319520174,917,255
2,115,263.82139446036297,809.2425978987584,1047,286
2,192,473.140562248996,254.90361445783134,996,296
2,191,472.2456293706294,1187.5541958041958,1144,288
2,190,465.1732776617954,148.74321503131523,479,289
2,189,467.68454935622316,186.9302575107296,932,290
2,188,466.7326106594399,1330.2836495031618,1107,291
2,187,458.7699530516432,1253.2347417840376,852,292
2,186,455.34922178988325,1220.1945525291828,1028,293
2,184,452.57471264367814,1103.4641909814325,1131,294
2,182,437.72106261859585,343.2846299810247,1054,297
2,181,433.1820359281437,184.62874251497007,835,307
2,180,433.58704453441294,121.43454790823212,741,298
2,179,433.1683615819209,217.33785310734464,885,300
2,178,432.8252326783868,758.1799379524302,967,299
2,176,431.31376975169303,964.5395033860045,1329,302
2,175,428.6008024072217,903.3480441323971,997,301
2,174,422.9284768211921,431.80397350993377,755,303
2,173,411.8264014466546,455.80108499095843,553,304
2,171,412.935125115848,1337.9249304911955,1079,305
2,114,265.6755027422303,1225.3857404021937,1094,284
2,194,472.21265141318975,123.39030955585464,743,309
2,195,482.1660447761194,750.4542910447761,1072,330
2,196,481.4891089108911,433.49207920792077,1010,320
2,218,528.0095011876484,815.4263657957245,842,333
2,217,525.737020316027,628.813769751693,886,311
2,216,523.0419426048566,388.41169977924943,906,312
2,215,526.703952274422,187.8173005219985,1341,313
2,214,521.8762376237623,1289.7772277227723,808,314
2,213,520.6406593406593,482.9197802197802,910,315
2,211,512.0856864654334,1004.2288218111003,1027,317
2,210,509.92446043165467,907.7494004796163,834,316
2,209,514.7404822335026,550.975888324873,1576,318
2,170,404.2075055187638,842.190949227373,906,332
2,208,506.1830209481808,1240.5865490628446,907,319
2,206,504.6138528138528,652.0969696969697,1155,323
2,205,501.83085250338297,704.4167794316644,739,322
2,204,500.68938547486033,1073.7195530726258,895,324
2,202,493.96494156928213,683.1585976627713,599,325
2,201,497.09699769053117,173.1905311778291,866,327
2,200,491.50693568726354,146.0126103404792,793,328
2,198,483.98056365403306,55.4198250728863,1029,329
2,197,481.7685714285714,572.3180952380952,1050,310
2,207,503.69924098671726,1311.7798861480076,1054,331
2,169,398.4584775086505,475.10034602076126,578,306
2,193,473.57128099173553,664.5578512396694,968,287
2,167,394.2986111111111,317.8152777777778,720,342
2,140,329.39656518345043,1285.191256830601,1281,356
2,139,324.3368902439024,759.2088414634146,656,335
2,138,323.5899632802938,399.60954712362303,817,336
2,137,314.4731343283582,45.92388059701493,670,337
2,136,315.7357926221336,912.7597208374875,1003,339
2,135,313.1895674300254,161.9300254452926,786,338
2,133,301.11636363636364,1015.7357575757576,825,341
2,132,303.1259328358209,354.57089552238807,1072,340
2,130,293.37216828478967,1046.2961165048544,618,343
2,141,321.82959641255604,1108.1031390134528,446,354
2,129,296.297629499561,773.4916593503073,1139,344
2,220,534.251179245283,449.82783018867923,848,258
2,127,292.2325581395349,1190.557245080501,1118,346
2,125,282.99002849002846,113.18518518518519,702,347
2,121,281.0788897005113,451.4419284149014,1369,348
2,120,276.2816091954023,85.99885057471265,870,349
2,119,271.76582278481015,975.526582278481,790,351
2,117,260.3974683544304,1183.8506329113925,395,352
2,168,401.7841155234657,1182.7458483754513,1385,308
2,116,265.739571589628,493.4227733934611,887,353
2,128,293.34331337325347,507.7145708582834,1002,345
2,142,337.3785343335257,123.57068667051357,1733,364
2,131,298.07712082262213,1363.672236503856,778,334
2,144,330.19385796545106,1129.320537428023,521,357
2,143,331.06193693693695,599.5540540540541,888,355
2,165,395.93908629441626,1231.5194585448392,1182,360
2,164,392.47748815165875,1127.244075829384,844,359
2,163,392.47542997542996,815.8968058968059,814,361
2,162,390.3235800344234,784.5585197934596,1162,362
2,161,385.73756432247,1288.5831903945111,1166,363
2,159,375.66309523809525,41.14404761904762,840,368
2,158,366.03120567375885,149.55460992907803,705,365
2,157,366.828499369483,231.66582597730138,793,367
2,156,366.1291390728477,752.7770419426049,906,370
2,166,396.02222222222224,147.9388888888889,1260,358
2,154,353.93036529680364,73.37328767123287,876,369
2,155,364.0645739910314,312.9865470852018,1115,366
2,146,340.15995260663504,198.14454976303318,844,371
2,147,341.3323863636364,1076.410037878788,1056,372
2,148,339.7658779576588,171.41843088418432,803,375
2,145,333.27978723404254,1356.1340425531914,940,374
2,151,342.4113372093023,226.84738372093022,688,390
2,152,348.04545454545456,1106.6022727272727,792,376
2,153,354.83692838654014,722.6548748921484,1159,377
2,150,344.66480446927375,784.3479648842778,1253,378
3,285,666.9227188081936,1345.1778398510241,1074,6
3,291,676.7391857506361,223.90076335877862,786,20
3,290,674.0607553366174,56.847290640394085,609,1
3,289,675.7120743034055,710.1279669762641,969,2
3,288,674.0533484676504,253.44154370034053,881,3
3,287,673.8138479001135,439.9375709421112,881,7
3,292,684.2344161545215,84.88235294117646,1139,21
3,286,666.2960235640649,335.06332842415316,679,5
3,284,668.2927429274292,983.7976629766298,1626,8
3,278,652.2850678733032,1201.997737556561,884,12
3,282,658.03125,615.2683189655172,928,9
3,281,656.607505070994,913.1419878296145,986,11
3,279,651.8896276595744,148.20478723404256,752,14
3,277,651.4710743801653,208.0236127508855,847,13
3,276,651.9512437810945,177.0955223880597,1005,16
3,275,653.3025404157044,1281.1662817551962,1299,15
3,274,650.5659388646288,1108.9711790393012,1145,17
3,273,645.7676630434783,849.4035326086956,736,18
3,293,685.0247395833334,1084.9921875,768,22
3,283,657.5651629072681,874.2305764411028,798,10
3,294,685.046511627907,183.76589147286822,645,23
3,319,761.2763320941759,320.3271375464684,807,189
3,297,694.4802919708029,667.4905109489051,685,42
3,318,761.4626068376068,866.8803418803419,936,26
3,317,758.5376128385155,833.5245737211635,997,69
3,316,755.8571428571429,1167.1010452961673,861,24
3,315,758.3563867325336,57.54057868736768,1417,25
3,313,744.919523099851,719.4858420268256,671,27
3,312,740.0912921348314,692.6460674157304,712,28
3,311,741.1279199110122,268.87875417130147,899,29
3,310,736.481308411215,1145.4415887850466,856,30
3,309,739.1733232856067,1357.7166541070083,1327,31
3,307,730.4212218649518,663.7684887459807,622,34
3,306,728.5230769230769,842.8414201183432,845,32
3,305,727.6782608695652,632.8452173913043,1150,44
3,304,712.4272237196766,608.4420485175202,742,36
3,303,711.6098226466576,182.0163710777626,733,37
3,302,710.8159268929504,1223.3903394255874,766,38
3,301,712.6329545454546,687.5806818181818,880,35
3,300,710.0171890798787,1066.5247724974722,989,39
3,299,703.58,210.3,900,41
3,298,701.1566125290024,1109.6276102088168,862,40
3,296,695.4436183395292,389.25898389095414,807,43
3,271,639.4444444444445,254.40740740740742,783,72
3,224,546.0388571428572,1222.289142857143,875,66
3,269,637.5919661733615,737.2632135306554,946,33
3,243,592.4669811320755,545.5165094339623,848,48
3,242,590.9985974754558,976.9060308555399,713,49
3,241,591.9528585757272,894.1935807422267,997,50
3,240,585.1261633919338,1098.9482936918305,967,51
3,239,578.2851851851852,327.5037037037037,810,53
3,238,579.8566142460685,1347.6151711378354,1081,52
3,237,581.4304347826087,768.9008695652174,1150,54
3,236,570.6455266138165,1315.7293318233296,883,55
3,235,567.152078774617,1146.2100656455143,914,56
3,234,568.2216014897579,708.4581005586592,1074,58
3,233,563.6965285554311,967.3840985442329,893,68
3,232,561.2581196581197,746.357264957265,585,59
3,231,563.3134831460674,567.4516853932585,890,60
3,230,555.6235697940504,918.8615560640732,874,61
3,228,553.0148331273177,385.45982694684795,809,63
3,227,554.7690417690418,1084.1981981981983,1221,62
3,226,548.7559198542805,772.1930783242259,549,64
3,225,551.8505836575875,78.6249027237354,1285,65
3,320,761.5659824046921,1089.6392961876834,682,94
3,244,593.170918367347,1243.2397959183672,784,57
3,245,600.5977443609023,1184.952380952381,798,70
3,247,604.7896713615023,1154.6967136150236,1065,71
3,248,601.832492431887,1314.6710393541878,991,81
3,268,635.7329490874159,1316.1508165225744,1041,46
3,267,633.9960264900662,357.12582781456956,755,45
3,266,632.1241706161137,822.4597156398104,1055,47
3,265,633.9467501957713,1065.2333594361785,1277,73
3,264,629.8203592814372,78.18922155688622,835,74
3,263,628.2148541114059,482.41644562334216,1131,75
3,262,623.4795383001049,555.3200419727177,953,77
3,261,620.0414634146341,1096.5731707317073,820,76
3,260,621.4215456674473,219.16276346604215,854,79
3,270,643.5360983102919,1234.2565284178188,1302,19
3,259,621.4508108108108,881.96,925,78
3,257,613.5997171145686,1212.6633663366338,707,82
3,256,614.1865853658536,718.6329268292683,820,83
3,255,615.7113513513514,620.7372972972973,925,92
3,254,616.603517186251,1347.7002398081536,1251,85
3,253,611.4090909090909,1004.6096256684492,748,86
3,252,611.3209134615385,248.22596153846155,832,89
3,251,608.6343612334801,329.761013215859,908,87
3,250,606.1718249733191,174.29455709711846,937,90
3,249,602.677380952381,1032.6511904761905,840,91
3,258,614.7640891218873,376.5937090432503,763,84
3,321,763.1813261163735,1116.3910690121786,739,95
3,372,885.3555555555556,913.7111111111111,900,141
3,323,769.5070688030161,402.10367577756836,1061,164
3,395,950.4128256513026,76.59619238476954,998,116
3,394,942.0260950605779,623.5200372786579,1073,96
3,393,937.3091954022989,811.5471264367816,870,98
3,392,939.6848739495798,1291.7915966386554,1190,97
3,391,935.5874285714285,464.8274285714286,875,99
3,390,934.085393258427,518.2213483146068,890,100
3,389,932.2020665901263,1338.8323765786452,871,101
3,388,932.5770609318996,548.5471923536439,837,102
3,387,936.0738060781476,265.89507959479016,1382,103
3,386,925.214195183777,356.89607097591886,789,104
3,385,921.6205211726384,775.0635179153095,614,105
3,384,924.6074349442379,107.99182156133828,1345,106
3,382,917.2341389728097,1315.1117824773414,662,107
3,381,916.8807134894091,1229.608695652174,897,108
3,380,913.3519441674975,1033.0697906281157,1003,109
3,379,903.1230283911672,1338.2271293375395,634,110
3,378,906.7155266015201,838.0043431053203,921,111
3,377,902.0223390275953,328.31668856767413,761,112
3,376,902.7907188353048,565.4404003639672,1099,113
3,396,948.3032994923858,1138.3997461928934,788,115
3,397,948.8853503184713,710.2468152866242,628,117
3,398,954.1254437869823,842.803550295858,845,118
3,399,958.9207011686143,1107.8747913188647,1198,138
3,223,549.0820215410108,1024.2535211267605,1207,67
3,420,1020.525,180.1125,800,120
3,419,1019.9154383242824,636.3956555469356,1289,379
3,417,1004.4633333333334,1281.1166666666666,900,122
3,416,997.7236842105264,997.172514619883,684,121
3,415,997.6853396901073,252.33969010727057,839,123
3,414,993.9227857683574,1180.9258137774414,1321,124
3,413,986.5737855178735,817.5352887259395,1091,125
3,412,981.46875,720.67578125,768,126
3,375,897.7122641509434,234.37617924528303,848,114
3,411,985.578947368421,179.4517543859649,1140,127
3,409,979.0,67.82098765432099,648,130
3,408,977.1664233576643,1036.0204379562044,685,139
3,407,978.025,227.987,1000,131
3,406,980.4239130434783,34.47608695652174,1380,133
3,405,976.1386025200458,916.0137457044674,873,132
3,404,975.9712837837837,395.64611486486484,1184,134
3,403,970.4290245836637,106.25138778747026,1261,135
3,402,956.64265129683,1251.3674351585014,694,137
3,401,956.6666666666666,1224.8195050946142,687,136
3,410,980.5536105032822,1359.2975929978118,914,129
3,322,769.5492700729927,141.6140510948905,1096,162
3,374,897.6699702675917,871.0802775024777,1009,128
3,371,885.7027281279398,1072.5634995296332,1063,167
3,344,816.8044077134987,213.98898071625345,726,143
3,342,810.6541737649063,394.57069846678024,587,144
3,341,812.4178272980502,623.0157845868152,1077,145
3,340,807.2993421052631,369.2368421052632,608,146
3,339,808.6839916839917,1185.8513513513512,962,147
3,338,806.013431013431,20.91941391941392,819,149
3,337,805.5385638297872,1125.094414893617,752,148
3,336,805.9033942558747,332.7832898172324,766,150
3,335,800.4715615305067,302.4467425025853,967,151
3,334,797.9012629161883,1154.0034443168772,871,153
3,333,800.1191666666666,996.0708333333333,1200,163
3,332,793.6244897959184,835.4435374149659,735,154
3,331,790.1825795644891,579.892797319933,597,155
3,330,791.7219873150106,648.8541226215644,946,156
3,329,782.4805327868852,1247.7592213114754,976,157
3,328,769.431279620853,566.0458135860979,633,158
3,326,770.9322033898305,249.93446327683617,885,160
3,325,767.6709401709402,630.8903133903134,702,159
3,324,769.2219598583235,704.4297520661157,847,161
3,345,820.1123456790124,838.0913580246913,810,152
3,346,825.3386454183267,1316.496679946879,753,165
3,347,830.6562860438293,443.8615916955017,867,176
3,348,832.8967065868263,1288.8083832335328,668,166
3,370,884.2292397660818,537.5590643274854,855,142
3,369,880.0878136200716,1240.7598566308243,558,168
3,368,878.4261744966443,820.430648769575,894,169
3,367,874.0372881355933,578.9627118644067,885,170
3,366,867.8165289256199,890.8314049586777,605,380
3,365,869.8957617411226,851.3287514318442,873,171
3,364,873.118735543562,1299.882035466461,1297,175
3,363,868.6348373557188,298.1878279118573,953,172
3,362,867.3688311688312,332.2987012987013,1155,174
3,373,892.5280487804878,1265.569512195122,820,140
3,361,861.8050420168067,720.5193277310924,595,173
3,359,859.0602409638554,1265.9795180722892,830,187
3,356,847.1367265469062,922.9900199600798,1002,180
3,355,842.8293838862559,894.47551342812,633,181
3,354,845.8344298245614,164.02521929824562,912,182
3,353,837.782,854.866,500,183
3,352,841.4479166666666,43.54976851851852,864,179
3,351,835.90560875513,711.9015047879617,731,184
3,350,838.2893923789908,195.3903192584964,971,186
3,349,835.2619289340101,1125.8243654822336,985,185
3,360,859.358552631579,1234.532894736842,608,177
3,222,535.5800970873786,791.1480582524272,412,381
3,421,1021.3435784851811,486.9385290889133,911,119
3,219,535.372003835091,734.3106423777565,1043,188
3,83,192.33014354066987,418.2822966507177,418,384
3,82,197.8513097072419,893.1463790446842,1298,192
3,81,197.06050695012266,976.0940310711366,1223,193
3,79,192.80336487907465,1237.6361724500525,951,194
3,78,190.7038895859473,445.237139272271,797,383
3,77,190.27306273062732,39.08856088560886,813,195
3,75,189.13575129533677,1066.661139896373,965,196
3,74,192.23784194528875,106.4354103343465,1316,198
3,73,188.64918970448045,143.74070543374643,1049,197
3,72,184.2,595.4768361581921,885,199
3,71,181.17758186397984,1179.3576826196474,794,201
3,70,178.9514348785872,776.2549668874173,906,211
3,69,180.1696014828545,564.3049119555144,1079,203
3,68,175.6809015421115,934.9062870699881,843,202
3,67,175.64499484004128,688.8988648090815,969,204
3,66,168.9232,429.7696,625,205
3,65,165.74282147315856,1111.7777777777778,801,207
3,64,166.70547147846332,659.4388824214202,859,206
3,63,164.67976424361493,857.87721021611,1018,208
3,85,199.9467391304348,797.304347826087,920,191
3,86,201.5132743362832,255.98131760078664,1017,200
3,87,203.39719029374203,1197.5772669220944,783,213
3,88,207.96030042918454,379.0214592274678,932,214
3,109,254.17743132887898,772.1796585003711,1347,216
3,108,247.66955579631636,847.7161430119177,923,217
3,107,245.86430423509074,1156.9507346586,1157,218
3,106,236.4061135371179,1294.3427947598254,916,219
3,104,235.99877750611248,456.6418092909535,818,221
3,103,233.0939510939511,808.4247104247104,777,220
3,102,234.2146160962072,1189.7789084181313,1081,222
3,101,232.29777256740914,877.1324736225088,853,223
3,100,225.10506208213945,405.3295128939828,1047,235
3,61,150.62126245847176,826.7098560354374,903,209
3,99,220.83333333333334,127.47983014861995,942,226
3,97,216.43430656934308,436.30535279805355,822,225
3,96,215.24191461836998,832.7619663648125,773,227
3,95,216.7107843137255,600.3813725490196,1020,230
3,94,217.26128016789087,53.49527806925499,953,229
3,93,212.92206572769953,660.5239436619719,1065,232
3,92,208.58213716108452,1310.9346092503988,627,231
3,91,208.50623885918003,768.9001782531194,561,234
3,90,210.12836970474967,1167.7740693196406,779,233
3,89,206.72816728167282,1282.8351783517835,813,224
3,98,220.3431279620853,728.6189573459716,1055,228
3,111,251.8271144278607,318.0982587064677,804,215
3,60,142.57305194805195,782.8538961038961,616,210
3,58,141.45717234262125,1363.125902992776,969,212
3,31,95.83788546255506,401.11189427312775,1135,272
3,30,73.77754010695188,1080.7636363636364,935,261
3,29,61.158953722334005,689.920523138833,994,248
3,28,62.359073359073356,870.1081081081081,1036,241
3,27,60.67732558139535,806.0445736434109,1032,242
3,26,60.34530095036959,640.9419218585006,947,239
3,25,66.79754601226993,1330.585548738923,1467,240
3,24,53.99129353233831,154.65422885572139,804,244
3,23,54.10552763819096,118.92336683417085,796,245
3,22,52.067567567567565,357.92432432432435,740,243
3,21,54.251773049645394,389.0886524822695,1128,246
3,20,44.78021978021978,896.6054945054946,910,249
3,19,45.16556291390729,198.9812362030905,906,259
3,18,34.43013698630137,858.7698630136987,730,250
3,17,31.36848792884371,1253.5184243964422,787,252
3,16,25.10600706713781,749.4876325088339,566,254
3,15,29.37245508982036,1101.4670658682635,835,253
3,14,28.597652081109924,1070.6830309498398,937,255
3,13,24.356842989084804,1038.4584382871537,1191,256
3,32,94.51219512195122,755.1585365853658,902,262
3,33,98.23933402705515,644.2091571279917,961,282
3,34,100.64928425357873,1098.0756646216769,978,281
3,35,104.07367475292004,552.0386343216531,1113,280
3,57,136.89087093389296,154.71668415529905,953,237
3,56,137.41519570222565,1285.4658480429778,1303,260
3,54,133.47146619841968,1108.1913959613696,1139,238
3,53,133.52115211521152,435.51755175517553,1111,263
3,52,132.74375578168363,187.73080481036078,1081,264
3,51,127.4652862362972,1075.020706455542,821,265
3,50,124.94495412844037,799.2048929663608,654,266
3,49,127.75438596491227,27.91144527986633,1197,267
3,48,123.93898655635988,118.21509824198552,967,268
3,59,144.9008695652174,711.52,1150,285
3,47,124.92651162790698,924.4409302325581,1075,269
3,45,120.15192743764172,826.3015873015873,882,271
3,43,119.69989506820566,481.72402938090244,953,273
3,42,111.03163686382393,604.5048143053646,727,283
3,41,111.89834024896265,670.1410788381743,964,274
3,40,108.1078431372549,147.53676470588235,816,275
3,39,105.97525309336334,948.3048368953881,889,277
3,38,105.47921760391198,1141.7114914425429,818,276
3,37,108.24397590361446,705.0105421686746,1328,278
3,36,99.35820895522389,581.3507462686567,536,279
3,46,122.50896669513237,859.6592655849701,1171,270
3,112,257.2303664921466,241.2107329842932,764,236
3,220,536.1812297734627,357.90183387270764,927,93
3,114,263.43353783231083,810.1697341513293,978,286
3,192,471.41379310344826,123.9893899204244,754,309
3,191,472.7781217750258,255.56965944272446,969,296
3,190,465.40860215053766,150.95483870967743,465,289
3,189,472.1073646850044,1189.1588287488908,1127,288
3,188,466.71351351351353,187.2172972972973,925,290
3,187,466.7057245080501,1330.6815742397139,1118,291
3,186,458.49771167048056,1253.6235697940504,874,292
3,185,455.0315893385982,1220.5547877591314,1013,293
3,183,452.2422360248447,1104.1969831410825,1127,294
3,182,437.53007518796994,343.8796992481203,1064,297
3,181,433.0722891566265,121.62650602409639,747,298
3,180,432.6561360874848,186.03645200486028,823,307
3,179,432.1299376299376,758.9428274428275,962,299
3,178,432.34085778781036,218.0959367945824,886,300
3,176,431.19011406844106,965.8053231939164,1315,302
3,175,428.408040201005,903.8613065326633,995,301
3,174,422.18523489932886,432.61610738255035,745,303
3,173,410.9752650176678,456.1678445229682,566,304
3,171,412.77973977695166,1338.7936802973977,1076,305
3,194,480.885,434.396,1000,320
3,195,481.44038461538463,573.2711538461539,1040,310
3,196,481.48971596474047,751.4045053868756,1021,330
3,197,484.2743190661479,55.68774319066148,1028,329
3,113,266.26365348399247,1226.3239171374764,1062,284
3,218,534.0957943925233,450.06892523364485,856,258
3,217,533.4042553191489,109.26212765957447,1175,190
3,216,527.3485029940119,816.0802395209581,835,333
3,215,524.9592760180996,628.277149321267,884,311
3,214,527.1063515509601,189.39069423929098,1354,313
3,213,522.2868571428571,387.47542857142855,875,312
3,212,521.6188118811881,1290.450495049505,808,314
3,211,520.6542261251373,483.42810098792535,911,315
3,170,403.83731019522776,842.6073752711496,922,332
3,209,511.51084812623276,1004.9161735700197,1014,317
3,207,514.1408083441981,551.0880052151239,1534,318
3,206,505.53583241455345,1241.4035281146637,907,319
3,205,503.7221693625119,1312.488106565176,1051,331
3,204,504.2638146167558,652.0775401069519,1122,323
3,203,501.25613079019075,705.0068119891008,734,322
3,202,500.42325056433407,1074.2855530474042,886,324
3,201,493.08946322067595,684.272365805169,503,325
3,200,495.4604938271605,174.1888888888889,810,327
3,199,491.19401197604793,146.4251497005988,835,328
3,208,509.468788249694,908.3243574051407,817,316
3,169,397.4905982905983,476.03076923076924,585,306
3,193,473.6821392532795,664.9061553985873,991,287
3,167,393.5763888888889,318.7416666666667,720,342
3,140,321.7806451612903,1109.0129032258064,465,354
3,139,323.88375558867364,760.5663189269746,671,335
3,138,329.34789156626505,1286.3313253012047,1328,356
3,137,322.916354556804,400.61298377028714,801,336
3,136,314.2684365781711,45.998525073746315,678,337
3,135,315.8944773175542,913.7771203155819,1014,339
3,134,312.9462365591398,162.73954599761052,837,338
3,131,300.6482593037215,1016.3721488595438,833,341
3,130,298.8756476683938,1365.139896373057,772,334
3,129,293.3497615262321,1046.7901430842608,629,343
3,128,295.4360105913504,774.2383053839364,1133,344
3,127,293.030303030303,508.63535353535354,990,345
3,125,291.37906137184115,1191.4359205776173,1108,346
3,124,282.33473980309424,113.82981715893108,711,347
3,120,280.53806356245383,452.04656319290467,1353,348
3,119,275.40255220417635,86.70417633410673,862,349
3,118,270.56368221941995,975.8385876418663,793,351
3,116,261.2249443207127,1189.2783964365256,449,352
3,168,401.69308357348706,1183.2651296829972,1388,308
3,141,337.35410599883517,123.73907979033197,1717,364
3,142,337.9221052631579,198.77789473684211,950,371
3,132,303.897859922179,354.87548638132296,1028,340
3,144,329.95103578154425,1130.265536723164,531,357
3,166,395.8299758259468,148.6921837228042,1241,358
3,143,330.6538024971623,600.5051078320091,881,355
3,164,392.0985748218527,1127.9026128266032,842,359
3,163,391.90987654320986,816.5481481481481,810,361
3,161,389.86406926406926,785.4883116883117,1155,362
3,160,385.29772918418837,1289.196804037006,1189,363
3,158,375.4751773049645,41.657210401891255,846,368
3,157,366.2291666666667,232.01348039215685,816,367
3,156,365.5227586206897,150.75034482758622,725,365
3,155,365.37645687645687,753.455710955711,858,370
3,165,395.63829787234044,1231.9880851063829,1175,360
3,153,353.6041666666667,74.04398148148148,864,369
3,154,363.18552036199094,312.7457013574661,1105,366
3,145,333.3580375782881,1357.2045929018789,958,374
3,146,341.1536286522149,1076.9057492931197,1061,372
3,147,339.3667136812412,172.3088857545839,709,375
3,115,265.22183908045974,493.69885057471265,870,353
3,149,344.8505280259951,784.961819658814,1231,378
3,151,347.91326530612247,1106.9617346938776,784,376
3,152,354.606008583691,723.2111587982832,1165,377
3,148,334.85502958579883,54.976331360946745,338,373
4,285,666.007299270073,334.9124087591241,685,5
4,291,683.8787085514834,84.68150087260035,1146,21
4,290,676.3835443037975,223.49746835443037,790,20
4,289,673.9003322259136,56.62624584717608,602,1
4,288,674.9703172978506,710.1248720573183,977,2
4,292,684.9133757961783,1085.3031847133757,785,22
4,287,673.4290540540541,253.18355855855856,888,3
4,286,673.3819599109131,439.6436525612472,898,7
4,284,666.4921803127875,1345.069917203312,1087,6
4,278,652.5486033519553,1201.6413407821228,895,12
4,282,657.8046709129512,614.8556263269639,942,9
4,281,656.5762711864406,912.6251246261216,1003,11
4,280,655.3920099875156,874.7665418227216,801,10
4,277,651.510498687664,148.01312335958005,762,14
4,276,650.40625,208.3460648148148,864,13
4,275,651.4493177387915,177.0019493177388,1026,16
4,274,653.1320346320347,1280.874458874459,1386,15
4,293,684.5802469135803,183.52469135802468,648,23
4,283,667.6465517241379,983.4858374384237,1624,8
4,295,695.1734820322181,389.3345724907063,807,43
4,319,760.9668587896253,1089.5,694,94
4,297,703.3537787513691,210.07119386637459,913,41
4,273,650.3156544054748,1108.6364414029085,1169,17
4,318,760.4623786407767,320.70388349514565,824,189
4,317,761.2670157068063,866.9602094240838,955,26
4,316,755.3340935005701,1167.5724059293045,877,24
4,315,757.7413280475719,833.3795837462834,1009,69
4,314,758.2636363636364,57.217482517482516,1430,25
4,312,744.2412280701755,719.4181286549708,684,27
4,311,739.7416201117319,692.3310055865921,716,28
4,310,740.8611422172453,268.7502799552072,893,29
4,296,693.9927745664739,667.2803468208092,692,42
4,309,736.3757292882148,1145.2987164527422,857,30
4,306,729.9318936877077,664.046511627907,602,34
4,305,727.9236994219654,845.164161849711,865,32
4,304,727.2644770959378,632.8876404494382,1157,44
4,303,712.0857519788918,608.1160949868074,758,36
4,302,711.5,181.51462765957447,752,37
4,301,710.6048284625159,1223.7484116899618,787,38
4,300,711.955223880597,688.0424799081516,871,35
4,299,709.835685483871,1065.5655241935483,992,39
4,298,700.8089758342923,1110.355581127733,869,40
4,308,738.919557195572,1357.5180811808118,1355,31
4,271,645.0386666666667,849.28,750,18
4,224,550.9552123552123,78.67335907335908,1295,65
4,269,643.3615733736763,1234.2367624810893,1322,19
4,243,592.8993710691824,1243.2679245283018,795,57
4,242,591.3058659217877,976.6745810055866,716,49
4,241,592.0081967213115,545.2259953161592,854,48
4,240,591.1683266932271,893.9392430278884,1004,50
4,239,585.156923076923,1098.9148717948717,975,51
4,238,581.0998217468806,1346.48128342246,1122,52
4,237,577.7496917385944,327.24907521578297,811,53
4,236,580.9855442176871,768.75,1176,54
4,235,570.0,1314.7634763476347,909,55
4,234,566.470715835141,1146.3210412147505,922,56
4,233,567.8833792470156,708.0229568411387,1089,58
4,232,563.5412026726058,967.3106904231626,898,68
4,231,561.0505226480836,745.8118466898954,574,59
4,230,563.273132664437,567.3288740245262,897,60
4,229,555.1337078651685,918.6449438202247,890,61
4,227,552.7503045066992,384.92204628501827,821,63
4,226,554.5479674796748,1083.930081300813,1230,62
4,225,548.284965034965,771.486013986014,572,64
4,320,762.6702127659574,1116.4614361702127,752,95
4,244,604.3745353159851,1154.35780669145,1076,71
4,245,600.6169154228855,1184.8544776119404,804,70
4,247,601.6533466533466,1314.7202797202797,1001,81
4,248,606.3015021459228,1033.6984978540772,932,91
4,268,637.8052631578947,736.5094736842105,950,33
4,267,635.5660018993352,1315.6809116809118,1053,46
4,266,633.7723577235772,356.6138211382114,738,45
4,265,631.9745042492918,822.134088762984,1059,47
4,264,629.5325443786983,77.95266272189349,845,74
4,263,633.1766561514196,1064.93690851735,1268,73
4,262,627.8996569468268,482.1689536878216,1166,75
4,261,622.98125,555.3416666666667,960,77
4,260,619.5679314565483,1096.0403916768666,817,76
4,270,640.1186017478152,254.83520599250937,801,72
4,259,621.0704989154013,882.1681127982646,922,78
4,257,617.5116086235489,1347.6152570480929,1206,85
4,256,613.8672985781991,717.8518957345972,844,83
4,255,615.6239406779661,620.2658898305085,944,92
4,254,614.6636597938144,375.8105670103093,776,84
4,253,613.1866295264624,1212.7910863509749,718,82
4,252,611.5566265060241,249.13012048192772,830,89
4,251,610.7898259705489,1004.2034805890228,747,86
4,250,608.3373626373626,329.7758241758242,910,87
4,249,605.7909663865546,174.28046218487395,952,90
4,258,620.1624423963134,219.33179723502303,868,79
4,321,768.6385869565217,140.82427536231884,1104,162
4,372,883.8496503496503,537.3333333333334,858,142
4,323,768.8541666666666,704.3935185185185,864,161
4,396,947.9056603773585,1138.3748427672956,795,115
4,395,941.7992633517496,623.4171270718232,1086,96
4,394,936.5919732441472,811.5629877369008,897,98
4,393,938.7389491242702,1290.3586321934945,1199,97
4,392,933.9079822616408,518.129711751663,902,100
4,391,935.2885057471265,464.0344827586207,870,99
4,390,932.2703619909503,1338.1538461538462,884,101
4,389,932.0910194174758,548.4599514563107,824,102
4,388,935.6659513590844,265.67596566523605,1398,103
4,387,924.7013801756588,356.16562107904645,797,104
4,386,920.4542728635682,775.3988005997002,667,105
4,385,924.027536231884,106.7927536231884,1380,106
4,383,917.1988041853513,1314.337817638266,669,107
4,382,916.7045203969129,1229.2216097023154,907,108
4,381,913.1821743388834,1032.6777668952009,1021,109
4,380,903.0158227848101,1337.6787974683543,632,110
4,379,905.972191323693,838.2625139043381,899,111
4,378,901.3899868247694,327.764163372859,759,112
4,377,903.019372693727,564.8210332103321,1084,113
4,397,950.1323529411765,75.37745098039215,1020,116
4,398,948.6155088852988,710.0936995153473,619,117
4,400,953.8144690781797,842.8751458576429,857,118
4,401,958.7008333333333,1107.7766666666666,1200,138
4,223,545.684633027523,1222.125,872,66
4,421,1020.1064356435644,179.46782178217822,808,120
4,420,1019.6379573170732,636.3704268292682,1312,379
4,418,1004.3447136563876,1280.9339207048458,908,122
4,417,997.4792560801144,997.0386266094421,699,121
4,416,997.3687943262412,252.18439716312056,846,123
4,415,993.7365671641791,1180.8574626865673,1340,124
4,414,986.1976534296028,817.2148014440434,1108,125
4,413,985.377932232841,179.5377932232841,1151,127
4,376,897.4471830985915,234.12910798122067,852,114
4,412,981.2046332046332,720.4774774774775,777,126
4,410,979.6011730205279,67.97507331378299,682,130
4,409,976.7437037037037,1036.842962962963,675,139
4,408,977.794466403162,227.5197628458498,1012,131
4,407,976.0201793721973,915.5627802690583,892,132
4,406,980.0570021111893,34.130893736805064,1421,133
4,405,975.9226932668329,395.26184538653365,1203,134
4,404,970.039483675019,105.92938496583143,1317,135
4,403,956.6320346320347,1224.5743145743145,693,136
4,402,956.0170454545455,1251.3181818181818,704,137
4,411,980.3837837837838,1359.0908108108108,925,129
4,322,769.4863336475023,401.72855796418474,1061,164
4,375,897.2619047619048,870.9751984126984,1008,128
4,373,884.704347826087,913.6673913043478,920,141
4,344,819.557856272838,837.4080389768575,821,152
4,343,816.408719346049,214.4441416893733,734,143
4,341,810.2428810720268,394.2814070351759,597,144
4,340,812.2348066298342,622.8195211786372,1086,145
4,339,807.0016611295681,368.8421926910299,602,146
4,338,807.6510152284264,332.41243654822335,788,150
4,337,808.4095045500505,1185.8210313447928,989,147
4,336,805.2799511002445,18.075794621026894,818,149
4,335,804.8460543337645,1124.5808538163,773,148
4,334,800.2935779816514,302.11518858307846,981,151
4,333,797.3737373737374,1153.9741863075196,891,153
4,332,799.5012427506214,995.7555923777962,1207,163
4,331,792.8173207036535,834.6630581867388,739,154
4,330,791.6376050420168,648.8046218487395,952,156
4,329,789.613712374582,580.0451505016722,598,155
4,328,781.9949031600407,1247.4821610601427,981,157
4,327,769.026941362916,565.6164817749603,631,158
4,326,767.3709449929478,630.8504936530325,709,159
4,324,770.7141255605382,249.6670403587444,892,160
4,345,823.6992084432718,1315.6662269129288,758,165
4,346,830.3529411764706,443.4061085972851,884,176
4,347,834.8392675483215,1125.6052899287895,983,185
4,348,837.9809619238476,195.49298597194388,998,186
4,371,880.01230228471,1241.0263620386643,569,168
4,370,885.4944751381215,1072.3112338858195,1086,167
4,369,878.1637168141593,820.1537610619469,904,169
4,368,874.3646659116648,577.9762174405436,883,170
4,366,875.8984251968504,1298.9724409448818,1270,175
4,365,866.9422750424449,890.7911714770798,589,380
4,364,869.2370786516854,851.1887640449438,890,171
4,363,868.3319630010277,297.8191161356629,973,172
4,362,867.205574912892,332.2378048780488,1148,174
4,374,891.7376237623762,1265.7846534653465,808,140
4,361,861.2620232172471,720.257048092869,603,173
4,359,858.9885350318472,1265.9375796178344,785,187
4,356,849.4888337468983,1310.3895781637716,403,391
4,355,846.3789682539683,922.6140873015873,1008,180
4,354,842.2071651090342,893.898753894081,642,181
4,353,845.535637149028,163.84449244060474,926,182
4,352,841.8413631022327,43.670975323149236,851,179
4,351,837.098076923077,854.6538461538462,520,183
4,350,834.9154302670623,1289.553412462908,674,166
4,349,835.4407008086254,712.0417789757413,742,184
4,360,859.256077795786,1234.5251215559158,617,177
4,422,1021.3736263736264,486.96483516483516,910,119
4,222,548.7018992568126,1024.1056977704377,1211,67
4,219,535.8893617021276,356.3872340425532,940,93
4,84,199.52299465240642,796.7401069518717,935,191
4,81,196.55921052631578,975.7269736842105,1216,193
4,80,197.21048632218844,892.8442249240121,1316,192
4,79,192.52712384851586,1237.3132036847492,977,194
4,78,189.9170731707317,444.95,820,383
4,77,189.9090909090909,38.66866028708134,836,195
4,76,188.61389172625127,1066.7885597548518,979,196
4,75,192.0584662110858,106.10326499620349,1317,198
4,73,188.54545454545453,143.2907196969697,1056,197
4,72,183.62134831460673,595.632584269663,890,199
4,71,180.88709677419354,1179.078163771712,806,201
4,70,178.6331096196868,775.7371364653244,894,211
4,69,179.91970802919707,564.0848540145986,1096,203
4,68,173.50236966824644,934.3649289099526,844,202
4,67,175.14414414414415,688.7247247247248,999,204
4,66,168.2377179080824,429.10459587955626,631,205
4,65,165.46748466257668,1111.0674846625766,815,207
4,64,165.9522700814901,659.0034924330618,859,206
4,63,164.5358194308145,857.315014720314,1019,208
4,85,201.12354085603113,256.0690661478599,1028,200
4,86,203.33634020618555,1197.5927835051546,776,213
4,87,207.43340380549682,379.0200845665962,946,214
4,88,206.72058823529412,1282.5526960784314,816,224
4,110,251.7069597069597,318.1062271062271,819,215
4,109,254.15131578947367,772.1469298245614,1368,216
4,107,247.38569880823403,847.4788732394367,923,217
4,106,245.9458297506449,1156.6835769561478,1163,218
4,104,236.19779005524862,1294.2629834254144,905,219
4,103,236.0389294403893,457.1678832116788,822,221
4,102,234.24472960586618,1189.6379468377636,1091,222
4,101,232.47331786542924,877.1798143851508,862,223
4,100,232.8175,808.4925,800,220
4,60,143.11658456486043,782.4761904761905,609,210
4,99,224.21435499515033,405.5800193986421,1031,235
4,97,220.32203389830508,727.5762711864406,1062,228
4,96,216.31856287425148,437.5508982035928,835,225
4,95,214.2397435897436,832.7307692307693,780,227
4,94,216.41819941916748,600.2391093901258,1033,230
4,93,217.18229166666666,53.490625,960,229
4,92,212.4076137418756,660.2051996285979,1077,232
4,91,207.49598715890852,1310.9935794542537,623,231
4,90,209.65032258064517,1167.8554838709676,775,233
4,89,207.66156787762907,768.0,523,234
4,98,220.72322375397667,127.31071049840934,943,226
4,111,256.8486055776892,241.34794156706508,753,236
4,59,145.17581475128645,711.0720411663808,1166,285
4,57,136.66769547325103,154.07407407407408,972,237
4,30,72.98399146211312,1080.5325506937033,937,261
4,29,61.04681274900398,689.8017928286853,1004,248
4,28,62.4404990403071,869.3262955854127,1042,241
4,27,61.37476459510358,805.4416195856874,1062,242
4,26,60.06347554630593,640.7606659729448,961,239
4,25,66.56114130434783,1330.6107336956522,1472,240
4,24,53.64276885043263,154.62793572311494,809,244
4,23,53.809583858764185,118.74905422446406,793,245
4,22,51.52751677852349,357.3919463087248,745,243
4,21,53.924229074889865,388.9920704845815,1135,246
4,20,44.87215601300108,896.249187432286,923,249
4,19,44.890969162995596,198.72356828193833,908,259
4,18,33.59090909090909,859.4237967914438,748,250
4,17,31.041353383458645,1253.4122807017543,798,252
4,16,25.209424083769633,749.9860383944153,573,254
4,15,28.78537170263789,1101.2218225419665,834,253
4,14,28.87866108786611,1070.2207112970711,956,255
4,13,23.866999168744805,1037.7007481296757,1203,256
4,221,534.3878504672897,790.446261682243,428,381
4,31,95.96450754214729,400.36379769299026,1127,272
4,32,94.56626506024097,754.9145673603505,913,262
4,33,97.94472876151484,644.0092118730809,977,282
4,34,99.17321248741189,1098.9718026183284,993,281
4,56,137.16474210931486,1285.3941493456505,1299,260
4,55,134.03234501347708,436.07367475292006,1113,263
4,53,132.47652173913045,1108.3678260869565,1150,238
4,52,132.3150183150183,187.3434065934066,1092,264
4,51,126.43012048192772,1075.0,830,265
4,50,125.56586826347305,798.8323353293413,668,266
4,49,127.90878661087866,27.451046025104603,1195,267
4,48,123.51209677419355,117.70463709677419,992,268
4,47,124.8348880597015,924.1623134328358,1072,269
4,58,141.17750257997935,1362.8947368421052,969,212
4,45,120.29596412556054,825.6849775784754,892,271
4,43,119.58841778697001,481.26370217166493,967,273
4,42,110.75983717774763,604.1587516960651,737,283
4,41,111.71209016393442,670.0399590163935,976,274
4,40,107.35060240963855,147.22168674698796,830,275
4,39,105.67030567685589,948.0294759825327,916,277
4,38,105.03019323671498,1141.979468599034,828,276
4,37,107.97624350408314,705.1447661469933,1347,278
4,36,98.91153846153846,581.2365384615384,520,279
4,35,103.96099290780141,551.8918439716313,1128,280
4,44,121.97902684563758,859.126677852349,1192,270
4,112,265.91036414565826,1227.5191409897293,1071,284
4,61,151.03780068728523,826.2107674684994,873,209
4,114,264.7642276422764,493.321718931475,861,353
4,192,473.29950248756217,664.8776119402985,1005,287
4,191,471.28719275549804,123.627425614489,773,309
4,190,472.3615702479339,255.5051652892562,968,296
4,189,471.72825112107626,1188.6762331838565,1115,288
4,188,464.33406593406596,150.7032967032967,455,289
4,187,466.3766094420601,187.15450643776825,932,290
4,186,466.3907225691347,1330.50044603033,1121,291
4,185,458.0864618885097,1253.1717861205916,879,292
4,184,454.85196078431375,1220.136274509804,1020,293
4,182,451.81305114638445,1103.4567901234568,1134,294
4,181,437.3373161764706,343.63878676470586,1088,297
4,180,432.59708737864077,186.0376213592233,824,307
4,179,432.88258575197887,121.4736147757256,758,298
4,178,432.0569832402235,218.19664804469275,895,300
4,177,431.71356275303646,758.6477732793522,988,299
4,175,430.9508896797153,965.6676156583629,1405,302
4,174,428.02480158730157,903.561507936508,1008,301
4,173,422.02153432032304,432.47913862718707,743,303
4,172,411.1212653778559,455.97891036906856,569,304
4,194,480.93744075829386,573.3526066350711,1055,310
4,195,480.98445092322646,751.1516034985423,1029,330
4,196,483.8215648854962,55.599236641221374,1048,329
4,198,490.1862980769231,146.42307692307693,832,328
4,218,534.2835472578763,450.0606767794632,857,258
4,113,263.59665621734587,810.183908045977,957,286
4,217,534.95197740113,734.1977401129943,1062,188
4,216,533.4145120934112,110.22185154295246,1199,190
4,215,527.2310426540284,815.8637440758293,844,333
4,214,527.0486211901306,189.211175616836,1378,313
4,213,523.4026402640264,626.4697469746975,909,311
4,212,521.9551569506726,386.49439461883406,892,312
4,211,521.4012269938651,1289.926380368098,815,314
4,170,412.21767441860464,1337.9525581395349,1075,305
4,210,520.665945945946,483.40972972972975,925,315
4,207,509.02840236686393,908.3218934911242,845,316
4,206,514.2895077720207,550.9468911917098,1544,318
4,205,505.210752688172,1241.4623655913979,930,319
4,204,503.44631185807657,1312.2521008403362,1071,331
4,203,504.3201754385965,651.9078947368421,1140,323
4,202,500.8448275862069,705.0053050397878,754,322
4,201,500.3010033444816,1074.26867335563,897,324
4,200,493.54989384288746,683.8428874734607,471,325
4,199,495.29355608591885,173.8126491646778,838,327
4,208,511.3356367226061,1004.6831194471865,1013,317
4,169,404.0801317233809,842.4906695938529,911,332
4,193,480.60379241516966,433.9950099800399,1002,320
4,167,401.6119828815977,1183.0527817403708,1402,308
4,140,337.1626016260163,123.57026713124274,1722,364
4,139,321.5218340611354,1108.8930131004367,458,354
4,138,323.96597633136093,759.3683431952662,676,335
4,137,329.0888059701493,1286.1776119402984,1340,356
4,136,322.60370370370373,400.37654320987656,810,336
4,135,315.9219512195122,915.2780487804878,1025,339
4,134,313.078431372549,46.26696832579186,663,337
4,133,312.4697508896797,162.93594306049823,843,338
4,131,303.4868292682927,354.6019512195122,1025,340
4,141,330.44144144144144,600.3096846846847,888,355
4,130,300.2302243211334,1016.14639905549,847,341
4,128,293.0936507936508,1046.5079365079366,630,343
4,127,295.60598065083553,773.8883025505717,1137,344
4,126,292.83906882591094,508.5414979757085,988,345
4,125,291.1845184518452,1191.000900090009,1111,346
4,123,281.90846047156725,113.51456310679612,721,347
4,119,280.27709090909093,451.648,1375,348
4,118,275.22261072261074,86.44172494172494,858,349
4,168,397.19532554257097,475.7212020033389,599,306
4,115,261.2725274725275,1189.0483516483516,455,352
4,129,299.1570881226054,1365.9386973180076,783,334
4,142,329.120527306968,1130.30131826742,531,357
4,117,270.1465517241379,976.4913793103449,812,351
4,144,338.6165803108808,198.03626943005182,965,371
4,143,332.75,1356.6802083333334,960,374
4,165,395.58714859437754,148.18795180722893,1245,358
4,164,395.2638190954774,1231.6624790619765,1194,360
4,163,391.7122641509434,1127.4823113207547,848,359
4,162,392.3386503067485,816.2159509202454,815,361
4,160,389.57424892703864,785.1184549356224,1165,362
4,159,384.9739714525609,1288.722082283795,1191,363
4,157,375.1088992974239,41.61124121779859,854,368
4,156,366.04987834549877,231.72262773722628,822,367
4,155,365.2627235213205,150.98899587345255,727,365
4,166,393.6712517193948,319.0165061898212,727,342
4,153,363.09187279151945,312.33657243816253,1132,366
4,152,354.45702127659575,723.0195744680851,1175,377
4,151,352.398401826484,73.54794520547945,876,369
4,150,347.57393483709274,1107.1829573934838,798,376
4,148,343.93419983753046,784.5320877335499,1231,378
4,147,338.9472913616398,171.9150805270864,683,375
4,146,334.1310975609756,53.71341463414634,328,373
4,145,340.40982058545796,1077.0472143531633,1059,372
4,154,364.63317757009344,753.4392523364486,856,370
5,286,667.0616045845272,334.0214899713467,698,5
5,287,675.1885157096425,439.3336944745395,923,7
5,288,675.3633663366337,709.4485148514851,1010,2
5,292,684.4200336700337,84.03872053872054,1188,21
5,290,677.2673147023087,225.7861482381531,823,20
5,291,675.0797448165869,55.038277511961724,627,1
5,273,646.2883597883598,849.3955026455027,756,18
5,289,674.9320276497696,255.34331797235023,868,3
5,285,667.6048824593129,1344.5913200723328,1106,6
5,280,653.850332594235,1201.1818181818182,902,12
5,283,658.7659574468086,614.4873353596757,987,9
5,282,658.0575048732943,912.4844054580897,1026,11
5,281,656.5562422744129,875.0098887515451,809,10
5,279,652.6859838274933,147.33962264150944,742,14
5,277,651.7210884353741,208.74263038548753,882,13
5,276,652.5768518518519,176.83425925925926,1080,16
5,275,654.430303030303,1280.321212121212,1485,15
5,274,651.4312602291326,1108.6080196399346,1222,17
5,293,685.4165605095542,1084.523566878981,785,22
5,284,668.6738749269433,983.3191116306253,1711,8
5,294,685.4343891402715,182.894419306184,663,23
5,306,728.8285714285714,844.5988571428571,875,32
5,297,694.3778409090909,666.7144886363636,704,42
5,271,643.7029478458049,253.70975056689343,882,72
5,318,761.9780600461894,320.43533487297924,866,189
5,317,762.5124740124741,866.4085239085239,962,26
5,316,756.4849162011174,1167.0782122905027,895,24
5,315,758.7444551591128,832.6133076181292,1037,69
5,314,758.851902173913,57.07676630434783,1472,25
5,313,745.0998552821997,718.9811866859624,691,27
5,312,741.0199714693296,692.1768901569187,701,28
5,311,742.0504291845493,268.59549356223175,932,29
5,296,696.2748815165877,388.6303317535545,844,43
5,310,737.2354988399072,1144.4559164733178,862,30
5,308,730.8456486042693,662.952380952381,609,34
5,305,727.9924812030075,632.375104427736,1197,44
5,304,712.9001297016861,607.219195849546,771,36
5,303,712.4521276595744,181.32712765957447,752,37
5,302,711.625,1222.7026315789474,760,38
5,301,712.7924335378323,688.2065439672801,978,35
5,300,710.8549172346641,1065.2989289191821,1027,39
5,299,703.8345864661654,210.14393125671322,931,41
5,298,700.8481848184819,1110.3872387238723,909,40
5,309,739.930735930736,1357.422077922078,1386,31
5,270,644.8219493476593,1233.6247122026093,1303,19
5,224,549.8131955484897,1023.6089030206678,1258,67
5,268,636.553488372093,1315.072558139535,1075,46
5,242,593.5770528683914,545.384701912261,889,48
5,241,592.2880698351115,893.9776915615906,1031,50
5,240,586.175925925926,1098.9753086419753,972,51
5,239,582.3797577854672,1346.3737024221452,1156,52
5,238,582.4943820224719,768.7156439066551,1157,54
5,237,578.7587034813926,327.0504201680672,833,53
5,236,570.4511677282378,1314.063694267516,942,55
5,235,567.5505857294995,1145.7113951011715,939,56
5,234,568.9866785079929,707.771758436945,1126,58
5,233,564.6842105263158,967.0107411385607,931,68
5,232,562.8265802269044,745.5072933549433,617,59
5,231,564.2905982905983,566.8066239316239,936,60
5,230,556.2035398230089,918.1780973451328,904,61
5,229,554.0785973397824,384.6408706166868,827,63
5,228,555.5248226950355,1083.709219858156,1269,62
5,227,549.6700336700337,479.96127946127945,594,389
5,226,550.5380952380953,771.084126984127,630,64
5,225,546.9103139013453,1221.3340807174889,892,66
5,319,762.2391608391608,1088.8,715,94
5,243,593.031914893617,976.623670212766,752,49
5,244,593.9863354037267,1242.6720496894409,805,57
5,245,605.4884547069272,1154.0293072824156,1126,71
5,246,601.8032178217821,1184.585396039604,808,70
5,267,634.6248366013072,356.18823529411765,765,45
5,266,632.8141025641025,822.1364468864468,1092,47
5,265,630.7937427578215,76.85515643105447,863,74
5,264,634.4131097560976,1064.592987804878,1312,73
5,263,629.7081881533101,482.98606271777004,1148,75
5,262,624.624750499002,555.0259481037924,1002,77
5,261,621.8272138228941,881.7894168466522,926,78
5,260,621.018558951965,218.8373362445415,916,79
5,259,620.208778173191,1096.079478054567,843,76
5,269,639.7604673807206,735.2999026290165,1027,33
5,258,619.1254045307444,1347.6181229773463,1236,85
5,256,615.639846743295,375.64112388250317,783,84
5,255,614.5527876631079,717.3475682087782,843,83
5,254,616.1062308478039,619.9050051072524,979,92
5,253,614.2410611303345,249.8316032295271,867,89
5,252,611.85,1003.9205128205128,780,86
5,251,609.6930379746835,329.25,948,87
5,250,607.7789699570816,1033.0643776824033,932,91
5,249,606.9318885448916,173.80495356037153,969,90
5,247,602.2796780684105,1314.6167002012073,994,81
5,257,614.5382513661202,1212.3825136612022,732,82
5,320,764.7810026385224,1116.2532981530344,758,95
5,424,1021.895178197065,487.00524109014674,954,119
5,322,770.9444444444445,401.0191256830601,1098,164
5,397,943.0510295434199,622.8128916741272,1117,96
5,396,937.9220489977728,811.2138084632517,898,98
5,395,939.9205974842768,1289.567610062893,1272,97
5,394,936.4800884955753,463.07964601769913,904,99
5,393,935.1290322580645,517.7172043010753,930,100
5,392,933.4775641025641,1337.659188034188,936,101
5,391,933.4905437352246,548.4278959810874,846,102
5,390,936.5777930089102,265.34612748457846,1459,103
5,389,926.2564102564103,354.8379953379953,858,104
5,388,921.6062246278755,774.9052774018944,739,105
5,387,924.2314225053078,104.66454352441613,1413,106
5,385,918.1258064516129,1313.6145161290322,620,107
5,384,917.7754010695187,1228.5326203208556,935,108
5,383,914.7958984375,1032.095703125,1024,109
5,382,904.4410413476263,1337.0796324655437,653,110
5,381,907.6304591265398,838.4770436730123,893,111
5,380,902.5939086294417,327.45812182741116,788,112
5,379,903.811403508772,564.6754385964912,1140,113
5,378,898.6943181818182,233.8272727272727,880,114
5,398,949.1570351758794,1138.0565326633166,796,115
5,399,951.0240615976901,74.71126082771896,1039,116
5,401,949.8061538461538,709.223076923077,650,117
5,402,954.7798816568047,842.1171597633136,845,118
5,223,551.3372956909361,78.34918276374442,1346,65
5,423,1021.0210656753408,178.97769516728624,807,120
5,420,1005.6872294372295,1280.3398268398269,924,122
5,419,998.9889958734525,996.5061898211829,727,121
5,418,998.7914252607184,251.97219003476246,863,123
5,417,995.4078549848942,1180.1510574018127,1324,124
5,416,987.1315555555556,816.784,1125,125
5,415,982.5487179487179,720.0666666666667,780,126
5,414,986.3617571059432,179.4306632213609,1161,127
5,377,898.162633107454,870.8344627299128,1033,128
5,413,981.649945474373,1359.369683751363,917,129
5,411,977.5491009681881,1037.2572614107885,723,139
5,410,979.0542635658915,227.3372093023256,1032,131
5,409,977.5388127853881,915.189497716895,876,132
5,408,981.4401133947555,33.330262225372074,1411,133
5,407,977.0658001624695,395.1535337124289,1231,134
5,406,971.1090641120118,105.91156963890936,1357,135
5,405,957.9803921568628,1224.1540616246498,714,136
5,404,956.8111587982833,1251.1931330472103,699,137
5,403,959.7888799355359,1107.2328767123288,1241,138
5,412,981.4633152173913,67.15353260869566,736,130
5,376,893.2679200940071,1265.9529964747355,851,140
5,375,886.3149425287356,912.6045977011494,870,141
5,374,884.9088838268792,536.6628701594533,878,142
5,345,824.4329349269589,1315.0677290836654,753,165
5,344,819.9205955334987,836.6873449131514,806,152
5,343,817.4435695538058,213.71259842519686,762,143
5,341,811.7260726072607,394.1914191419142,606,144
5,340,813.2760463045414,622.6420302760463,1123,145
5,339,808.2989045383412,368.2707355242567,639,146
5,338,808.733499377335,332.28144458281446,803,150
5,337,809.3995943204868,1185.759634888438,986,147
5,335,805.3189326556544,1124.246505717916,787,148
5,334,800.3393213572855,301.85928143712573,1002,151
5,332,800.6623794212219,995.6181672025723,1244,163
5,331,792.8727506426735,836.9408740359897,778,154
5,330,792.5470711297071,648.43410041841,956,156
5,329,791.1677215189874,579.376582278481,632,155
5,328,783.4206827309237,1246.9909638554218,996,157
5,327,770.0077041602466,565.1217257318953,649,158
5,325,772.0908108108108,249.17945945945945,925,160
5,324,770.2209695603157,704.0631341600902,887,161
5,323,768.2482946793997,630.1050477489769,733,159
5,333,798.4408839779005,1153.960220994475,905,153
5,321,769.9973094170404,140.27982062780268,1115,162
5,348,831.4955456570156,443.09576837416483,898,176
5,350,835.5258019525802,1288.9735006973501,717,166
5,373,881.0625,1240.3547297297298,592,168
5,372,886.6378378378379,1072.1504504504505,1110,167
5,371,879.5500550055006,820.3102310231023,909,169
5,370,874.616091954023,576.9850574712643,870,170
5,368,868.6830870279147,889.1724137931035,609,380
5,367,876.7864741641338,1298.954407294833,1316,175
5,366,869.2841163310962,850.9720357941834,894,171
5,365,869.5369261477045,297.0499001996008,1002,172
5,364,868.4576697401509,331.93880972338644,1193,174
5,349,835.6851851851852,1125.1052631578948,1026,185
5,363,862.7303921568628,719.2875816993464,612,173
5,361,859.516091954023,1265.8862068965518,870,187
5,358,849.9739952718676,1311.2364066193854,423,391
5,357,848.4128256513026,922.7264529058116,998,180
5,356,846.5804721030042,163.28648068669528,932,182
5,355,844.1205673758865,43.406619385342786,846,179
5,354,841.8283093053735,894.1743119266055,763,181
5,353,837.6459412780656,854.1312607944732,579,183
5,352,839.5334706488156,194.72296601441812,971,186
5,351,836.6967320261438,712.5333333333333,765,184
5,362,859.9870550161812,1234.2119741100323,618,177
5,222,536.2699822380107,790.753108348135,563,381
5,79,193.85437881873727,1236.9358452138492,982,194
5,220,536.0893186003683,733.3729281767955,1086,188
5,82,192.6195652173913,418.67934782608694,368,384
5,81,197.70906200317964,975.476947535771,1258,193
5,80,198.42729306487695,892.8419090231171,1341,192
5,221,536.9247422680412,355.3577319587629,970,93
5,77,190.94,38.44352941176471,850,195
5,76,190.3530106257379,444.7378984651712,847,383
5,75,189.4955223880597,1065.7910447761194,1005,196
5,74,189.5824074074074,143.4398148148148,1080,197
5,73,193.23431867339582,105.94160057678442,1387,198
5,72,184.44419642857142,594.7633928571429,896,199
5,71,181.47043701799487,1179.5796915167095,778,201
5,70,179.87379679144385,776.3903743315508,935,211
5,69,180.7890909090909,563.2263636363637,1100,203
5,68,173.9348079161816,933.7543655413272,859,202
5,67,176.11811023622047,688.7017716535433,1016,204
5,66,168.95352564102564,427.67147435897436,624,205
5,65,167.34740651387213,1110.903498190591,829,207
5,64,166.26238738738738,658.643018018018,888,206
5,62,165.49705304518665,857.073673870334,1018,208
5,84,202.3212890625,255.4462890625,1024,200
5,85,201.4696485623003,797.3993610223642,939,191
5,86,204.49624060150376,1197.703007518797,798,213
5,87,208.34795918367348,378.14183673469387,980,214
5,111,256.1536312849162,771.9469273743017,1432,216
5,109,249.00870511425464,847.0369967355822,919,217
5,108,247.98190789473685,1156.4745065789473,1216,218
5,106,237.09269356597602,1293.5201744820065,917,219
5,105,237.31914893617022,457.20212765957444,846,221
5,104,235.37083708370838,1190.037803780378,1111,222
5,103,233.7422324510932,876.9102416570771,869,223
5,101,233.6450428396573,807.5373317013464,817,220
5,99,224.7374031007752,404.98062015503876,1032,235
5,61,152.07258938244854,825.8028169014085,923,209
5,98,222.0929018789144,127.36116910229646,958,226
5,96,217.36596736596738,436.8531468531468,858,225
5,95,215.6640826873385,832.0516795865633,774,227
5,94,217.42100371747213,599.8801115241636,1076,230
5,93,218.47094188376752,53.534068136272545,998,229
5,92,209.225,1310.7578125,640,231
5,91,213.5292504570384,659.9095063985375,1094,232
5,90,211.0708661417323,1167.8556430446195,762,233
5,89,209.0,768.7070175438596,570,234
5,88,207.72986369268898,1282.1387856257745,807,224
5,97,221.87186629526462,726.6360259981429,1077,228
5,112,252.26153846153846,318.80102564102566,975,215
5,60,143.94353640416048,783.0683506686479,673,210
5,58,142.777666999003,1362.5772681954138,1003,212
5,32,96.9326923076923,751.7538461538461,1040,262
5,31,96.58511548331907,400.5876817792985,1169,272
5,30,73.81856100104275,1080.133472367049,959,261
5,29,68.6194188518781,1329.970942593905,1411,240
5,28,64.35437330928765,868.6862037871957,1109,241
5,27,61.94260700389105,689.4892996108949,1028,248
5,26,61.16481294236603,640.2992922143579,989,239
5,25,62.88225399495374,804.8873002523129,1189,242
5,24,55.03225806451613,154.04493087557603,868,244
5,23,54.918052256532064,117.71377672209026,842,245
5,22,55.02049530315969,388.9496157130658,1171,246
5,21,51.868894601542415,356.7724935732648,778,243
5,20,45.58874458874459,895.5833333333334,924,249
5,19,46.25026399155227,197.95248152059133,947,259
5,18,34.751743375174335,859.6443514644351,717,250
5,17,32.234629861982434,1252.792973651192,797,252
5,16,30.080325960419092,1101.2013969732247,859,253
5,15,26.046969696969697,748.6121212121212,660,254
5,13,24.944576405384005,1037.2446555819477,1263,256
5,33,99.04870775347912,643.2763419483101,1006,282
5,34,100.22941176470589,1098.964705882353,1020,281
5,35,105.33333333333333,551.3159268929504,1149,280
5,36,99.75166666666667,580.755,600,279
5,57,138.0820158102767,153.69565217391303,1012,237
5,56,138.13138138138137,1285.2747747747749,1332,260
5,54,135.153711790393,435.53275109170306,1145,263
5,53,134.5128617363344,1108.4654340836014,1244,238
5,52,133.45049063336307,187.34611953612847,1121,264
5,51,128.25234741784038,1074.4295774647887,852,265
5,50,126.29821717990275,799.1004862236629,617,266
5,49,128.8892455858748,27.040128410914928,1246,267
5,48,124.91824526420737,117.16849451645065,1003,268
5,59,147.01916666666668,710.8858333333334,1200,285
5,47,125.75725593667546,923.9744942832014,1137,269
5,45,121.18099547511312,825.4649321266968,884,271
5,43,120.46230158730158,480.3492063492063,1008,273
5,42,112.1916890080429,603.4798927613941,746,283
5,41,112.6002004008016,669.4098196392786,998,274
5,40,108.50652431791222,146.7093712930012,843,275
5,39,106.45505617977528,948.4977528089887,890,277
5,38,106.66142684401451,1140.9141475211609,827,276
5,37,109.45706174591909,705.0113555713272,1409,278
5,46,123.08353808353809,859.4496314496314,1221,270
5,113,258.0931989924433,240.74307304785893,794,236
5,14,30.96315250767656,1070.0798362333674,977,255
5,115,267.09149722735674,1227.74584103512,1082,284
5,193,473.5219421101774,665.4733893557423,1071,287
5,192,473.62254901960785,254.96764705882353,1020,296
5,191,472.0490533562823,1187.435456110155,1162,288
5,190,467.752422907489,1330.0229074889867,1135,291
5,189,466.97957099080696,186.91113381001023,979,290
5,188,459.0995475113122,1253.0316742081448,884,292
5,187,456.21174205967276,1220.0895091434072,1039,293
5,185,452.6832618025751,1103.3339055793992,1165,294
5,184,438.218085106383,343.2668439716312,1128,297
5,183,433.80493537015275,185.23031727379552,851,307
5,182,434.2005174644243,121.3738680465718,773,298
5,181,433.51132686084145,217.63106796116506,927,300
5,180,432.9939819458375,758.2768304914745,997,299
5,178,429.1300578034682,903.2061657032755,1038,301
5,177,431.9320780094149,965.474108944183,1487,302
5,176,423.0813953488372,431.80878552971575,774,303
5,175,412.26278659611995,455.8624338624339,567,304
5,173,413.1779197080292,1337.9479927007299,1096,305
5,172,405.8006571741511,842.3099671412924,913,332
5,114,265.0133460438513,810.7025738798856,1049,286
5,195,472.3405063291139,123.43291139240506,790,309
5,196,482.20343580470166,573.130198915009,1106,310
5,197,481.61982675649665,434.01058710298366,1039,320
5,219,535.2469680264609,449.7772877618523,907,258
5,218,534.986301369863,110.80499597099113,1241,190
5,217,528.3950471698113,815.9221698113207,848,333
5,216,528.4505956552207,188.93763139453398,1427,313
5,215,522.9935965848452,386.1824973319103,937,312
5,214,522.4038461538462,1289.4098557692307,832,314
5,213,521.8010471204188,482.75811518324605,955,315
5,212,522.3257820927723,624.0906148867314,927,311
5,210,512.5470249520154,1004.0518234165067,1042,317
5,171,398.33,475.62333333333333,600,306
5,209,510.2599531615925,907.5011709601873,854,316
5,207,506.1611876988335,1241.204665959703,943,319
5,206,504.50836431226764,1311.761152416357,1076,331
5,205,505.97089733225545,652.3265966046888,1237,323
5,204,501.3711790393013,1074.1899563318777,916,324
5,203,499.6367781155015,696.2310030395137,1316,322
5,202,497.0541436464088,172.97458563535912,905,327
5,201,491.46553808948005,145.66384522370012,827,328
5,199,484.9259944495837,55.33302497687327,1081,329
5,198,482.18334892422826,750.266604303087,1069,330
5,208,515.4814814814815,550.7037037037037,1647,318
5,170,402.1430565247732,1182.407536636427,1433,308
5,194,466.49147727272725,149.65625,352,289
5,168,393.1464821222607,1127.0484429065743,867,359
5,140,329.9254992319508,1285.152073732719,1302,356
5,139,324.6543385490754,758.1749644381223,703,335
5,138,324.34684147794997,399.12038140643625,839,336
5,137,314.8313782991202,45.665689149560116,682,337
5,136,317.19806763285027,914.3932367149758,1035,339
5,135,313.13461538461536,162.7403846153846,832,338
5,133,305.64859981933154,353.9747064137308,1107,340
5,132,301.5087924970692,1015.7186400937867,853,341
5,130,293.7028657616893,1046.2699849170438,663,343
5,141,322.4641255605381,1108.1816143497758,446,354
5,129,296.3172179813401,773.5971162001696,1179,344
5,127,292.67599660729434,1189.9949109414758,1179,346
5,125,282.97629009762903,113.04741980474198,717,347
5,122,281.4957081545064,451.27539341917026,1398,348
5,121,276.7641083521445,85.91196388261851,886,349
5,120,271.44524495677234,1366.7262247838617,694,393
5,119,271.48856799037304,975.7003610108303,831,351
5,117,261.57456140350877,1187.453947368421,456,352
5,169,395.12872628726285,319.28726287262873,738,342
5,116,265.6559378468368,493.1997780244173,901,353
5,128,293.6156126482214,507.7885375494071,1012,345
5,142,338.2038567493113,123.47548209366391,1815,364
5,131,298.04875,1366.06875,800,334
5,144,329.84628670120895,1130.5785837651122,579,357
5,143,331.57964601769913,599.6404867256637,904,355
5,166,397.0541158536585,147.53506097560975,1312,358
5,165,396.2777321281841,1231.1717337715695,1217,360
5,164,391.29411764705884,784.3937908496732,1224,362
5,163,385.8807339449541,1288.3686405337783,1199,363
5,161,376.0668973471742,41.193771626297575,867,368
5,160,367.6141636141636,231.57631257631257,819,367
5,159,366.0744248985115,150.74830852503382,739,365
5,158,366.6995798319328,753.8140756302521,952,370
5,157,361.3616133518776,808.6022253129346,719,394
5,167,393.85171568627453,815.8982843137255,816,361
5,155,355.81673640167367,722.5489539748954,1195,377
5,156,364.16570008285004,311.97100248550123,1207,366
5,146,341.8615948670944,1075.8120989917506,1091,372
5,147,339.85411140583557,171.57559681697612,754,375
5,148,342.2529474812433,198.84351554126474,933,371
5,145,333.449947312961,1356.2339304531085,949,374
5,151,341.433868974042,231.64400494437578,809,390
5,153,348.7391304347826,1106.9894242068156,851,376
5,154,353.57012542759406,73.09806157354618,877,369
5,149,344.86555290373906,783.5457438345267,1257,378
6,279,666.8318739054291,983.8955049620549,1713,8
6,285,675.5367027677497,226.39350180505414,831,20
6,284,674.4896347482725,710.4215202369201,1013,2
6,283,673.3956284153005,440.1475409836066,915,7
6,282,673.8215488215488,256.29741863075196,891,3
6,281,665.8016877637131,334.6666666666667,711,5
6,286,673.5673400673401,55.64141414141414,594,1
6,280,666.1341134113411,1345.3393339333934,1111,6
6,278,656.4778121775025,615.1702786377709,969,9
6,272,649.5314222712238,209.85777287761852,907,13
6,275,653.989010989011,878.5970695970695,819,10
6,274,651.2029372496662,148.01068090787717,749,14
6,273,652.165577342048,1201.772331154684,918,12
6,271,651.0430402930403,177.6364468864469,1092,16
6,270,653.0582524271845,1280.977346278317,1545,15
6,269,649.5846645367412,1108.867412140575,1252,17
6,267,644.6445264452644,851.3407134071341,813,18
6,266,642.2558635394456,255.74413646055436,938,72
6,287,682.3974789915966,84.58151260504202,1190,21
6,277,656.341650671785,913.1458733205375,1042,11
6,288,684.0,1086.1219822109276,787,22
6,312,760.9594320486815,866.7718052738337,986,26
6,291,694.663953488372,389.1872093023256,860,43
6,311,757.3426371511068,832.8431183830606,1039,69
6,310,754.5646794150731,1168.0438695163105,889,24
6,309,757.0701986754967,57.78609271523179,1510,25
6,308,743.3274596182085,719.3729809104259,681,27
6,307,739.5772471910112,692.2275280898876,712,28
6,306,740.0087431693989,269.2153005464481,915,29
6,305,735.660205245154,1145.12086659065,877,30
6,304,738.3683463449255,1358.1142654364799,1409,31
6,303,728.7326923076923,663.8557692307693,520,34
6,301,727.1174533479692,845.113062568606,911,32
6,300,726.0612745098039,633.5735294117648,1224,44
6,299,711.3333333333334,181.61559139784947,744,37
6,298,711.3665389527458,607.8863346104725,783,36
6,297,710.0925449871465,1223.4125964010282,778,38
6,296,711.2205588822355,688.9850299401197,1002,35
6,295,709.0846303501945,1065.9980544747082,1028,39
6,294,702.157614483493,210.6102236421725,939,41
6,293,698.5860927152318,1112.28587196468,906,40
6,292,692.7175141242938,667.5437853107345,708,42
6,289,684.0148588410104,183.90936106983656,673,23
6,265,643.1265917602997,1234.8576779026216,1335,19
6,219,549.2786032689451,79.33135215453194,1346,65
6,263,635.3574040219379,1315.810786106033,1094,46
6,237,590.0208728652751,894.618595825427,1054,50
6,236,584.6090909090909,1099.6515151515152,990,51
6,235,581.1283607979185,1347.175195143105,1153,52
6,234,580.6203941730934,769.5509854327335,1167,54
6,233,577.1578947368421,327.71531100478467,836,53
6,232,568.7077244258872,1314.9425887265136,958,55
6,231,565.8982869379015,1146.1167023554603,934,56
6,230,567.5851063829788,708.4432624113475,1128,58
6,229,563.3691830403309,968.535677352637,967,68
6,228,561.0486577181208,746.1912751677852,596,59
6,227,562.6677489177489,567.5454545454545,924,60
6,226,554.4493534482758,918.6594827586207,928,61
6,225,552.3259860788863,385.45475638051045,862,63
6,224,548.7654516640254,481.2107765451664,631,389
6,223,553.8197492163009,1084.3432601880877,1276,62
6,222,548.5448717948718,771.7435897435897,624,64
6,221,545.1207674943566,1222.060948081264,886,66
6,220,548.0823436262866,1024.298495645289,1263,67
6,313,760.0937142857143,321.5314285714286,875,189
6,238,591.4162102957283,546.1993428258488,913,48
6,239,592.7139037433155,976.336898395722,748,49
6,240,592.177536231884,1243.469806763285,828,57
6,241,603.8888888888889,1154.7804232804233,1134,71
6,262,633.2607561929595,357.34159061277705,767,45
6,261,631.651865008881,822.3650088809947,1126,47
6,260,629.4854481955763,77.37951105937137,859,74
6,259,632.7260273972603,1065.4870624048706,1314,73
6,258,622.715852442672,555.8344965104686,1003,77
6,257,620.254468980021,882.9968454258675,951,78
6,256,617.7299528301887,1096.9646226415093,848,76
6,255,618.3405405405406,219.43567567567567,925,79
6,254,617.8099510603589,1348.431484502447,1226,85
6,264,638.8682170542636,733.8091085271318,1032,33
6,253,613.17050067659,1213.359945872801,739,82
6,251,615.1744897959184,620.4714285714285,980,92
6,250,613.8284671532847,376.21654501216545,822,84
6,249,612.5114942528736,250.70114942528735,870,89
6,248,610.2421052631579,1004.5421052631579,760,86
6,247,608.0021074815595,330.1390937829294,949,87
6,246,607.0104493207941,1034.1619644723094,957,91
6,245,605.3381294964029,174.58890030832478,973,90
6,243,600.8503468780971,1315.3240832507433,1009,81
6,242,599.8262454434994,1185.6512758201702,823,70
6,252,612.5338785046729,717.7558411214953,856,83
6,314,760.4320113314448,1089.4929178470254,706,94
6,367,883.5570621468927,537.3435028248588,885,142
6,316,767.6040925266904,140.73576512455517,1124,162
6,393,948.166917293233,710.0887218045112,665,117
6,391,947.3275,1139.0075,800,115
6,390,941.4083629893238,623.461743772242,1124,96
6,389,936.3826754385965,811.9166666666666,912,98
6,388,938.4312647289867,1289.9277297721917,1273,97
6,387,934.843956043956,464.0989010989011,910,99
6,386,933.6215053763441,518.3978494623656,930,100
6,385,932.0065502183406,1339.1004366812226,916,101
6,384,931.8430913348947,549.1018735362998,854,102
6,383,935.0927555856466,266.3683141503047,1477,103
6,382,924.5839243498818,355.94917257683215,846,104
6,381,920.0469543147208,774.7779187817259,788,105
6,380,923.0832755031229,105.7029840388619,1441,106
6,378,917.0090771558245,1314.5098335854766,661,107
6,377,916.0915789473685,1229.1757894736843,950,108
6,376,912.3282732447818,1031.625237191651,1054,109
6,375,903.0835866261398,1338.2158054711247,658,110
6,374,906.7583965330444,838.9425785482124,923,111
6,373,900.8017456359103,328.2007481296758,802,112
6,394,954.2564338235294,81.54319852941177,1088,116
6,372,902.3819444444445,565.9340277777778,1152,113
6,395,953.2319347319348,842.7890442890443,858,118
6,397,955.2748948106591,1252.054698457223,713,137
6,218,534.3806104129264,790.7324955116696,557,381
6,416,1020.3958333333334,487.4427083333333,960,119
6,415,1019.1746987951807,179.20361445783132,830,120
6,414,1019.2902511078287,637.0878877400295,1354,379
6,412,1003.8939554612938,1281.065747613998,943,122
6,411,997.2878787878788,997.2892561983471,726,121
6,410,997.132318501171,252.55152224824357,854,123
6,409,994.7438386855863,1181.427931292009,1339,124
6,408,983.1194225721785,67.86745406824147,762,130
6,407,985.4463971880492,817.817223198594,1138,125
6,406,980.7772215269086,720.9211514392991,799,126
6,405,984.5809768637532,179.92802056555269,1167,127
6,404,979.8263665594856,1360.695605573419,933,129
6,403,975.9222373806275,1038.5511596180081,733,139
6,402,977.030103480715,227.80432737535278,1063,131
6,401,975.4718232044199,915.9779005524862,905,132
6,400,979.7273361227336,34.050906555090656,1434,133
6,399,975.3859087269816,396.0736589271417,1249,134
6,398,956.400826446281,1224.8677685950413,726,136
6,396,958.1936254980079,1108.0860557768924,1255,138
6,371,896.6998854524628,234.63802978235967,873,114
6,370,891.0096269554754,1267.5788206979544,831,140
6,369,880.0148514851485,1240.7194719471947,606,168
6,336,810.2516233766233,394.96915584415586,616,144
6,335,811.8393645189761,623.1173874669021,1133,145
6,334,806.6579754601227,368.8542944785276,652,146
6,333,807.6206467661691,332.7624378109453,804,150
6,332,807.8261306532663,1186.8301507537687,995,147
6,331,806.6438709677419,1125.9522580645162,775,148
6,330,804.0983606557377,19.227166276346605,854,149
6,329,802.1980198019802,1154.898514851485,808,153
6,328,797.9960278053625,302.44587884806356,1007,151
6,327,799.2153722978383,996.4411529223379,1249,163
6,326,791.1353767560664,838.0574712643678,783,154
6,325,789.4801271860096,580.6391096979332,629,155
6,324,791.0579710144928,649.3840579710145,966,156
6,323,781.7726358148893,1247.5975855130785,994,157
6,322,768.6727828746177,565.8379204892966,654,158
6,320,770.232508073197,249.745963401507,929,160
6,319,766.6223404255319,630.7340425531914,752,159
6,318,768.4547461368653,704.5761589403974,906,161
6,317,769.6406109613657,400.5130278526505,1113,164
6,338,815.1929595827901,214.35984354628422,767,143
6,339,818.4016990291262,837.0485436893204,824,152
6,340,822.970737913486,1316.262086513995,786,165
6,342,829.8131868131868,443.6945054945055,910,176
6,366,885.228241563055,1072.8357015985791,1126,167
6,365,877.8362445414847,821.9879912663755,916,169
6,363,872.7207718501703,578.1634506242906,881,170
6,361,875.8757763975156,1299.642857142857,1288,175
6,360,869.8968421052632,853.4905263157895,950,171
6,359,867.949545913219,297.9172552976791,991,172
6,358,866.4412489728842,332.85538208709943,1217,174
6,357,861.2157480314961,720.2456692913386,635,173
6,356,858.217665615142,1234.9621451104101,634,177
6,315,763.018158236057,1117.2088197146563,771,95
6,355,858.4464692482916,1266.8564920273348,878,187
6,351,845.503006012024,923.1673346693386,998,180
6,350,844.9734888653235,164.06044538706257,943,182
6,349,840.6218097447796,42.256380510440835,862,179
6,348,839.1849056603774,894.285534591195,795,181
6,347,836.8498402555911,855.3594249201278,626,183
6,346,837.3476144109055,1126.5842259006815,1027,185
6,345,834.9828496042217,713.3839050131926,758,184
6,344,838.1053169734151,195.57668711656441,978,186
6,343,833.7922077922078,1289.3116883116884,693,166
6,353,848.8193277310925,1312.1785714285713,476,391
6,217,535.0687936191425,355.99202392821536,1003,93
6,213,526.5664335664336,816.4090909090909,858,333
6,215,534.4416058394161,733.9169708029198,1096,188
6,81,191.25956284153006,419.3551912568306,366,384
6,79,195.92862684251358,976.2940263770365,1289,193
6,78,196.82275711159738,893.6841721371262,1371,192
6,77,192.15009560229444,1237.0086042065009,1046,194
6,76,189.10556844547563,39.00348027842227,862,195
6,75,188.50451467268624,445.69300225733633,886,383
6,74,191.6236559139785,106.51612903225806,1395,198
6,73,186.8271484375,1064.890625,1024,196
6,72,188.08227848101265,144.18173598553346,1106,197
6,71,180.27373612823675,1180.4364981504316,811,201
6,70,182.73233404710922,596.0642398286938,934,199
6,69,178.22955974842768,776.5534591194969,954,211
6,68,179.00354924578528,563.8056787932564,1127,203
6,67,173.74652777777777,933.9907407407408,864,202
6,66,174.28978388998036,689.5009823182711,1018,204
6,65,166.7987421383648,427.9669811320755,636,205
6,64,166.46578631452581,1111.7478991596638,833,207
6,63,163.97681451612902,857.4667338709677,992,208
6,62,163.8220994475138,659.4563535911602,905,206
6,83,199.77011494252875,798.2288401253918,957,191
6,60,149.87927107061503,827.0501138952164,878,209
6,84,200.73410404624278,256.69075144508673,1038,200
6,86,206.55692307692308,378.66153846153844,975,214
6,107,247.48510638297873,847.8670212765958,940,217
6,106,246.50779327317474,1157.5283018867924,1219,218
6,104,235.70165745856355,1293.8939226519337,905,219
6,103,236.1450116009281,458.4060324825986,862,221
6,102,232.31490384615384,808.2487980769231,832,220
6,101,234.02513464991023,1191.483842010772,1114,222
6,100,232.30214205186022,877.8444193912063,887,223
6,98,223.29289099526068,405.9611374407583,1055,235
6,97,220.62718846549947,128.22966014418125,971,226
6,96,220.5705069124424,726.8801843317972,1085,228
6,95,215.90795454545454,438.1579545454546,880,225
6,94,214.01509433962264,833.1446540880503,795,227
6,93,216.87068114511354,54.69101678183613,1013,229
6,92,215.87974098057353,600.5837187789084,1081,230
6,91,207.59118541033433,1311.7158054711247,658,231
6,90,209.68974700399468,1168.9613848202396,751,233
6,89,211.47853309481218,660.4919499105546,1118,232
6,88,207.52144082332762,768.8507718696397,583,234
6,87,206.07358262967432,1282.7273823884198,829,224
6,85,202.90128205128204,1198.2397435897435,780,213
6,59,142.6853252647504,783.2980332829047,661,210
6,58,145.84431630971994,711.4341021416803,1214,285
6,57,141.0519098922625,1363.633692458374,1021,212
6,30,95.2437337942956,401.30077787381157,1157,272
6,29,72.44318181818181,1080.5092975206612,968,261
6,28,63.64731750219877,869.2506596306068,1137,241
6,27,67.13664596273291,1330.270531400966,1449,240
6,26,60.37596899224806,690.0087209302326,1032,248
6,25,59.79243353783231,641.1533742331288,978,239
6,24,60.93435980551053,805.3662884927066,1234,242
6,23,53.40340909090909,155.15113636363637,880,244
6,22,53.31264637002342,118.51288056206089,854,245
6,21,53.61176470588235,389.6588235294118,1190,246
6,20,49.38726790450929,357.41114058355436,754,243
6,19,43.814498933901916,896.1727078891258,938,249
6,18,44.13107822410148,199.39323467230443,946,259
6,17,33.468200270636,860.4627875507442,739,250
6,16,30.79259259259259,1253.2395061728396,810,252
6,15,30.7997997997998,1071.0900900900901,999,255
6,14,24.709119496855347,749.4984276729559,636,254
6,216,534.198901098901,450.1956043956044,910,258
6,12,23.47634069400631,1038.2831230283912,1268,256
6,31,94.84802431610942,753.676798378926,987,262
6,32,97.32341650671785,643.7024952015355,1042,282
6,33,98.70683111954459,1099.584440227704,1054,281
6,34,103.61196581196582,552.1188034188034,1170,280
6,56,136.83447600391773,154.55729676787465,1021,237
6,54,136.51329394387002,1285.877400295421,1354,260
6,53,133.57685664939552,436.50518134715026,1158,263
6,52,133.32572777340675,1109.6939417781275,1271,238
6,51,131.7819287576021,188.47784535186793,1151,264
6,50,126.3364161849711,1075.1676300578035,865,265
6,49,124.69788519637463,799.095166163142,662,266
6,48,127.1139646869984,27.662921348314608,1246,267
6,47,123.32132424537488,117.71372930866602,1027,268
6,109,250.31500465983225,319.62068965517244,1073,215
6,46,124.11775043936731,924.4551845342706,1138,269
6,43,119.04260089686099,825.9002242152467,892,271
6,42,119.05615763546798,481.1241379310345,1015,273
6,41,110.3929503916449,604.3864229765013,766,283
6,40,111.55555555555556,669.9404761904761,1008,274
6,39,106.66206896551724,147.2735632183908,870,275
6,38,105.60072376357057,1141.639324487334,829,276
6,37,104.7560706401766,948.9492273730684,906,277
6,36,107.91362359550561,705.8356741573034,1424,278
6,35,97.96193771626298,582.0086505190311,578,279
6,44,121.66278101582014,859.9858451290592,1201,270
6,110,254.48423265592152,772.5185704274702,1427,216
6,13,28.20092378752887,1102.5115473441108,866,253
6,112,265.8068077276909,1228.9751609935602,1087,284
6,111,256.7264851485148,241.61881188118812,808,236
6,187,465.4154154154154,187.44944944944945,999,290
6,186,466.1243523316062,1330.7806563039724,1158,291
6,185,457.72366930917326,1253.599093997735,883,292
6,184,454.4791666666667,1220.2045454545455,1056,293
6,182,451.01103565365025,1103.9957555178269,1178,294
6,181,436.780487804878,343.99825783972125,1148,297
6,180,432.2541766109785,186.10978520286397,838,307
6,179,432.3581514762516,121.97304236200257,779,298
6,178,431.2706692913386,758.9271653543307,1016,299
6,177,431.40277777777777,218.41239316239316,936,300
6,175,430.353055916775,966.1209362808843,1538,302
6,174,427.65225744476464,903.95292987512,1041,301
6,173,421.4886649874055,432.53652392947106,794,303
6,172,410.8293103448276,456.76206896551724,580,304
6,170,411.5628902765388,1338.1347011596788,1121,305
6,169,403.9538638985006,843.0519031141869,867,332
6,168,396.2512,476.4816,625,306
6,167,400.7914364640884,1183.1657458563536,1448,308
6,189,472.67236954662104,665.6698032506416,1169,287
6,166,394.1531291611185,320.4340878828229,751,342
6,190,472.2490272373541,255.77237354085602,1028,296
6,192,479.8272642390289,434.6470588235294,1071,320
6,214,533.4821717990276,112.36061588330632,1234,190
6,212,527.6015299026426,190.0305980528512,1438,313
6,211,520.9284963196635,387.0588853838065,951,312
6,210,520.4981862152358,1290.6130592503023,827,314
6,209,520.075,483.6177083333333,960,315
6,207,517.3989528795812,621.0230366492146,955,311
6,206,510.96946564885496,1004.9179389312977,1048,317
6,205,508.7865296803653,908.9703196347032,876,316
6,204,514.1195716835217,551.1766805472932,1681,318
6,203,504.3246887966805,1242.2053941908714,964,319
6,202,506.3493690851735,652.0812302839116,1268,323
6,201,503.187265917603,1312.939138576779,1068,331
6,200,499.6564215148189,1075.0351262349068,911,324
6,199,498.94611239414934,697.008468052348,1299,322
6,198,495.42745535714283,173.67745535714286,896,327
6,197,489.7022727272727,145.9125,880,328
6,195,483.23594470046083,55.70783410138249,1085,329
6,194,480.07735321528423,751.3699906803355,1073,330
6,193,480.39339875111506,573.8911685994648,1121,310
6,191,470.73555840821564,124.27214377406932,779,309
6,165,392.0583232077764,816.9404617253949,823,361
6,188,470.4965811965812,1187.8615384615384,1170,288
6,163,394.56006628003314,1232.059652029826,1207,360
6,136,323.04290822407626,400.40405244338496,839,336
6,135,316.64,916.5266666666666,1050,339
6,134,312.7492625368732,46.57079646017699,678,337
6,133,311.8317757009346,163.19859813084113,856,338
6,131,304.11555555555555,354.67822222222225,1125,340
6,130,299.7625730994152,1016.5216374269006,855,341
6,129,295.26525529265257,1367.6936488169365,803,334
6,127,294.1967905405405,774.0701013513514,1184,344
6,126,292.4519230769231,508.675,1040,345
6,125,290.8412162162162,1191.277027027027,1184,346
6,123,281.6275579809004,113.48840381991815,733,347
6,120,279.98376852505294,452.09456598447423,1417,348
6,119,275.3931339977852,86.25359911406423,903,349
6,118,270.10765550239233,976.2535885167464,836,351
6,117,268.1430575035063,1364.5343618513325,713,393
6,115,260.10840707964604,1188.4800884955753,452,352
6,114,263.4261780104712,811.8125654450262,955,286
6,164,395.5612009237875,147.94996150885297,1299,358
6,113,263.97353914002207,493.93384785005514,907,353
6,137,322.3817914831131,759.3127753303964,681,335
6,138,328.48897338403043,1286.0182509505703,1315,356
6,128,292.60426179604264,1047.144596651446,657,343
6,140,336.4675467546755,123.76732673267327,1818,364
6,162,391.84834663626,1127.9190421892818,877,359
6,139,320.8458149779736,1108.795154185022,454,354
6,160,384.3330618892508,1289.4144951140065,1228,363
6,158,374.50520231213875,41.93757225433526,865,368
6,157,365.46597462514416,232.61937716262975,867,367
6,156,364.59630606860156,151.5527704485488,758,365
6,155,364.79514255543825,755.1055966209082,947,370
6,154,362.78369652945923,312.6464891041162,1239,366
6,153,359.29777777777775,810.0666666666667,675,394
6,152,354.06569343065695,723.5328467153284,1233,377
6,161,389.08395061728396,785.4526748971193,1215,362
6,150,347.53477765108323,1107.9532497149373,877,376
6,151,351.2195945945946,73.47184684684684,888,369
6,142,327.71550255536624,1131.695059625213,587,357
6,143,331.9732510288066,1357.5905349794239,972,374
6,144,340.1272893772894,1076.4551282051282,1092,372
6,141,330.027114967462,600.4316702819957,922,355
6,147,343.30117647058825,784.4776470588235,1275,378
6,148,343.9533404029693,199.00106044538705,943,371
6,149,339.49455040871936,232.67029972752044,734,390
6,145,337.89901823281906,172.06451612903226,713,375
7,276,656.7443461160275,614.8003933136677,1017,9
7,282,673.9272151898734,439.996835443038,948,7
7,281,674.1555312157722,255.81380065717414,913,3
7,280,666.3012379642366,335.26822558459423,727,5
7,279,667.0566371681416,1344.737168141593,1130,6
7,283,674.4541947926712,710.2478302796528,1037,2
7,278,667.3039953676896,983.5836711059641,1727,8
7,277,657.0456273764258,913.004752851711,1052,11
7,275,654.6899038461538,879.9242788461538,832,10
7,269,652.9208588957056,1279.8926380368098,1630,15
7,273,651.8392621870883,147.69038208168644,759,14
7,272,651.377358490566,177.69182389937106,1113,16
7,271,649.2444933920705,210.2213656387665,908,13
7,268,650.0069124423964,1109.0299539170508,1302,17
7,267,645.8756157635468,852.25,812,18
7,266,642.619209039548,257.45762711864404,885,72
7,265,643.7858736059479,1234.95687732342,1345,19
7,284,675.9653110047847,225.63875598086125,836,20
7,274,652.7974276527331,1201.4737406216507,933,12
7,285,673.8758389261745,55.59395973154363,596,1
7,309,757.8174976481656,832.4666039510819,1063,69
7,287,684.1911392405063,1086.1772151898733,790,22
7,308,757.6238591916558,57.8767926988266,1534,25
7,307,743.948424068768,719.6905444126074,698,27
7,306,740.179945054945,692.1813186813187,728,28
7,305,742.8461538461538,269.85264133456906,1079,29
7,304,735.9291166848419,1144.6008724100327,917,30
7,303,738.954766875435,1358.0681976339597,1437,31
7,302,727.0627615062762,664.5836820083682,478,34
7,300,727.1436114044351,844.7328405491024,947,32
7,299,725.975338106603,634.1646778042959,1257,44
7,298,712.0822454308094,180.97127937336813,766,37
7,297,711.8185231539425,607.9236545682103,799,36
7,296,710.433249370277,1223.3790931989925,794,38
7,295,709.4574368568756,1066.0102899906456,1069,39
7,294,710.865969581749,690.8574144486691,1052,35
7,293,703.2626582278481,210.17088607594937,948,41
7,292,698.7126068376068,1112.8985042735044,936,40
7,291,693.1147994467497,667.551867219917,723,42
7,290,695.1347926267281,389.0241935483871,868,43
7,288,684.5527488855869,184.08023774145616,673,23
7,286,683.1950617283951,84.6559670781893,1215,21
7,264,639.5667903525047,733.6122448979592,1078,33
7,219,534.9289719626169,791.1813084112149,535,381
7,262,633.2153846153847,357.24102564102566,780,45
7,237,585.1428571428571,1099.951048951049,1001,51
7,236,581.8695652173913,1346.993043478261,1150,52
7,235,580.5579831932773,769.1689075630252,1190,54
7,234,577.3576470588235,327.57529411764705,850,53
7,233,568.1823647294589,1314.938877755511,998,55
7,232,566.4776274713839,1146.0093652445369,961,56
7,231,567.976460331299,708.2476024411508,1147,58
7,230,564.125,968.6727642276422,984,68
7,229,561.2973913043478,746.2747826086957,575,59
7,228,563.2587486744433,567.4146341463414,943,60
7,227,554.921875,918.5208333333334,960,61
7,226,552.6359499431172,385.5585893060296,879,63
7,225,546.9747899159664,478.2408963585434,357,389
7,224,553.9688449848024,1084.5759878419453,1316,62
7,223,548.7844408427877,771.8087520259319,617,64
7,222,549.7005856515374,79.6259150805271,1366,65
7,221,545.6134078212291,1222.1262569832402,895,66
7,220,548.3958171959721,1024.425251742835,1291,67
7,310,754.9966960352423,1168.125550660793,908,24
7,238,590.2199248120301,895.4624060150376,1064,50
7,263,635.5779981965735,1315.0180342651038,1109,46
7,239,592.269435569755,546.2002129925453,939,48
7,241,593.5866141732283,976.4527559055118,762,49
7,261,633.0821799307959,822.5337370242214,1156,47
7,260,633.0574626865672,1065.384328358209,1340,73
7,259,623.5173745173745,556.4044401544402,1036,77
7,258,620.4867886178862,883.1717479674796,984,78
7,257,617.6084959816303,1096.9690011481057,871,76
7,256,617.5445026178011,218.27120418848168,955,79
7,255,618.5207100591716,1348.2282333051564,1183,85
7,254,615.2918756268806,620.8114343029088,997,92
7,253,614.2227912932138,376.7426376440461,781,84
7,252,613.5349462365591,1213.2916666666667,744,82
7,251,613.3329583802025,250.23509561304837,889,89
7,250,612.6086461888509,717.4277588168374,879,83
7,249,610.4850843060959,1004.3527885862517,771,86
7,248,608.568065506653,330.10133060388944,977,87
7,247,607.4678423236514,1034.0477178423237,964,91
7,246,605.4533600802407,174.358074222668,997,90
7,244,601.0331061343719,1315.7215189873418,1027,81
7,243,604.5008680555555,1155.0894097222222,1152,71
7,242,599.844578313253,1186.1481927710843,830,70
7,240,592.4821002386635,1243.5393794749402,838,57
7,311,760.3629124004551,321.4618885096701,879,189
7,362,885.6585160202361,1073.0185497470488,1186,167
7,313,761.0,1089.3126721763085,726,94
7,385,941.8663194444445,623.2473958333334,1152,96
7,384,936.8150984682713,811.960612691466,914,98
7,383,939.4405218726017,1289.7805065234074,1303,97
7,382,935.3107104984093,463.31813361611876,943,99
7,381,933.9337539432177,518.2124079915878,951,100
7,380,932.7208765859285,549.1926182237601,867,102
7,379,931.8126338329764,1339.3169164882227,934,101
7,378,935.4990059642147,266.2127236580517,1509,103
7,377,924.8137142857142,354.80914285714283,875,104
7,376,920.6466257668711,774.3030674846626,815,105
7,375,923.4117250673854,105.3733153638814,1484,106
7,373,917.3904320987655,1313.8549382716049,648,107
7,372,916.3254132231405,1228.7345041322315,968,108
7,371,912.0833333333334,1030.2273550724638,1104,109
7,370,907.5141955835962,839.553101997897,951,111
7,369,902.841628959276,1336.524886877828,663,110
7,368,901.3490683229813,327.9826086956522,805,112
7,367,902.9323753169907,565.8512256973795,1183,113
7,366,897.0402234636872,234.66703910614524,895,114
7,386,947.8706166868199,1139.1656590084642,827,115
7,365,891.1112469437653,1268.0048899755502,818,140
7,388,948.4553571428571,709.8497023809524,672,117
7,390,953.6120789779326,842.6968641114983,861,118
7,218,534.4070021881838,449.87089715536104,914,258
7,410,1021.1203703703703,487.36213991769546,972,119
7,407,1004.3673257023934,1281.1207075962539,961,122
7,406,997.7532467532468,996.9272727272727,770,121
7,405,997.522491349481,252.9273356401384,867,123
7,404,995.5841949778435,1181.4785819793206,1354,124
7,403,984.8325183374083,68.12591687041565,818,130
7,402,985.8780701754386,817.709649122807,1140,125
7,401,981.147315855181,720.9026217228464,801,126
7,411,1019.6083333333333,179.25595238095238,840,120
7,399,980.1071428571429,1360.5898268398269,924,129
7,398,976.0643044619422,1038.4960629921259,762,139
7,397,975.7764449291167,915.8080697928026,917,132
7,396,977.3085399449036,227.8852157943067,1089,131
7,395,980.0360110803324,33.86980609418283,1444,133
7,394,975.695652173913,396.199209486166,1265,134
7,393,956.5880503144654,1250.49213836478,636,137
7,392,956.6138613861386,1224.5502121640736,707,136
7,391,958.5227097767513,1107.5966127790607,1299,138
7,389,955.5347349177331,82.80804387568556,1094,116
7,312,761.4924623115578,866.7527638190954,995,26
7,364,883.9194630872483,537.1196868008949,894,142
7,361,878.1854304635762,822.7505518763797,906,169
7,332,812.1708586296618,622.9514310494362,1153,145
7,331,807.0148367952522,369.03560830860533,674,146
7,330,808.0481481481481,332.8358024691358,810,150
7,329,807.7504950495049,1186.4772277227723,1010,147
7,328,801.6937354988399,19.17401392111369,862,149
7,327,799.002358490566,1153.8573113207547,848,153
7,326,798.5157170923379,302.4027504911591,1018,151
7,325,799.4848719937936,996.4290147401086,1289,163
7,324,791.2915632754342,838.1414392059553,806,154
7,323,790.1457364341085,580.3612403100775,645,155
7,322,791.4933333333333,649.6123076923077,975,156
7,321,782.0837438423646,1247.5330049261083,1015,157
7,320,768.9864253393665,565.844645550528,663,158
7,319,770.4821802935011,249.60167714884696,954,160
7,318,766.8888888888889,630.7503267973856,765,159
7,317,770.7222222222222,399.43279569892474,1116,164
7,316,769.2494600431966,704.5345572354212,926,161
7,315,767.2742358078602,139.8995633187773,1145,162
7,314,762.6984732824427,1117.3727735368957,786,95
7,334,810.3425324675325,395.3863636363636,616,144
7,363,880.3597464342314,1240.554675118859,631,168
7,335,815.2464516129032,213.91225806451612,775,143
7,337,823.0703324808184,1315.690537084399,782,165
7,360,873.1252747252747,578.8373626373626,910,170
7,358,876.6616242038217,1299.59474522293,1256,175
7,357,869.4257112750263,854.3498419388831,949,171
7,356,868.3963599595551,297.8695652173913,989,172
7,355,862.3149847094801,720.2262996941896,654,173
7,354,866.8449799196787,333.0883534136546,1245,174
7,353,859.2009184845006,1267.2468427095293,871,187
7,352,858.383775351014,1235.1591263650546,641,177
7,350,849.4674115456238,1313.1750465549349,537,391
7,348,845.4723926380368,923.6339468302658,978,180
7,347,845.3157338965153,163.91763463569166,947,182
7,346,840.9886621315193,40.80612244897959,882,179
7,345,839.314930991217,894.33626097867,797,181
7,344,836.9905808477237,855.4740973312402,637,183
7,343,838.9010989010989,195.7772227772228,1001,186
7,342,835.6327827191868,713.2426937738246,787,184
7,341,834.2163323782235,1289.051575931232,698,166
7,340,832.8784140969163,1125.888986784141,1135,185
7,339,830.3440860215054,443.48924731182797,930,176
7,336,818.7490864799025,836.6199756394641,821,152
7,217,535.1431411530815,356.08946322067595,1006,93
7,400,984.986531986532,179.7718855218855,1188,127
7,215,533.7288817377313,112.8189863234111,1243,190
7,83,200.38181818181818,798.6393939393939,990,191
7,82,192.15123456790124,419.33641975308643,324,384
7,80,196.0321100917431,976.3440366972477,1308,193
7,79,196.87383512544804,893.5168458781362,1395,192
7,78,192.72727272727272,1237.087160262418,1067,194
7,77,189.18430034129693,39.24232081911263,879,195
7,76,188.99668874172184,445.3962472406181,906,383
7,75,191.8005617977528,106.3813202247191,1424,198
7,74,187.3477011494253,1065.6005747126437,1044,196
7,73,188.13256227758006,144.4341637010676,1124,197
7,72,180.74162679425837,1180.2296650717703,836,201
7,71,183.14002089864158,596.294670846395,957,199
7,70,178.14676113360323,776.5475708502024,988,211
7,69,179.79265091863516,563.6587926509186,1143,203
7,68,173.55594002306805,934.0230680507497,867,202
7,67,175.38813229571986,689.1877431906614,1028,204
7,66,166.88503937007874,427.81574803149607,635,205
7,65,167.5157894736842,1112.0526315789473,855,207
7,63,164.6757852077001,857.369807497467,987,208
7,85,201.2909952606635,256.4995260663507,1055,200
7,61,149.98096304591266,827.2877939529675,893,209
7,86,203.67650834403082,1198.1232349165598,779,213
7,88,206.25680473372782,1282.7230769230769,845,224
7,109,250.52864583333334,319.67534722222223,1152,215
7,108,248.10227272727272,847.8223140495868,968,217
7,106,246.83870967741936,1157.0959677419355,1240,218
7,105,236.87645687645687,458.8881118881119,858,221
7,103,236.1057173678533,1294.187702265372,927,219
7,102,234.83392539964476,1191.5479573712255,1126,222
7,101,232.72333333333333,877.6655555555556,900,223
7,100,232.7780401416765,808.3199527744982,847,220
7,99,223.59154929577466,406.12488262910796,1065,235
7,98,221.44241316270566,726.4625228519195,1094,228
7,97,220.96258847320524,128.46006066734074,989,226
7,96,216.6726862302483,438.79571106094807,886,225
7,95,214.40096618357487,833.5289855072464,828,227
7,94,216.3909090909091,600.6936363636364,1100,230
7,93,217.41489361702128,54.58220502901354,1034,229
7,92,210.16822429906543,1169.1108144192256,749,233
7,91,207.88011695906434,1312.046783625731,684,231
7,90,207.64212328767124,768.9400684931506,584,234
7,89,211.20386643233743,660.5474516695958,1138,232
7,87,207.23833167825222,378.4180734856008,1007,214
7,110,254.96710075394105,772.4605894448252,1459,216
7,60,146.9072416598861,710.9202603742881,1229,285
7,58,141.40115163147792,1363.3742802303263,1042,212
7,30,95.56006768189509,401.1175972927242,1182,272
7,29,72.73721163490471,1080.1835506519558,997,261
7,28,64.76354256233878,869.1134995700774,1163,241
7,27,67.5962691538974,1329.7588274483678,1501,240
7,26,60.737440758293836,690.0663507109005,1055,248
7,25,60.131,640.983,1000,239
7,24,60.93964858670741,805.0282658517953,1309,242
7,23,53.57057416267943,118.5346889952153,836,245
7,22,53.80842279108175,389.7762180016515,1211,246
7,21,49.861757105943155,357.2739018087855,774,243
7,20,44.162473794549264,895.9832285115303,954,249
7,19,44.354166666666664,198.98125,960,259
7,18,34.147214854111404,859.9668435013263,754,250
7,17,30.872289156626508,1253.056626506024,830,252
7,16,32.92578125,1071.1826171875,1024,255
7,15,24.334375,752.75625,640,254
7,14,28.520501138952163,1102.6002277904329,878,253
7,13,23.801684532924963,1038.166921898928,1306,256
7,216,535.0454545454545,733.8948306595365,1122,188
7,31,96.87988560533842,643.4947569113441,1049,282
7,59,142.7927927927928,783.1111111111111,666,210
7,33,98.89302325581396,1099.8,1075,281
7,35,99.03264604810997,582.2268041237113,582,279
7,57,137.3342995169082,154.4705314009662,1035,237
7,55,136.96131386861313,1285.5970802919708,1370,260
7,54,133.77947413061918,436.9431721798134,1179,263
7,53,134.21283018867925,1109.5350943396227,1325,238
7,52,132.37413793103448,188.81206896551726,1160,264
7,51,126.6330690826727,1074.7950169875426,883,265
7,50,124.82522796352583,799.0820668693009,658,266
7,49,127.31294117647059,27.87764705882353,1275,267
7,48,123.61486486486487,117.58108108108108,1036,268
7,47,124.62048192771084,924.710843373494,1162,269
7,45,122.02570480928689,860.1757877280265,1206,270
7,44,119.05493273542601,825.8340807174887,892,271
7,42,119.39788053949904,481.0038535645472,1038,273
7,41,110.82398956975229,604.2868318122555,767,283
7,40,112.58171206225681,669.2947470817121,1028,274
7,39,106.6642685851319,1141.6786570743404,834,276
7,38,106.82642777155655,147.39417693169094,893,275
7,37,104.89935064935065,949.5032467532468,924,277
7,36,108.48832417582418,705.4615384615385,1456,278
7,34,104.28831814415908,552.1275890637945,1207,280
7,111,257.2425328554361,241.49223416965353,837,236
7,62,164.1313240043057,659.0495156081809,929,206
7,113,264.3311758360302,493.75188781014026,927,353
7,190,472.7661971830986,255.8676056338028,1065,296
7,188,465.64936336924586,187.60626836434867,1021,290
7,187,466.23063829787236,1330.9685106382979,1175,291
7,186,458.05145413870247,1253.5693512304251,894,292
7,185,455.13940520446096,1220.3401486988848,1076,293
7,183,451.1976647206005,1103.9866555462886,1199,294
7,182,437.0863369656329,344.0360435875943,1193,297
7,181,432.6527446300716,186.11217183770884,838,307
7,180,432.3816120906801,121.93450881612091,794,298
7,179,431.64026717557255,758.9236641221374,1048,299
7,178,431.81981032665965,218.52265542676503,949,300
7,176,427.90507518796994,903.6475563909775,1064,301
7,175,430.6742470805163,966.1782421634911,1627,302
7,174,421.65130759651305,432.3225404732254,803,303
7,172,411.06756756756755,457.06081081081084,592,304
7,171,411.77973568281936,1338.1013215859032,1135,305
7,170,404.3269447576099,843.1454340473506,887,332
7,169,396.2003231017771,476.79321486268174,619,306
7,168,401.1616847826087,1183.1283967391305,1472,308
7,191,470.7093908629442,124.02918781725889,788,309
7,167,394.53534031413614,320.2238219895288,764,342
7,192,480.2747053490481,434.34723481414323,1103,320
7,194,480.80392156862746,751.210338680927,1122,330
7,214,527.0549828178695,816.4536082474227,873,333
7,112,266.18336314847943,1229.1153846153845,1118,284
7,213,528.7227241139681,189.66574009728978,1439,313
7,212,520.7829218106996,387.2695473251029,972,312
7,211,520.6253012048193,1290.3397590361446,830,314
7,210,520.394923857868,483.63654822335025,985,315
7,208,515.5853391684901,619.652078774617,914,311
7,207,511.42667928098393,1004.8514664143803,1057,317
7,206,508.9821627647715,908.8784838350056,897,316
7,205,514.3402898550725,550.7513043478261,1725,318
7,204,504.7128205128205,1242.6010256410257,975,319
7,203,503.7013953488372,1312.8827906976744,1075,331
7,202,500.43132220795894,705.7188703465982,779,322
7,201,500.1799787007455,1075.395101171459,939,324
7,200,502.7185892725937,650.7788390889052,1361,323
7,199,493.98285714285714,682.2071428571429,700,325
7,198,496.1434782608696,173.5717391304348,920,327
7,197,489.88863636363635,145.78863636363636,880,328
7,195,483.78727272727275,55.93818181818182,1100,329
7,193,480.5554585152838,573.6890829694323,1145,310
7,166,392.5571600481348,816.6666666666666,831,361
7,189,470.8798646362098,1187.5862944162436,1182,288
7,164,395.10277324632955,1231.8792822185972,1226,360
7,138,323.17167381974247,758.5121602288984,699,335
7,137,323.4929906542056,400.6682242990654,856,336
7,136,317.1232492997199,916.5340802987862,1071,339
7,135,313.12589413447785,46.52360515021459,699,337
7,134,312.3414634146341,162.98025551684088,861,338
7,133,305.0206834532374,353.896582733813,1112,340
7,131,300.1528735632184,1016.3862068965517,870,341
7,130,293.25075987841944,1046.9407294832827,658,343
7,129,294.3467455621302,1367.7656804733729,845,334
7,139,328.8359550561798,1285.8397003745317,1335,356
7,128,294.734219269103,774.014119601329,1204,344
7,126,291.55481171548115,1190.963179916318,1195,346
7,124,282.3937753721245,113.1894451962111,739,347
7,120,280.17594501718213,451.12439862542954,1455,348
7,119,275.441431670282,85.79609544468546,922,349
7,118,270.446511627907,975.7081395348837,860,351
7,117,267.3815426997245,1361.9710743801652,726,393
7,116,266.9351351351351,1045.3905405405405,740,395
7,165,395.6977443609023,147.60375939849624,1330,358
7,114,264.38057142857144,812.5725714285715,875,286
7,127,292.79017013232516,508.76748582230624,1058,345
7,140,323.42807625649914,1108.4020797227035,577,354
7,115,261.12179487179486,1188.0470085470085,468,352
7,142,327.0144694533762,1132.411575562701,622,357
7,141,336.4033297529538,123.46509129967777,1862,364
7,162,389.4975806451613,784.8185483870968,1240,362
7,161,384.2062600321027,1289.3499197431781,1246,363
7,159,375.2340909090909,41.85795454545455,880,368
7,158,365.73932584269664,232.31348314606743,890,367
7,157,364.5223097112861,151.71391076115486,762,365
7,156,365.4305120167189,755.1619644723093,957,370
7,155,360.0946142649199,810.2416302765648,687,394
7,154,362.6563944530046,312.48073959938364,1298,366
7,163,392.3028953229399,1128.0801781737193,898,359
7,152,351.55233853006683,72.956570155902,898,369
7,150,344.12422360248445,199.35610766045548,966,371
7,149,338.9696569920844,233.13852242744062,758,390
7,148,343.7625676720804,784.4880123743233,1293,378
7,146,338.28551532033424,172.36629526462394,718,375
7,145,340.52095808383234,1077.3490162532078,1169,372
7,144,332.43245967741933,1357.141129032258,992,374
7,143,330.62098501070665,600.1573875802998,934,355
7,153,354.4255663430421,723.495145631068,1236,377
8,260,643.0994953136266,1235.6964671953858,1387,19
8,274,666.7932801822324,983.8411161731208,1756,8
8,275,666.315424610052,1344.8032928942807,1154,6
8,279,674.1410984848485,710.5189393939394,1056,2
8,277,673.7202572347267,255.96891747052518,933,3
8,278,673.6659729448492,440.1602497398543,961,7
8,273,656.9474178403756,913.2215962441314,1065,11
8,276,665.9945725915875,334.70827679782906,737,5
8,272,655.8043684710351,615.0816714150047,1053,9
8,267,650.948006932409,177.99046793760832,1154,16
8,269,651.9286624203821,147.18343949044586,785,14
8,268,652.3399374348279,1201.5474452554745,959,12
8,266,647.7111834961997,211.00760043431052,921,13
8,265,653.1098901098901,1279.4580682475419,1729,15
8,264,649.8582034149963,1109.3066072754268,1347,17
8,263,645.8989169675091,852.7292418772563,831,18
8,261,642.1925925925926,262.41269841269843,945,72
8,280,675.175355450237,225.31398104265404,844,20
8,270,654.1420118343195,880.8934911242603,845,10
8,281,673.7458193979933,55.33946488294314,598,1
8,292,709.8084291187739,1223.42656449553,783,38
8,283,684.0349563046192,1086.9612983770287,801,22
8,259,638.8608852755194,734.1951219512196,1107,33
8,303,743.6137931034483,720.4289655172414,725,27
8,302,739.9418132611637,692.0189445196211,739,28
8,301,741.7504621072088,270.047134935305,1082,29
8,304,757.0504148053606,58.0516911295469,1567,25
8,300,735.0402116402116,1144.6772486772486,945,30
8,299,738.4320819112628,1358.134470989761,1465,31
8,298,725.8963282937365,665.390928725702,463,34
8,296,726.5794871794872,844.6092307692307,975,32
8,295,725.5666666666667,634.7286821705426,1290,44
8,294,711.4319306930693,607.9220297029703,808,36
8,293,711.9820742637644,180.4135723431498,781,37
8,291,710.3526660430309,692.0832553788588,1069,35
8,290,709.0280036133695,1065.7046070460704,1107,39
8,289,703.0747950819672,210.22745901639345,976,41
8,288,699.6211962224554,1113.3578174186778,953,40
8,287,692.8104395604396,667.8791208791209,728,42
8,286,695.0438695163105,388.9111361079865,889,43
8,284,684.1593567251462,184.16228070175438,684,23
8,282,682.7415730337078,84.76083467094703,1246,21
8,258,634.93458781362,1314.717741935484,1116,46
8,212,534.827352085354,356.2764306498545,1031,93
8,256,632.6824724809484,822.7933954276037,1181,47
8,231,581.2521663778163,1347.0563258232235,1154,52
8,230,576.7607934655776,327.8471411901984,857,53
8,229,580.1423841059602,768.8783112582781,1208,54
8,228,566.8950437317784,1314.6997084548104,1029,55
8,227,566.0239520958083,1146.0149700598802,1002,56
8,226,567.7150170648464,708.0494880546075,1172,58
8,225,563.8712871287129,969.0009900990099,1010,68
8,224,560.7836879432624,745.7890070921986,564,59
8,223,562.738219895288,567.6942408376964,955,60
8,222,554.2992776057791,918.7481940144479,969,61
8,221,552.4860335195531,385.9888268156425,895,63
8,219,553.5594353640416,1084.6419019316493,1346,62
8,218,548.2365079365079,771.6047619047619,630,64
8,217,545.0360262008734,1222.0545851528384,916,66
8,216,548.058599695586,1024.3340943683409,1314,67
8,215,549.1046263345196,79.95516014234876,1405,65
8,214,534.6375,791.425,560,381
8,213,534.7225738396625,450.2415611814346,948,258
8,305,754.6305048335123,1168.1020408163265,931,24
8,232,584.853,1100.27,1000,51
8,257,633.26875,357.51375,800,45
8,233,589.1243093922652,895.1206261510129,1086,50
8,235,592.0961313012896,1243.7831184056272,853,57
8,255,632.7501831501831,1066.1538461538462,1365,73
8,254,623.3881019830028,556.7894239848914,1059,77
8,253,619.9784102060844,883.3042198233562,1019,78
8,252,616.6891428571429,1097.7142857142858,875,76
8,251,618.176614881439,1348.6434995911693,1223,85
8,250,613.3196829590489,1213.1875825627476,757,82
8,249,614.5609514370664,620.6580773042616,1009,92
8,248,613.5969581749049,377.06717363751585,789,84
8,247,613.3801104972375,250.04640883977902,905,89
8,246,615.1183431952662,217.16173570019723,1014,79
8,245,611.9846153846154,717.2824175824176,910,83
8,244,610.1441213653603,1004.5726927939318,791,86
8,243,608.0713567839196,330.4934673366834,995,87
8,242,607.431654676259,1034.737923946557,973,91
8,241,605.0372184133203,174.59941234084232,1021,90
8,239,600.3095467695275,1315.9845708775313,1037,81
8,238,604.1006768189509,1155.2648054145516,1182,71
8,237,598.8157894736842,1186.4222488038276,836,70
8,236,593.979797979798,976.4835858585859,792,49
8,234,592.1178278688525,546.7407786885246,976,48
8,306,757.8038852913969,832.0712303422757,1081,69
8,406,1020.3815789473684,487.5374493927126,988,119
8,308,759.6348501664817,322.1953385127636,901,189
8,379,939.076409495549,1290.5979228486647,1348,97
8,378,935.0125523012553,463.2458158995816,956,99
8,377,933.8934169278997,518.042842215256,957,100
8,376,931.5417106652587,1340.428722280887,947,101
8,375,932.4389140271493,549.2420814479638,884,102
8,374,935.099674267101,266.55374592833874,1535,103
8,373,924.4692049272116,354.75811870100785,893,104
8,372,920.106976744186,774.296511627907,860,105
8,371,923.1795379537954,105.01056105610562,1515,106
8,369,916.5589586523737,1314.8269525267995,653,107
8,368,915.9837563451777,1228.7766497461928,985,108
8,367,911.297153024911,1029.8985765124555,1124,109
8,366,907.2044989775051,837.1104294478528,978,111
8,365,902.2695139911634,1337.581737849779,679,110
8,364,900.7956469165659,327.9431680773881,827,112
8,363,902.4687760199834,566.2697751873438,1201,113
8,362,896.5753575357536,235.02310231023102,909,114
8,361,891.0215568862276,1268.7437125748504,835,140
8,360,880.614088820827,1240.6584992343032,653,168
8,380,936.6659436008676,811.3373101952278,922,98
8,359,883.5246981339187,537.1053787047201,911,142
8,381,941.5643648763853,623.538789428815,1173,96
8,384,948.3082489146165,710.0347322720695,691,117
8,211,534.0678414096916,734.095154185022,1135,188
8,405,1018.7903415783275,179.4829210836278,849,120
8,402,997.2667509481669,996.9443742098609,791,121
8,401,997.16915995397,253.18872266973534,869,123
8,399,985.7979214780601,68.58083140877598,866,130
8,398,985.6069264069264,817.495238095238,1155,125
8,397,980.8955773955774,720.9213759213759,814,126
8,396,984.4654300168634,179.9654300168634,1186,127
8,395,979.6056034482758,1361.1519396551723,928,129
8,394,975.5158831003812,1039.3634053367218,787,139
8,393,975.6160427807487,915.8299465240642,935,132
8,392,977.3228417266187,227.5134892086331,1112,131
8,391,979.5674763832659,34.067476383265856,1482,133
8,390,975.580670303975,396.3624318004677,1283,134
8,389,955.9458598726114,1250.3805732484077,628,137
8,388,956.1938633193863,1224.4672245467225,717,136
8,387,954.9531459170014,842.09906291834,747,118
8,386,958.3383121732636,1107.6138909634055,1339,138
8,385,955.8250676284941,83.2326420198377,1109,116
8,382,947.4211150652432,1139.2870699881375,843,115
8,307,760.9634748272458,866.618953603159,1013,26
8,358,885.0898692810457,1073.1928104575163,1224,167
8,356,872.1163793103449,579.0441810344828,928,170
8,327,806.700296735905,368.91691394658756,674,146
8,326,807.2100737100737,332.94963144963145,814,150
8,325,807.4353741496599,1186.1690962099126,1029,147
8,324,800.7136612021858,18.52896174863388,915,149
8,323,798.4373549883991,1153.5568445475637,862,153
8,322,798.0294676806084,302.4334600760456,1052,151
8,321,799.1253822629969,996.4824159021407,1308,163
8,320,790.4939172749391,838.4659367396594,822,154
8,319,789.5981735159818,580.8614916286149,657,155
8,318,791.6738916256157,650.0669950738916,1015,156
8,317,781.6288167938932,1247.7356870229007,1048,157
8,316,768.5592705167173,565.7127659574468,658,158
8,315,770.1135190918473,249.65737874097007,969,160
8,314,768.9757639620653,704.7007376185459,949,161
8,313,766.4577553593947,631.0529634300126,793,159
8,312,769.8350694444445,400.1701388888889,1152,164
8,311,768.9813559322034,140.89745762711865,1180,162
8,310,761.6520100502513,1117.5213567839196,796,95
8,309,760.7348586810228,1089.313593539704,743,94
8,328,812.0094097519247,622.7168520102651,1169,145
8,357,876.6405228758169,821.355119825708,918,169
8,330,812.9465408805031,394.72169811320754,636,144
8,332,818.1859052247873,836.8396111786149,823,152
8,355,876.4106858054226,1299.7296650717703,1254,175
8,353,869.0183861082737,853.9836567926455,979,171
8,352,867.8170854271357,297.8763819095477,995,172
8,351,862.2109144542773,720.1283185840708,678,173
8,350,866.3388888888888,333.4793650793651,1260,174
8,349,859.379271070615,1267.250569476082,878,187
8,348,857.7095310136158,1235.2284417549167,661,177
8,346,848.9458041958042,1314.041958041958,572,391
8,344,845.0301204819277,923.597389558233,996,180
8,343,844.9453608247422,164.05670103092783,970,182
8,342,839.7649301143583,893.6569250317661,787,181
8,341,840.3366666666667,40.74111111111111,900,179
8,340,835.962852897474,856.8930163447251,673,183
8,339,838.5741293532338,196.00497512437812,1005,186
8,338,835.2377972465582,713.7234042553191,799,184
8,337,833.3214793741109,1288.796586059744,703,166
8,336,832.4514187446259,1126.0928632846087,1163,185
8,335,830.0334029227557,443.8141962421712,958,176
8,333,822.7198492462312,1316.0992462311558,796,165
8,331,814.8123425692695,214.80352644836273,794,143
8,210,533.7454545454545,113.53596837944664,1265,190
8,400,995.6523947750363,1181.8287373004355,1378,124
8,208,528.3299526707235,190.03245436105476,1479,313
8,80,191.54407294832828,419.2674772036474,329,384
8,79,188.98154981549814,1152.8081180811807,542,382
8,78,195.5748324646314,976.4653760238273,1343,193
8,77,196.47475455820478,893.9228611500702,1426,192
8,76,192.62679856115108,1237.769784172662,1112,194
8,75,188.93522727272727,39.32840909090909,880,195
8,74,188.56942949407966,445.52099031216363,929,383
8,73,188.9782196969697,1066.1382575757575,1056,196
8,72,191.14470108695653,106.55366847826087,1472,198
8,71,187.63668430335096,144.87389770723104,1134,197
8,70,180.2665121668598,1179.6523754345308,863,201
8,69,182.1596724667349,597.0419651995905,977,199
8,68,177.07234886025768,777.1466798810703,1009,211
8,67,179.43270868824533,563.8867120954003,1174,203
8,66,173.1455981941309,933.7336343115124,886,202
8,65,175.26538461538462,689.3567307692308,1040,204
8,64,168.45596432552955,1112.5507246376812,897,207
8,63,166.07620528771383,427.77760497667185,643,205
8,62,164.4582463465553,857.4895615866388,958,208
8,81,200.5487684729064,799.1467980295566,1015,191
8,61,163.69075451647183,659.1200850159405,941,206
8,82,200.83600377002827,256.8275212064091,1061,200
8,84,205.25879682179342,1283.249716231555,881,224
8,105,250.3272120200334,320.31969949916527,1198,215
8,103,246.10772833723652,1156.9921935987509,1281,218
8,101,236.57011494252873,459.56436781609193,870,221
8,100,235.4258271077908,1294.769477054429,937,219
8,99,234.62859633827375,1192.3208369659983,1147,222
8,98,232.3784078516903,878.0229007633587,917,223
8,97,232.0931603773585,808.6297169811321,848,220
8,96,223.60594795539035,406.2611524163569,1076,235
8,95,221.49503161698283,726.4010840108401,1107,228
8,94,220.53366834170853,128.7678391959799,995,226
8,93,216.54464285714286,439.0078125,896,225
8,92,217.3693181818182,54.68465909090909,1056,229
8,91,215.8342245989305,600.969696969697,1122,230
8,90,213.55889145496536,834.3533487297922,866,227
8,89,209.91520861372814,1169.3633916554509,743,233
8,88,207.17433751743374,1313.076708507671,717,231
8,87,206.5133779264214,769.0969899665552,598,234
8,86,210.87532693984306,661.2807323452485,1147,232
8,85,206.919921875,378.1474609375,1024,214
8,83,203.0652709359606,1198.4495073891626,812,213
8,106,248.20321931589538,847.5975855130785,994,217
8,59,150.11530172413794,827.5010775862069,928,209
8,57,142.54945054945054,782.2731554160125,637,210
8,30,96.61855670103093,643.8425492033739,1067,282
8,29,95.20764119601328,401.37541528239205,1204,272
8,28,72.90248756218905,1079.9850746268658,1005,261
8,27,65.64273789649415,870.5993322203673,1198,241
8,26,67.52797893350889,1329.882159315339,1519,240
8,25,59.83400402414487,641.2102615694165,994,239
8,24,60.33739456419869,690.2296157450796,1067,248
8,23,59.67181751287711,804.9227373068433,1359,242
8,22,53.14988009592326,118.43884892086331,834,245
8,21,49.50322580645161,357.16,775,243
8,20,53.30763052208835,390.1012048192771,1245,246
8,19,44.21891058581706,897.1952723535458,973,249
8,18,43.99081632653061,199.4530612244898,980,259
8,17,35.18146214099217,860.3407310704961,766,250
8,16,30.510688836104514,1253.4097387173397,842,252
8,15,33.6074144486692,1071.4382129277567,1052,255
8,14,23.996978851963746,754.1027190332326,662,254
8,13,28.215575620767495,1102.9085778781039,886,253
8,209,526.5022727272727,816.5954545454546,880,333
8,32,97.80162308385933,1101.6366095581604,1109,281
8,58,146.65539452495975,710.7995169082126,1242,285
8,33,103.5681255161024,552.634186622626,1211,280
8,35,108.11551606288448,705.6008202323992,1463,278
8,56,140.9140989729225,1363.5975723622782,1071,212
8,55,137.1604938271605,154.56315289648623,1053,237
8,53,136.53024911032028,1285.7124555160142,1405,260
8,52,134.15060670949322,1111.3076374018558,1401,238
8,51,132.9465776293823,438.01669449081805,1198,263
8,50,131.87753378378378,188.99408783783784,1184,264
8,49,125.1376701966717,798.517397881997,661,266
8,48,125.5984682713348,1075.7363238512035,914,265
8,47,126.93384615384615,28.085384615384616,1300,267
8,46,123.35158501440922,117.69164265129683,1041,268
8,45,124.30653266331659,924.4413735343384,1194,269
8,43,121.65648224607762,860.4558216350124,1211,270
8,42,119.02538631346579,825.8046357615895,906,271
8,41,119.01312089971884,481.1124648547329,1067,273
8,40,110.7840616966581,604.4048843187661,778,283
8,39,112.83560311284047,669.3472762645914,1028,274
8,38,106.22626025791325,1141.8487690504103,853,276
8,37,106.16008771929825,147.21600877192984,912,275
8,36,104.89757127771911,950.0411826821542,947,277
8,34,99.63339070567986,582.7263339070568,581,279
8,107,254.73907103825135,772.4153005464481,1464,216
8,12,23.367799113737075,1038.3463810930575,1354,256
8,109,265.90742358078603,1229.240174672489,1145,284
8,182,466.0450375312761,1330.9699749791494,1199,291
8,181,457.357063403782,1253.7875417130144,899,292
8,180,454.9863387978142,1220.712204007286,1098,293
8,178,450.7609756097561,1104.2739837398374,1230,294
8,177,432.4582366589327,186.29582366589327,862,307
8,176,436.59498787388844,344.21665319320937,1237,297
8,175,432.0817610062893,121.99119496855346,795,298
8,174,431.03668861712134,759.0874882408278,1063,299
8,173,431.0891191709845,219.30259067357514,965,300
8,171,431.58754406580493,967.36133960047,1702,302
8,170,427.5913682277319,903.9155188246098,1089,301
8,169,421.1219806763285,432.46256038647346,828,303
8,167,410.68296795952784,457.6087689713322,593,304
8,166,411.42082239720037,1338.280839895013,1143,305
8,165,404.4916387959866,843.2675585284281,897,332
8,164,395.5144694533762,477.39067524115757,622,306
8,163,400.92800528401585,1183.151254953765,1514,308
8,162,394.4157014157014,320.5868725868726,777,342
8,161,394.7481662591687,1232.0301548492257,1227,360
8,183,465.20485436893205,187.54854368932038,1030,290
8,160,391.93541442411197,1128.0731969860065,929,359
8,184,470.17241379310343,1187.4693019343986,1189,288
8,186,472.3656307129799,256.2778793418647,1094,296
8,108,255.95677570093457,241.39719626168224,856,236
8,206,519.8519249753208,483.9476801579467,1013,315
8,205,520.0557213930348,387.7164179104478,1005,312
8,203,517.0010351966873,622.6469979296066,966,311
8,202,510.96343692870204,1004.7769652650823,1094,317
8,201,508.4284153005465,909.0371584699453,915,316
8,200,514.1265466816648,550.7975253093364,1778,318
8,199,504.43887775551104,1242.7284569138276,998,319
8,198,503.7170868347339,1312.6647992530345,1071,331
8,197,499.81761658031087,1075.539896373057,965,324
8,196,499.6281725888325,705.5837563451777,788,322
8,195,499.90527065527067,651.5997150997151,1404,323
8,194,495.98930481283423,173.6427807486631,935,327
8,193,486.9900373599004,682.3312577833126,803,325
8,192,489.43926247288505,145.83839479392626,922,328
8,190,483.31681415929205,55.89469026548672,1130,329
8,189,480.47727272727275,751.3461538461538,1144,330
8,188,479.7931034482759,435.1715296198055,1131,320
8,187,479.8543441226576,574.0758091993185,1174,310
8,185,470.1302211302211,124.50982800982801,814,309
8,159,392.51609058402863,816.388557806913,839,361
8,207,520.3079710144928,1290.4528985507247,828,314
8,157,389.08688656476266,784.390989541432,1243,362
8,131,312.64970930232556,46.83575581395349,688,337
8,130,311.72087658592847,163.2941176470588,867,338
8,128,299.84276018099547,1016.4626696832579,884,341
8,127,293.2251148545176,1047.0045941807045,653,343
8,126,300.3686274509804,354.81882352941176,1275,340
8,125,293.4542372881356,1367.9084745762711,885,334
8,124,294.4875100725222,774.5149073327962,1241,344
8,158,395.6840558412932,147.26230712711242,1361,358
8,122,291.12750601443463,1190.7906976744187,1247,346
8,121,281.9140625,113.52734375,768,347
8,119,281.40746753246754,453.8766233766234,1232,348
8,118,276.7240099009901,1072.9579207920792,808,397
8,116,274.2866449511401,85.67318132464712,921,349
8,115,269.79272326350605,974.5854465270121,907,351
8,114,266.6364864864865,1361.4324324324325,740,393
8,113,266.51794871794874,1044.6846153846154,780,395
8,112,260.5973741794311,1187.7002188183808,457,352
8,111,266.11599297012305,814.682776801406,1138,286
8,110,263.5067079463364,494.06811145510835,969,353
8,132,316.6154553817847,916.2603495860166,1087,339
8,133,328.45259259259257,1286.1629629629629,1350,356
8,123,292.51100917431194,509.0495412844037,1090,345
8,135,323.05799151343706,758.038189533239,707,335
8,134,323.8549707602339,400.67602339181286,855,336
8,154,374.6887640449438,41.674157303370784,890,368
8,153,365.4419642857143,232.40959821428572,896,367
8,152,364.13032258064516,151.60774193548386,775,365
8,151,364.77584330794343,755.1664853101197,919,370
8,150,360.40356083086056,810.5326409495549,674,394
8,149,362.0522778192681,312.4100074682599,1339,366
8,148,354.21805111821084,723.6405750798722,1252,377
8,147,350.53457738748625,72.47200878155873,911,369
8,156,383.7003891050584,1289.3182879377432,1285,363
8,145,338.7402597402597,233.64545454545456,770,390
8,146,344.111909650924,199.63963039014374,974,371
8,137,335.6446540880503,123.21698113207547,1908,364
8,138,326.0519877675841,1133.1376146788991,654,357
8,139,330.303441084463,600.2898852971846,959,355
8,136,323.21124361158434,1108.3390119250425,587,354
8,141,340.6741293532338,1078.1152570480929,1206,372
8,142,338.0352781546811,172.44097693351424,737,375
8,143,343.7990936555891,784.6367069486405,1324,378
8,140,332.6047197640118,1356.2497541789578,1017,374
9,272,654.8288119738073,616.1833489242282,1069,9
9,278,672.4994708994709,256.8952380952381,945,3
9,277,665.0647773279352,335.7651821862348,741,5
9,276,665.155612244898,1345.719387755102,1176,6
9,275,665.8062857142858,984.5394285714285,1750,8
9,274,658.3859447004609,880.7811059907834,868,10
9,273,656.1752767527676,913.3431734317343,1084,11
9,271,652.6948118006104,1201.9145473041708,983,12
9,266,648.9417833456154,1109.7214443625644,1357,17
9,269,649.8435897435897,179.07435897435897,1170,16
9,268,646.3642172523962,212.57507987220447,939,13
9,267,652.3466666666667,1279.4266666666667,1800,15
9,265,644.3632130384168,853.6461001164145,859,18
9,263,637.4915254237288,269.1101694915254,944,72
9,262,642.7265512265512,1236.1645021645022,1386,19
9,261,638.3622119815668,734.6322580645161,1085,33
9,260,634.7595048629531,1315.711759504863,1131,46
9,270,651.0953545232273,148.0354523227384,818,14
9,279,673.210775047259,711.1361058601134,1058,2
9,304,742.5053475935829,721.3248663101605,748,27
9,281,674.7922374429223,225.97602739726028,876,20
9,303,738.723178807947,692.1841059602649,755,28
9,302,741.1861943687557,270.9346049046322,1101,29
9,301,737.5929919137467,1358.7324797843667,1484,31
9,300,733.6113989637306,1145.297409326425,965,30
9,297,725.7994041708043,845.1708043694141,1007,32
9,296,724.4100156494522,635.87558685446,1278,44
9,295,711.50625,180.77125,800,37
9,294,710.3317249698432,608.4969843184559,829,36
9,293,709.0751231527094,1224.7980295566501,812,38
9,292,708.9431818181819,694.2405303030303,1056,35
9,291,708.2546749777382,1066.60017809439,1123,39
9,290,702.908341915551,210.9361483007209,971,41
9,289,698.5219206680584,1114.240083507307,958,40
9,288,692.292328042328,668.7010582010582,756,42
9,287,694.0980176211453,389.5264317180617,908,43
9,285,682.7071895424837,185.281045751634,765,23
9,284,682.828641370869,1087.4712362301102,817,22
9,283,682.1750405186385,85.61750405186386,1234,21
9,282,672.6952998379254,56.573743922204216,617,1
9,280,673.9403620873269,440.5676251331203,939,7
9,259,632.1620253164557,357.7506329113924,790,45
9,236,591.3769309989701,546.9711637487127,971,48
9,257,631.7681053401609,1065.356986100951,1367,73
9,231,575.5444319460067,328.6006749156355,889,53
9,230,565.46213592233,1315.0864077669903,1030,55
9,229,565.0880316518299,1146.923837784372,1011,56
9,228,566.9746407438715,708.2806424344886,1183,58
9,227,563.219801980198,969.9475247524753,1010,68
9,226,559.4746136865342,746.364238410596,453,59
9,225,562.068710359408,568.254756871036,946,60
9,224,552.9042769857434,918.59266802444,982,61
9,223,551.5860566448802,386.6938997821351,918,63
9,222,552.0743740795288,1085.3564064801178,1358,62
9,221,547.4148264984227,771.7334384858044,634,64
9,220,548.5738060781476,80.76483357452966,1382,65
9,219,543.7640086206897,1222.7564655172414,928,66
9,218,547.1836734693877,1025.244142101285,1323,67
9,217,533.6363636363636,791.5454545454545,550,381
9,216,533.7584033613446,451.1439075630252,952,258
9,215,533.8294573643411,356.3982558139535,1032,93
9,214,533.9528706083976,734.254498714653,1167,188
9,305,756.3252705283259,58.58497772119669,1571,25
9,232,579.3117408906883,768.4145748987854,1235,54
9,258,631.5662751677852,823.1342281879195,1192,47
9,233,580.3763157894737,1347.2657894736842,1140,52
9,235,588.5175925925926,896.0592592592593,1080,50
9,256,622.6155321188878,557.7440076701822,1043,77
9,255,619.7385931558936,883.8041825095057,1052,78
9,254,615.9622857142857,1097.3942857142856,875,76
9,253,617.0397456279809,1349.745627980922,1258,85
9,252,612.7691326530612,1214.3227040816328,784,82
9,251,613.7795121951219,621.6058536585366,1025,92
9,250,612.6552147239264,377.7521472392638,815,84
9,249,611.890440386681,250.3888292158969,931,89
9,248,613.2940019665683,217.05014749262537,1017,79
9,247,610.9548387096775,718.3172043010753,930,83
9,246,609.2895705521472,1005.2699386503067,815,86
9,245,607.2942345924454,330.98707753479124,1006,87
9,244,605.1424017003188,1035.4867162592986,941,91
9,243,604.0769230769231,175.03173076923076,1040,90
9,242,604.807438016529,1153.5107438016528,1210,71
9,240,599.5027777777777,1316.5157407407407,1080,81
9,239,593.7954256670902,976.9695044472682,787,49
9,238,591.146511627907,1244.7162790697676,860,57
9,237,594.6612641815235,1187.5040518638573,1234,70
9,234,584.0349175557711,1100.8962172647914,1031,51
9,306,753.2452631578948,1168.7294736842105,950,24
9,355,871.2265542676502,579.4857744994731,949,170
9,308,759.3017817371938,323.2037861915367,898,189
9,379,940.6101265822784,624.1527426160337,1185,96
9,378,938.8372623574145,1291.180228136882,1315,97
9,377,935.6572029442692,812.3995793901157,951,98
9,376,932.7796278158668,518.7159647404505,1021,100
9,375,932.6381278538813,549.4463470319635,876,102
9,374,930.9706498951782,1340.7714884696018,954,101
9,373,934.1709346991037,267.0294494238156,1562,103
9,372,923.1718569780853,356.26066897347175,867,104
9,371,922.7390438247012,105.69787516600266,1506,106
9,369,915.6,1315.1654676258993,695,107
9,368,915.130831643002,1229.447261663286,986,108
9,367,911.2162872154115,1030.6558669001752,1142,109
9,366,906.4146341463414,837.0538617886178,984,111
9,365,901.5434131736527,1338.4161676646706,668,110
9,364,899.7600487210718,328.5700365408039,821,112
9,363,902.4972111553785,566.4159362549801,1255,113
9,362,895.3076074972437,235.74531422271224,907,114
9,361,891.2670454545455,1268.978409090909,880,140
9,360,880.1646341463414,1241.3993902439024,656,168
9,380,946.6504739336493,1140.074644549763,844,115
9,359,882.8608414239483,537.6763754045307,927,142
9,381,947.0882352941177,710.8382352941177,680,117
9,384,955.4180180180181,83.68828828828829,1110,116
9,213,532.7296,114.2584,1250,190
9,404,1019.868787276342,487.2872763419483,1006,119
9,403,1018.0914285714285,180.14057142857143,875,120
9,400,996.6856780735108,997.4816223067173,789,121
9,399,996.1722972972973,253.70495495495496,888,123
9,398,994.1156609195402,1182.0955459770114,1392,124
9,397,985.7747126436782,69.45632183908046,870,130
9,396,984.6974494283202,818.3588390501319,1137,125
9,395,979.830694275274,721.5749086479902,821,126
9,394,983.7341772151899,180.48101265822785,1185,127
9,393,978.4880083420229,1361.7382690302397,959,129
9,392,974.4541984732824,1040.2849872773536,786,139
9,391,974.6801275239108,916.4346439957492,941,132
9,390,976.8319856244384,227.25067385444743,1113,131
9,389,978.5456349206349,34.68650793650794,1512,133
9,388,974.8720123361604,397.15188897455664,1297,134
9,387,954.9049844236761,1251.3504672897195,642,137
9,386,955.4556616643929,1225.3574351978173,733,136
9,385,954.0565045992115,843.2049934296978,761,118
9,383,957.4703264094956,1108.078635014837,1348,138
9,307,757.3020446096655,832.1589219330855,1076,69
9,358,884.1282660332541,1073.840063341251,1263,167
9,356,875.9445802770986,1300.3341483292584,1227,175
9,327,805.7155297532656,369.95355587808416,689,146
9,326,806.5587392550143,1186.4832855778413,1047,147
9,325,799.1021505376344,19.288172043010753,930,149
9,324,796.9942129629629,1154.076388888889,864,153
9,323,798.1753048780488,996.6768292682926,1312,163
9,322,799.5297071129708,302.39414225941425,1195,151
9,321,789.0438489646772,841.2472594397077,821,154
9,320,788.5731343283583,581.4507462686568,670,155
9,319,791.3355769230769,650.9153846153846,1040,156
9,318,780.6165413533835,1248.4943609022557,1064,157
9,317,767.3539823008849,566.4793510324483,678,158
9,316,769.1555944055945,400.0708041958042,1144,164
9,315,768.1995926680245,249.73523421588595,982,160
9,314,768.1427083333333,705.4541666666667,960,161
9,313,765.3845208845208,631.9987714987715,814,159
9,312,767.3064516129032,141.40492359932088,1178,162
9,311,759.9305177111717,1090.1852861035422,734,94
9,310,759.4200244200244,1118.5702075702075,819,95
9,309,760.2778864970646,867.2426614481409,1022,26
9,328,806.9343246592317,333.5972738537794,807,150
9,357,874.9959798994975,822.0914572864322,995,169
9,329,811.42082616179,623.0611015490533,1162,145
9,332,813.6953316953317,215.53439803439804,814,143
9,353,867.9536031589339,854.6979269496545,1013,171
9,352,867.1654964894684,298.45235707121367,997,172
9,351,861.042962962963,720.8651851851852,675,173
9,350,865.2668784749801,334.3200953137411,1259,174
9,349,859.1117578579743,1268.477299185099,859,187
9,348,856.9387144992526,1236.1898355754859,669,177
9,346,848.4512,1314.984,625,391
9,344,844.2749529190207,923.8804143126177,1062,180
9,343,844.4754098360655,164.45901639344262,976,182
9,342,839.5443037974684,893.070323488045,711,181
9,341,837.9932584269662,40.85168539325843,890,179
9,340,837.9248269040554,196.7457962413452,1011,186
9,339,834.0207100591716,859.103550295858,676,183
9,338,832.5780346820809,1289.1763005780347,692,166
9,337,834.1994981179423,714.4968632371392,797,184
9,336,831.7416595380668,1126.5842600513258,1169,185
9,335,829.197592778335,444.5646940822467,997,176
9,334,821.6167290886392,1316.4244694132335,801,165
9,333,817.1275088547816,837.3270365997639,847,152
9,330,809.4926108374384,395.91954022988506,609,144
9,212,525.899421965318,817.1086705202312,865,333
9,209,518.898139079334,388.17727717923606,1021,312
9,210,519.3008849557522,484.7826941986234,1017,315
9,77,194.62918838421444,977.1935964259121,1343,193
9,76,195.4298674110258,895.2735519888346,1433,192
9,75,191.63366336633663,1238.7443744374436,1111,194
9,74,187.98565121412804,39.828918322295806,906,195
9,73,188.03969128996692,445.8941565600882,907,383
9,72,187.0120585701981,145.1343669250646,1161,197
9,71,189.64766483516485,106.54326923076923,1456,198
9,70,179.6084959816303,1180.6199770378876,871,201
9,78,192.07734806629836,1066.683241252302,1086,196
9,69,180.3729674796748,597.9664634146342,984,199
9,67,178.26661059714044,564.4928511354079,1189,203
9,66,172.42250287026405,934.8576349024111,871,202
9,65,174.2280193236715,689.7246376811594,1035,204
9,64,169.2079646017699,1114.7179203539822,904,207
9,63,165.29061102831594,428.3397913561848,671,205
9,62,163.42825848849947,858.0197152245345,913,208
9,61,163.37088204038258,659.1370882040383,941,206
9,59,149.96453089244852,828.3237986270022,874,209
9,68,175.9707887049659,777.711781888997,1027,211
9,79,189.01061946902655,1152.7557522123893,565,382
9,80,199.82024597918638,800.0104068117313,1057,191
9,81,200.06029684601114,257.21335807050093,1078,200
9,101,234.24544666088465,1193.2289679098005,1153,222
9,100,232.08045977011494,809.5620689655173,870,220
9,99,231.53340517241378,879.2403017241379,928,223
9,98,222.3375,854.20625,320,387
9,97,222.82444852941177,406.9889705882353,1088,235
9,96,220.2535460992908,727.7641843971631,1128,228
9,95,219.6409001956947,128.76712328767124,1022,226
9,94,215.69954128440367,440.11467889908255,872,225
9,93,216.69924812030075,55.7265037593985,1064,229
9,92,214.62032085561498,601.6559714795009,1122,230
9,91,211.64259927797835,834.0770156438026,831,227
9,90,208.94011142061282,1170.217270194986,718,233
9,89,205.2939001848429,769.7338262476894,541,234
9,88,209.94148020654046,662.0077452667814,1162,232
9,87,205.35733333333334,1314.1813333333334,750,231
9,86,204.20870535714286,1283.9308035714287,896,224
9,85,205.66699507389163,378.73004926108376,1015,214
9,83,202.77563329312426,1199.4957780458383,829,213
9,57,146.02396166134184,711.547124600639,1252,285
9,102,234.72071129707112,1295.4853556485355,956,219
9,56,139.8278084714549,1364.315837937385,1086,212
9,53,135.75694939415538,1286.2337847469707,1403,260
9,28,72.5537109375,1080.4189453125,1024,261
9,27,65.69757727652464,870.7727652464495,1197,241
9,26,59.49624060150376,690.7800751879699,1064,248
9,25,58.89314516129032,641.7762096774194,992,239
9,24,66.49137380191694,1330.5980830670926,1565,240
9,23,58.23088455772114,805.571964017991,1334,242
9,22,52.54032258064516,119.34792626728111,868,245
9,21,48.53826850690088,357.8243412797992,797,243
9,29,94.01006711409396,401.90939597315435,1192,272
9,20,52.62700964630225,390.8118971061093,1244,246
9,18,43.055837563451774,200.2497461928934,985,259
9,17,34.36153846153846,860.9294871794872,780,250
9,16,34.15924170616114,1071.6236966824645,1055,255
9,15,29.58584686774942,1253.7227378190255,862,252
9,14,23.418789808917197,755.2356687898089,628,254
9,13,27.280446927374303,1103.5653631284915,895,253
9,12,22.438805970149254,1038.8716417910448,1340,256
9,211,527.9959432048681,188.84043272481406,1479,313
9,19,43.111675126903556,897.2101522842639,985,249
9,30,92.6294466403162,756.0622529644269,1012,262
9,31,95.6939338235294,644.0597426470588,1088,282
9,32,97.22805429864253,1102.729411764706,1105,281
9,52,134.81830601092895,1110.5457650273224,1464,238
9,51,132.73389121338911,438.2853556485356,1195,263
9,50,130.90969345484672,189.5758077879039,1207,264
9,49,125.06502890173411,799.1315028901735,692,266
9,48,123.67697228144989,1075.502132196162,938,265
9,47,126.01319875776397,28.54114906832298,1288,267
9,46,122.36672967863895,117.94423440453686,1058,268
9,45,123.55499580184718,924.8169605373636,1191,269
9,44,120.84387838948233,861.3130649137223,1217,270
9,43,118.51599147121536,826.3304904051173,938,271
9,41,118.00380952380952,481.7295238095238,1050,273
9,40,109.84087968952134,605.2716688227684,773,283
9,39,112.9034749034749,669.6071428571429,1036,274
9,38,105.16279069767442,1142.4046511627907,860,276
9,37,105.17806731813246,147.52334419109664,921,275
9,36,103.96181630546955,950.6532507739938,969,277
9,35,99.13309982486865,583.201401050788,571,279
9,34,107.31712328767124,705.9780821917808,1460,278
9,33,102.51433691756273,553.2051971326165,1116,280
9,54,136.57034938621342,154.92162417374882,1059,237
9,104,235.64599774520858,460.2795941375423,887,221
9,58,142.10482529118136,782.4725457570715,601,210
9,107,247.30309072781654,848.2991026919242,1003,217
9,183,454.4195612431444,1220.9131627056672,1094,293
9,181,449.7728013029316,1104.8811074918567,1228,294
9,180,431.4937570942111,187.46424517593644,881,307
9,179,431.1975460122699,122.55705521472393,815,298
9,178,430.17514124293785,759.7052730696798,1062,299
9,177,429.8288934426229,220.2202868852459,976,300
9,175,426.83103764921947,904.4894398530762,1089,301
9,174,429.23338916806256,967.9184812953657,1791,302
9,173,420.1394230769231,433.25841346153845,832,303
9,171,409.8439024390244,458.3349593495935,615,304
9,170,410.5627147766323,1339.483676975945,1164,305
9,169,403.3865740740741,844.5439814814815,864,332
9,168,394.4283464566929,478.25984251968504,635,306
9,167,400.1329822251481,1183.6300197498354,1519,308
9,166,393.68625,321.02375,800,342
9,165,395.1935719503287,147.41709276844412,1369,358
9,164,393.8473029045643,1232.7792531120333,1205,360
9,163,391.5156081808396,1128.5834230355222,929,359
9,162,391.7471264367816,817.3574712643679,870,361
9,184,456.5509977827051,1254.1441241685145,902,292
9,161,388.39112903225805,785.0604838709677,1240,362
9,185,464.92780082987554,1331.2448132780082,1205,291
9,187,469.09364548494983,1187.7918060200668,1196,288
9,105,244.78670788253478,1157.3786707882534,1294,218
9,206,516.278391959799,624.0522613065326,995,311
9,205,510.1263736263736,1005.6877289377289,1092,317
9,204,508.2086956521739,910.0010869565217,920,316
9,203,513.2878959276018,551.3399321266968,1768,318
9,202,503.837972166998,1242.9373757455269,1006,319
9,201,502.78952473326865,1312.6760426770127,1031,331
9,200,499.08298755186723,1076.320539419087,964,324
9,199,498.66101694915255,705.9043583535109,826,322
9,198,498.79059829059827,653.0477207977208,1404,323
9,197,495.3552206673843,174.64908503767492,929,327
9,196,484.16339869281046,683.2967320261438,765,325
9,195,489.12554112554113,146.53896103896105,924,328
9,193,482.6431718061674,56.666079295154184,1135,329
9,192,479.64454148471617,752.4157205240175,1145,330
9,191,478.8231173380035,435.7504378283713,1142,320
9,190,479.19797809604046,574.8441449031171,1187,310
9,189,471.7120938628159,257.2472924187726,1108,296
9,188,469.30024813895784,124.81389578163771,806,309
9,186,464.3914691943128,188.52227488151658,1055,290
9,160,382.7604651162791,1289.9317829457364,1290,363
9,208,518.561811505508,1291.1529987760098,817,314
9,108,249.69741100323625,321.25323624595467,1236,215
9,130,301.56628144119645,355.7090414683889,1471,340
9,129,292.21649484536084,1047.5552282768779,679,343
9,128,292.3156069364162,1369.7618497109827,865,334
9,127,293.52804487179486,775.2684294871794,1248,344
9,126,291.66697247706423,509.58807339449544,1090,345
9,125,290.2728013029316,1191.4055374592833,1228,346
9,124,281.286432160804,114.32663316582915,796,347
9,118,273.1314655172414,86.29849137931035,928,349
9,131,298.7016949152542,1017.2180790960452,885,341
9,117,268.7276736493936,974.9470782800441,907,351
9,115,265.15314136125653,1361.5575916230366,764,393
9,114,260.0494623655914,1188.5569892473118,465,352
9,113,268.0062827225131,816.3162303664922,955,286
9,112,264.7479820627803,1229.9766816143497,1115,284
9,111,262.5259336099585,494.798755186722,964,353
9,110,254.8831615120275,241.93699885452463,873,236
9,109,253.73076923076923,772.6634615384615,1456,216
9,158,373.8195067264574,42.54596412556054,892,368
9,116,265.6008064516129,1047.3212365591398,744,395
9,133,311.0773480662983,164.09060773480664,905,338
9,121,280.2236842105263,453.6957236842105,1216,348
9,135,315.37636363636364,917.0981818181818,1100,339
9,134,312.19632768361583,47.31920903954802,708,337
9,155,363.51823899371067,152.40125786163523,795,365
9,154,363.72266065388953,755.5524239007892,887,370
9,153,361.08870967741933,312.2932551319648,1364,366
9,152,353.4109375,723.909375,1280,377
9,151,349.49004424778764,72.92699115044248,904,369
9,148,337.58288770053474,234.5374331550802,748,390
9,146,343.56379821958456,785.7856083086053,1348,378
9,145,337.58273381294964,173.0345323741007,695,375
9,149,343.4034034034034,200.22022022022023,999,371
9,157,364.67538126361654,232.67755991285404,918,367
9,136,323.23885714285717,401.6845714285714,875,336
9,144,339.9430894308943,1078.908943089431,1230,372
9,138,321.55263157894734,1109.4333333333334,570,354
9,139,327.57580283793874,1286.7027632561612,1339,356
9,137,322.3342939481268,759.4308357348704,694,335
9,141,334.62270099842357,123.26957435627956,1903,364
9,142,329.56947368421055,600.958947368421,950,355
9,143,331.64313725490194,1356.6990196078432,1020,374
9,140,323.1229868228404,1134.9912152269399,683,357
10,268,656.4276615104641,913.2493175614195,1099,11
10,274,673.5888372093024,711.1479069767441,1075,2
10,273,671.8107549120992,257.1830403309204,967,3
10,272,665.4191374663072,335.56738544474393,742,5
10,271,665.1323809523809,1346.7019047619049,1050,6
10,270,661.4716553287982,880.2006802721088,882,10
10,269,666.2808676307008,984.4249165739711,1798,8
10,267,654.4885343968095,1201.3639082751745,1003,12
10,256,635.4508960573477,1318.4129032258065,1395,46
10,265,651.7081850533808,148.5065243179122,843,14
10,264,649.2737799834574,180.32340777502068,1209,16
10,263,649.601573676681,1109.9406294706723,1398,17
10,262,646.0376175548589,214.5433646812957,957,13
10,260,652.5718866916087,1279.5670764297167,1871,15
10,259,644.8612975391499,854.0872483221476,894,18
10,258,643.4273801250869,1235.9298123697013,1439,19
10,257,637.4654850746268,735.5914179104477,1072,33
10,275,673.968814968815,439.9989604989605,962,7
10,266,654.7892824704813,616.6466848319709,1101,9
10,276,675.2598152424943,226.24480369515013,866,20
10,302,753.5725971370143,1168.6319018404909,978,24
10,278,682.2163461538462,85.38461538461539,1248,21
10,255,632.8360655737705,357.84741488020177,793,45
10,301,756.83626097867,58.520702634880806,1594,25
10,300,742.3984168865435,721.4261213720316,758,27
10,299,739.2651715039577,691.9722955145119,758,28
10,298,741.6120996441281,270.86387900355874,1124,29
10,296,737.985401459854,1358.5892501658925,1507,31
10,295,733.8623481781376,1144.656882591093,988,30
10,293,725.7296015180266,845.0151802656546,1054,32
10,291,724.8249619482497,636.1042617960426,1314,44
10,290,713.2002427184466,180.83495145631068,824,37
10,289,710.5956416464891,607.998789346247,826,36
10,287,709.0434782608696,1066.5678260869565,1150,39
10,286,708.8663636363636,694.5718181818182,1100,35
10,285,703.5194174757281,211.47766990291262,1030,41
10,284,700.4944275582574,1113.9229989868288,987,40
10,283,692.4595300261096,668.4464751958225,766,42
10,282,694.4218579234972,389.38907103825136,915,43
10,280,683.4329643296433,1087.9175891758919,813,22
10,279,683.2410501193317,184.52267303102624,838,23
10,277,673.0767973856209,56.044117647058826,612,1
10,254,631.9975369458128,822.9819376026272,1218,47
10,231,588.2529043789098,895.6425379803396,1119,50
10,252,623.7225994180408,557.7681862269641,1031,77
10,226,564.7975285171103,1314.8269961977187,1052,55
10,225,565.3239299610894,1146.6196498054476,1028,56
10,224,567.4316134316134,708.2751842751843,1221,58
10,223,563.8017159199237,969.8798856053385,1049,68
10,222,559.4933628318585,746.2544247787611,452,59
10,221,562.1932418162619,568.1055966209082,947,60
10,220,548.6205357142857,480.64955357142856,448,389
10,219,553.0956607495069,918.4043392504931,1014,61
10,227,575.7555555555556,328.1766666666667,900,53
10,218,552.0887011615629,386.65258711721225,947,63
10,216,552.401310997815,1085.3022578295702,1373,62
10,215,549.0685512367492,81.00212014134276,1415,65
10,214,544.2375923970433,1222.7360084477298,947,66
10,213,547.3957415565345,1024.8678414096917,1362,67
10,212,533.589836660617,791.5444646098003,551,381
10,211,534.8884254431699,451.02294056308654,959,258
10,210,533.936660268714,356.3282149712092,1042,93
10,209,533.9193277310924,734.1747899159664,1190,188
10,217,548.0990566037735,771.5157232704403,636,64
10,228,580.0958904109589,767.853344077357,1241,54
10,229,579.3753327417924,1346.9680567879325,1127,52
10,230,584.2095053346266,1100.949563530553,1031,51
10,251,620.2238398544131,883.6287534121929,1099,78
10,250,616.1988888888889,1097.3733333333332,900,76
10,249,613.3163771712159,1214.5421836228288,806,82
10,248,613.7206595538312,621.525703200776,1031,92
10,247,612.9437799043062,377.88157894736844,836,84
10,246,613.8880079286422,250.54707631318138,1009,89
10,245,615.6264682850431,1351.958496476116,1277,85
10,244,611.0655391120507,717.2589852008457,946,83
10,243,612.3519394512772,216.51655629139074,1057,79
10,242,610.0289855072464,1005.2004830917874,828,86
10,241,607.7848837209302,330.89437984496124,1032,87
10,240,604.1929657794677,174.9096958174905,1052,90
10,239,605.0600480384308,1154.0024019215373,1249,71
10,237,599.6547884187082,1034.4365256124722,898,91
10,236,598.8881578947369,1316.6306390977443,1064,81
10,235,594.9434889434889,976.4348894348894,814,49
10,234,591.4222222222222,1244.2397660818713,855,57
10,233,592.5971943887776,547.3016032064128,998,48
10,232,592.3730684326711,1188.7718910963945,1359,70
10,253,632.0404624277456,1065.092485549133,1384,73
10,303,757.8254252461952,831.8334825425246,1117,69
10,208,532.3221476510067,114.53691275167785,1192,190
10,305,759.4350220264317,323.42180616740086,908,189
10,373,936.0092118730809,812.4124872057318,977,98
10,372,933.8677595628416,549.6808743169399,915,102
10,371,933.3445620789221,518.5514918190568,1039,100
10,370,932.2692307692307,1340.682186234818,988,101
10,369,934.2865275142315,266.85578747628085,1581,103
10,368,923.6222222222223,355.6711111111111,900,104
10,367,923.0398692810458,105.69084967320262,1530,106
10,365,915.8454810495626,1315.2332361516035,686,107
10,374,939.5548197203826,1291.7689477557028,1359,97
10,364,915.4098737083812,1230.0493685419058,871,108
10,362,907.426326129666,836.4056974459725,1018,111
10,361,902.4389534883721,1339.4156976744187,688,110
10,360,899.8411330049261,328.26477832512313,812,112
10,359,903.3534482758621,566.6300940438872,1276,113
10,358,895.9851063829788,235.48829787234044,940,114
10,357,892.6335403726708,1268.600414078675,966,140
10,356,880.8709198813057,1241.0118694362018,674,168
10,355,883.4159663865546,537.5021008403361,952,142
10,363,911.9374464438732,1030.4430162810625,1167,109
10,375,941.187044534413,623.6647773279352,1235,96
10,376,946.6388888888889,1140.517094017094,936,115
10,377,947.556657223796,710.6543909348442,706,117
10,399,1018.8597081930416,179.98204264870932,891,120
10,398,1020.3071638861629,486.22473012757604,1019,119
10,395,997.0543209876544,997.662962962963,810,121
10,394,996.207881773399,253.6807881773399,1015,123
10,393,995.6470588235294,1182.4481792717088,1428,124
10,392,986.688815060908,69.60575858250277,903,130
10,391,985.0473269062226,818.148115687993,1141,125
10,390,980.0920897284534,721.4946871310508,847,126
10,389,984.2958927074602,180.56077116512992,1193,127
10,388,978.7194244604317,1361.7718396711202,973,129
10,387,977.8146513680495,224.72992056487203,1133,131
10,386,975.2259713701432,916.1482617586912,978,132
10,385,979.0078023407023,34.58712613784135,1538,133
10,384,975.2336874051593,397.21471927162366,1318,134
10,383,955.0889235569423,1251.4040561622464,641,137
10,382,955.7967914438502,1225.081550802139,748,136
10,380,954.2931258106355,842.8456549935149,771,118
10,379,955.8669064748201,83.64658273381295,1112,116
10,378,958.0476889214967,1107.8980190755685,1363,138
10,354,884.516006097561,1073.6478658536585,1312,167
10,304,760.5095785440614,867.3879310344828,1044,26
10,353,875.5355731225296,821.6877470355731,1012,169
10,351,871.7875647668394,580.0217616580311,965,170
10,323,807.1495098039215,333.0208333333333,816,150
10,322,807.1106941838649,1186.4896810506566,1066,147
10,321,799.9432548179872,20.204496788008566,934,149
10,320,797.324942791762,1153.9347826086957,874,153
10,319,798.8832713754647,996.3977695167287,1345,163
10,318,799.3254292722813,301.91496320523305,1223,151
10,317,789.5625,842.8870192307693,832,154
10,316,792.0515463917526,650.7516401124649,1067,156
10,324,806.0770308123249,369.7829131652661,714,146
10,315,789.2314540059347,581.526706231454,674,155
10,313,767.893063583815,566.0578034682081,692,158
10,312,765.7830303030303,631.859393939394,825,159
10,311,769.6277873070326,400.1337907375643,1166,164
10,310,768.4021847070507,249.33068520357497,1007,160
10,309,768.5534079348931,705.29501525941,983,161
10,308,767.150084317032,141.1070826306914,1186,162
10,307,761.0455136540962,1117.7191157347204,769,95
10,306,760.1489932885906,1089.8684563758388,745,94
10,314,780.9583333333334,1248.125,1080,157
10,325,812.1526717557252,622.6446140797286,1179,145
10,327,813.7397590361446,215.2144578313253,830,143
10,328,812.7990654205607,395.7429906542056,642,144
10,349,868.9050814956855,854.8149568552253,1043,171
10,348,867.4015825914936,298.3659742828882,1011,172
10,347,862.0156695156695,720.5641025641025,702,173
10,346,859.8913294797688,1267.648554913295,865,187
10,345,865.3171296296297,334.58564814814815,1296,174
10,344,857.1090387374462,1235.8005738880918,697,177
10,342,850.6998514115899,1314.9450222882615,673,391
10,340,844.7238955823293,164.52309236947792,996,182
10,339,843.9480037140204,923.690807799443,1077,180
10,338,839.8839160839161,893.0503496503496,715,181
10,337,838.938856015779,197.17061143984222,1014,186
10,336,837.1479820627802,40.733183856502244,892,179
10,335,834.1230982019364,1288.3734439834025,723,166
10,334,834.7851037851037,714.1037851037851,819,184
10,333,834.4836879432625,860.3659574468085,705,183
10,332,831.705439330544,1126.4953974895398,1195,185
10,331,829.5756991321118,444.473481195757,1037,176
10,330,822.9647201946472,1316.0535279805354,822,165
10,329,818.0516055045872,837.433486238532,872,152
10,352,877.7724306688417,1298.9013050570964,1226,175
10,207,526.028901734104,816.9248554913295,865,333
10,288,709.4607013301088,1224.3567110036277,827,38
10,205,519.6153100775193,484.7160852713178,1032,315
10,76,193.4009009009009,1064.7927927927929,1110,196
10,75,194.9941690962099,977.0561224489796,1372,193
10,74,195.125170998632,894.5246238030096,1462,192
10,73,191.89036251105216,1238.6808134394341,1131,194
10,72,188.24462061155154,445.39411098527745,883,383
10,71,188.2796052631579,39.69627192982456,912,195
10,70,187.13874788494078,145.19543147208122,1182,197
10,69,189.6715719063545,106.3190635451505,1495,198
10,77,189.97507331378299,1150.3387096774193,682,382
10,68,179.5952109464082,1179.3603192702394,877,201
10,66,176.32022471910113,777.6797752808989,1068,211
10,65,178.61861614497528,564.3105436573311,1214,203
10,64,173.3643586833144,934.6027241770715,881,202
10,63,175.12973484848484,689.5160984848485,1056,204
10,62,168.37857900318133,1113.0074231177095,943,207
10,61,165.6757142857143,427.5857142857143,700,205
10,60,164.66208476517755,858.3711340206186,873,208
10,59,164.14123711340207,658.5391752577319,970,206
10,67,180.41780821917808,598.2837573385518,1022,199
10,78,200.57775768535262,257.25858951175405,1106,200
10,80,200.48256361922714,800.4495758718191,1061,191
10,81,202.3234597156398,1199.2014218009479,844,213
10,100,234.97952917093141,1295.2425793244627,977,219
10,99,234.4358538657604,1193.1699235344095,1177,222
10,98,232.20128479657387,879.9047109207709,934,223
10,97,232.66319444444446,809.730324074074,864,220
10,96,221.643216080402,854.6658291457286,398,387
10,95,223.48462929475588,407.2893309222423,1106,235
10,94,221.02105263157895,727.6605263157895,1140,228
10,93,216.156103286385,439.84389671361504,852,225
10,92,219.9788664745437,128.56388088376562,1041,226
10,91,217.29845313921746,55.8007279344859,1099,229
10,90,215.21201413427562,601.6492932862191,1132,230
10,89,211.3014705882353,833.7426470588235,816,227
10,88,209.6060191518468,1170.03146374829,731,233
10,87,206.10507880910683,770.0402802101576,571,234
10,85,206.0503875968992,1314.37338501292,774,231
10,84,210.0928093645485,662.4172240802676,1196,232
10,83,206.3826923076923,378.78076923076924,1040,214
10,82,204.53645266594123,1283.4559303590859,919,224
10,57,151.21428571428572,828.5859375,896,209
10,101,236.15703380588877,460.5550708833152,917,221
10,56,143.0349040139616,782.1867364746946,573,210
10,54,140.19869402985074,1364.44776119403,1072,212
10,28,92.78319006685768,756.5663801337154,1047,262
10,27,94.73941368078177,401.7524429967427,1228,272
10,26,71.92623941958888,1077.3772672309553,827,261
10,25,65.90637610976594,870.1735270379338,1239,241
10,24,59.39444995044599,641.5222993062438,1009,239
10,23,66.69050632911393,1330.5867088607595,1580,240
10,22,59.534821428571426,690.8008928571429,1120,248
10,21,58.1983282674772,805.1892097264438,1316,242
10,29,95.56043956043956,1096.6291208791208,1092,281
10,20,52.85730464326161,119.08267270668176,883,245
10,18,48.935049019607845,357.7132352941176,816,243
10,17,43.19739478957916,897.1513026052104,998,249
10,16,43.126117179741804,200.17974180734856,1007,259
10,15,33.43546441495778,860.3474065138721,829,250
10,14,35.386321626617374,1071.7338262476894,1082,255
10,13,30.37264150943396,1252.676886792453,848,252
10,11,27.636061946902654,1103.6073008849557,904,253
10,10,22.830409356725145,1038.5109649122808,1368,256
10,19,53.118203309692674,391.16784869976357,1269,246
10,30,96.37421100090171,644.7186654643823,1109,282
10,31,103.02869198312236,552.8472573839663,1185,280
10,32,107.51652056641942,706.5198921105866,1483,278
10,52,137.0467289719626,154.55046728971962,1070,237
10,51,136.02513966480447,1286.1061452513966,1432,260
10,50,132.99835119538335,438.5234954657873,1213,263
10,49,126.41226818830242,798.546362339515,701,266
10,48,130.88852459016394,189.2172131147541,1220,264
10,47,131.85356695869837,1112.3153942428034,1598,238
10,46,124.8588110403397,1074.9193205944798,942,265
10,45,126.6991557943208,28.233307751343055,1303,267
10,44,122.93715341959334,117.35767097966728,1082,268
10,43,124.1504854368932,924.4733009708738,1236,269
10,42,119.68167539267016,826.3497382198952,955,271
10,41,121.12590216519646,861.6022453889334,1247,270
10,39,118.19851576994434,480.83580705009274,1078,273
10,38,115.1849765258216,669.9023474178404,1065,274
10,37,110.48284625158831,605.3850063532401,787,283
10,36,105.83257403189066,1142.0227790432803,878,276
10,35,105.44503171247358,147.08668076109936,946,275
10,34,104.1587462082912,950.7553083923154,989,277
10,33,99.58783783783784,583.331081081081,592,279
10,55,146.78943217665616,711.5015772870662,1268,285
10,103,244.76386806596702,1156.8553223388305,1334,218
10,12,24.12220566318927,755.4307004470938,671,254
10,106,249.98040752351096,321.3965517241379,1276,215
10,179,457.1686746987952,1254.4622124863088,913,292
10,178,455.3348457350272,1220.6497277676951,1102,293
10,176,450.1610102604578,1104.5564325177586,1267,294
10,175,431.78357380688124,186.93784683684794,901,307
10,174,431.537037037037,122.29382716049383,810,298
10,173,430.6651248843663,759.5531914893617,1081,299
10,172,429.9840637450199,220.39442231075697,1004,300
10,170,427.05045045045046,904.427927927928,1110,301
10,180,465.4506472491909,1331.1844660194174,1236,291
10,169,429.5029522275899,967.7520128824476,1863,302
10,166,410.4685990338164,458.4718196457327,621,304
10,165,410.8509737510584,1339.215918712955,1181,305
10,164,403.78702570379437,844.4810281517748,817,332
10,163,394.69763779527557,478.2283464566929,635,306
10,162,400.5440985732815,1183.3942931258107,1542,308
10,161,394.3663003663004,321.1037851037851,819,342
10,160,396.215,147.72071428571428,1400,358
10,159,392.6279329608939,817.1832402234637,895,361
10,168,420.40328253223913,432.80890973036344,853,303
10,181,464.47123287671235,188.64383561643837,1095,290
10,182,469.59901800327333,1187.3756137479543,1222,288
10,183,469.3577639751553,124.83850931677019,805,309
10,105,247.7197265625,848.1484375,1024,217
10,204,519.0597302504817,388.3005780346821,1038,312
10,201,516.6369107321966,623.2527582748245,997,311
10,200,510.8919891989199,1005.7713771377138,1111,317
10,199,508.7526539278132,909.651804670913,942,316
10,198,513.8283333333334,551.7516666666667,1800,318
10,197,504.09514563106796,1242.768932038835,1030,319
10,196,502.976833976834,1312.4092664092664,1036,331
10,195,499.6996007984032,1076.2065868263473,1002,324
10,194,499.06769596199524,705.7672209026128,842,322
10,193,498.98204419889504,652.6001381215469,1448,323
10,192,495.90010626992563,174.53134962805527,941,327
10,191,488.875,146.6315789473684,912,328
10,190,483.4925,683.39625,800,325
10,188,483.1982608695652,56.184347826086956,1150,329
10,187,480.3694709453599,752.3547267996531,1153,330
10,186,479.1730934018852,435.58011996572407,1167,320
10,185,479.07628524046436,574.4112769485904,1206,310
10,184,471.79537366548044,256.779359430605,1124,296
10,158,394.48157453936346,1232.6147403685093,1194,360
10,157,391.6849315068493,1128.7291886195997,949,359
10,203,518.4111245465538,1290.6481257557436,827,314
10,155,382.85026737967917,1289.9083269671505,1309,363
10,128,299.0553047404063,1017.176072234763,886,341
10,127,302.20493358633775,355.2175838077166,1581,340
10,126,292.66998577524896,1047.3428165007113,703,343
10,125,292.0443686006826,1370.1660978384527,879,334
10,124,293.946117274168,775.7036450079239,1262,344
10,123,291.9118982742961,509.4441416893733,1101,345
10,122,290.57566052842276,1191.4035228182547,1249,346
10,121,281.68082524271847,114.40655339805825,824,347
10,118,279.7603238866397,452.31255060728745,1235,348
10,206,528.5026631158455,188.61917443408788,1502,313
10,115,273.6597510373444,85.44190871369294,964,349
10,114,269.10548977395047,973.7750269106566,929,351
10,113,265.9830729166667,1047.3723958333333,768,395
10,112,265.37017310253,1360.8175765645806,751,393
10,111,260.322440087146,1187.9237472766883,459,352
10,110,265.14285714285717,1229.7843494085532,1099,284
10,109,262.6806981519507,494.61088295687887,974,353
10,108,255.23263506063947,241.85446527012127,907,236
10,156,388.98177496038033,784.6679873217116,1262,362
10,130,311.0513661202186,164.1584699453552,915,338
10,131,315.458480565371,917.3904593639576,1132,339
10,107,254.13498992612492,772.2881128274009,1489,216
10,133,323.3204419889503,402.0718232044199,905,336
10,152,365.2609625668449,232.2331550802139,935,367
10,153,374.2540716612378,42.244299674267104,921,368
10,151,361.2108843537415,812.5867346938776,588,394
10,150,364.0452876376989,151.94614443084456,817,365
10,149,364.26423690205013,755.0797266514807,878,370
10,132,312.46304044630403,47.38075313807531,717,337
10,147,353.7544128933231,723.4244052187261,1303,377
10,146,349.6891304347826,72.69021739130434,920,369
10,145,343.60117878192534,200.15717092337917,1018,371
10,148,361.23295454545456,311.8167613636364,1408,366
10,142,344.1863309352518,785.5597122302158,1390,378
10,134,322.672131147541,758.5969945355191,732,335
10,144,337.8839406207827,234.27665317139002,741,390
10,136,321.8876221498371,1110.2394136807818,614,354
10,137,334.7142857142857,122.85816326530612,1960,364
10,135,327.94126394052046,1286.4438661710037,1345,356
10,139,331.6216730038023,1356.615019011407,1052,374
10,140,339.80903328050715,1079.1442155309032,1262,372
10,141,337.7148817802503,172.60222531293462,719,375
10,138,329.91883454734653,600.6576482830385,961,355
11,268,670.702479338843,257.1807851239669,968,3
11,267,664.712,336.55066666666664,750,5
11,266,665.6735798016231,1348.311992786294,1109,6
11,265,663.5740944017563,880.7661909989023,911,10
11,264,665.6801573917932,984.7133220910624,1779,8
11,263,654.3451641526176,616.9929015084294,1127,9
11,262,654.0910871694417,1201.211557296768,1021,12
11,261,655.3081705150977,913.2229129662522,1126,11
11,251,632.1885143570537,358.3520599250936,801,45
11,259,650.0901467505241,1111.4786862334033,1431,17
11,258,645.4199178644764,216.94353182751541,974,13
11,257,648.1807031888798,182.37203597710547,1223,16
11,256,645.3556034482758,854.9806034482758,928,18
11,254,652.297773174521,1279.2786121180736,1931,15
11,253,643.1385869565217,1236.3457880434783,1472,19
11,252,637.7103064066853,735.4586815227484,1077,33
11,250,636.6806451612903,1319.498064516129,1550,46
11,260,650.8230593607306,150.11415525114154,876,14
11,269,672.697461928934,440.3208121827411,985,7
11,280,707.2712418300654,696.7679738562091,1224,35
11,271,672.4128728414443,56.700156985871274,637,1
11,292,742.0791457286432,722.9836683417085,796,27
11,249,631.2689822294022,823.7843295638125,1238,47
11,290,740.8315217391304,271.1313405797101,1104,29
11,289,737.3403004572175,1359.0986283474854,1531,31
11,288,732.6415662650602,1145.2279116465863,996,30
11,286,724.7289972899729,845.840108401084,1107,32
11,285,724.652466367713,637.9955156950673,1338,44
11,284,713.3647199046484,181.015494636472,839,37
11,270,672.9490268767378,711.7367933271548,1079,2
11,283,708.6413959085439,1224.8664259927798,831,38
11,281,708.4485738980121,1067.4338807260156,1157,39
11,279,703.8373205741627,212.2047846889952,1045,41
11,278,699.4027777777778,1114.875,1008,40
11,276,693.7505353319058,389.9122055674518,934,43
11,275,682.5985130111524,1088.3469640644362,807,22
11,274,682.9481808158765,184.61411245865492,907,23
11,273,682.0749211356467,86.07413249211356,1268,21
11,272,675.3585798816569,226.4319526627219,845,20
11,282,710.0952380952381,608.6236933797909,861,36
11,291,738.2332474226804,692.784793814433,776,28
11,226,583.7134615384615,1101.814423076923,1040,51
11,247,622.5341796875,559.2119140625,1024,77
11,221,564.6015252621544,1147.0409914204004,1049,56
11,220,557.9276485788114,746.9431524547804,387,59
11,219,563.4865366759517,1314.7205199628597,1077,55
11,218,563.5157116451016,970.590573012939,1082,68
11,217,561.4735202492212,568.5410176531672,963,60
11,216,550.9692307692308,483.68589743589746,780,389
11,215,552.3060635226179,918.6073147256977,1039,61
11,214,551.3170234454639,387.2089704383282,981,63
11,222,566.9826771653543,708.6732283464567,1270,58
11,213,551.633741888969,1085.691420331651,1387,62
11,211,548.504160887656,81.18377253814147,1442,65
11,210,543.239263803681,1223.0040899795501,978,66
11,209,546.8896103896104,1025.4675324675325,1386,67
11,208,532.2346368715084,791.9478584729982,537,381
11,207,534.1764705882352,451.8328173374613,969,258
11,206,533.1352611940298,356.50279850746267,1072,93
11,293,755.2386980108499,58.67148884870404,1659,25
11,205,533.3785540211211,734.718927701056,1231,188
11,212,546.2834890965732,772.5903426791277,642,64
11,223,578.4603053435114,767.7236641221374,1310,54
11,224,576.4893617021277,1347.3590425531916,1128,52
11,225,575.0401376146789,328.783256880734,872,53
11,246,616.1611479028697,1099.7704194260486,906,76
11,245,612.8626506024096,1214.9975903614459,830,82
11,244,612.3434935521689,378.873388042204,853,84
11,243,613.2413461538462,622.2730769230769,1040,92
11,242,613.1411648568608,251.1233958538993,1013,89
11,241,610.4450101832994,718.1720977596741,982,83
11,240,611.3421300659755,216.8746465598492,1061,79
11,239,608.8659549228944,1005.508896797153,843,86
11,238,613.7301694915254,1354.266440677966,1475,85
11,237,606.8751210067763,331.3707647628267,1033,87
11,236,606.3817097415507,1036.7594433399602,1006,91
11,235,603.4567441860465,175.36093023255813,1075,90
11,234,604.2848151062155,1154.9331235247837,1271,71
11,232,597.9070397111914,1317.6326714801444,1108,81
11,231,595.3447432762836,975.5647921760391,818,49
11,230,590.8528037383178,1244.8598130841121,856,57
11,229,591.7613861386138,547.8475247524752,1010,48
11,228,590.0547385620915,895.8071895424837,1224,50
11,227,590.4641044234953,1189.8585931834664,1379,70
11,248,632.064148253742,1067.2979330007126,1403,73
11,294,753.0261881668283,1169.6459747817653,1031,24
11,342,871.0422960725075,580.6022155085599,993,170
11,296,759.4656907593778,868.3934126258006,1093,26
11,364,939.0915645277578,1292.252343186734,1387,97
11,363,935.5029527559055,812.6240157480315,1016,98
11,362,933.8970747562297,550.2069339111592,923,102
11,361,931.8531468531469,1341.098901098901,1001,101
11,360,932.8022598870057,518.7627118644068,1062,100
11,359,933.4008567931456,267.35434516523867,1634,103
11,358,922.8593073593073,356.5151515151515,924,104
11,357,922.6216755319149,106.7752659574468,1504,106
11,365,940.5807210031348,623.9992163009405,1276,96
11,355,915.0361271676301,1315.4667630057804,692,107
11,353,911.4463986599665,1031.1524288107203,1194,109
11,352,907.0975143403442,836.2686424474188,1046,111
11,351,901.9189580318379,1339.4703328509406,691,110
11,350,899.6254635352287,328.7601977750309,809,112
11,349,903.3935434281323,567.5011529592621,1301,113
11,348,895.0654885654885,235.91787941787942,962,114
11,347,893.8225490196079,1268.7901960784313,1020,140
11,346,880.4025787965616,1241.1833810888252,698,168
11,354,914.749443207127,1230.1714922048998,898,108
11,345,882.9569230769231,538.1589743589743,975,142
11,366,945.6276303751143,1142.2927721866422,1093,115
11,368,957.6207137858643,1108.0181945416375,1429,138
11,204,532.1199309749784,115.16307161345988,1159,190
11,389,1018.04400440044,180.6028602860286,909,120
11,388,1019.1028571428571,485.9219047619048,1050,119
11,385,996.2611241217799,997.7529274004684,854,121
11,384,995.8013640238704,254.35805626598466,1173,123
11,383,994.8997252747253,1182.89010989011,1456,124
11,382,986.5840611353711,70.3264192139738,916,130
11,381,984.3993085566119,818.4745030250648,1157,125
11,367,946.5190409026799,711.1861777150917,709,117
11,380,983.6019983347211,181.12073272273105,1201,127
11,378,977.95995995996,1362.063063063063,999,129
11,376,974.3549351944167,916.5842472582253,1003,132
11,375,978.3463010204082,35.10140306122449,1568,133
11,374,974.4887892376681,397.86322869955154,1338,134
11,373,954.5182370820669,1252.145896656535,658,137
11,372,955.3157894736842,1225.6013157894736,760,136
11,371,953.1441441441441,843.4993564993565,777,118
11,369,955.3994638069705,83.89454870420018,1119,116
11,379,979.1904205607476,721.9334112149533,856,126
11,295,757.2669007901668,832.28007023705,1139,69
11,344,874.6568160152526,822.0400381315538,1049,169
11,340,868.5225988700565,855.8427495291902,1062,171
11,314,806.700925925926,1187.2546296296296,1080,147
11,313,798.5975359342916,21.00513347022587,974,149
11,312,796.6629339305711,1154.498320268757,893,153
11,311,798.3836524300442,996.9359351988218,1358,163
11,310,798.7350835322196,302.48926014319807,1257,151
11,309,788.6207407407408,581.882962962963,675,155
11,308,789.0480093676815,844.2154566744731,854,154
11,307,791.7386569872958,651.5889292196007,1102,156
11,315,806.384900990099,333.8267326732673,808,150
11,306,780.1707762557078,1248.6529680365297,1095,157
11,304,767.4043478260869,250.00760869565218,920,160
11,303,768.2821535393819,705.8185443668993,1003,161
11,302,764.9347568208779,632.3712930011862,843,159
11,301,768.5381355932203,401.3322033898305,1180,164
11,300,766.670221493027,141.8982772764561,1219,162
11,299,759.5508905852417,1118.8015267175572,786,95
11,298,759.6188630490956,1090.5529715762275,774,94
11,297,758.8769063180828,323.93464052287584,918,189
11,305,767.4097421203438,566.2965616045846,698,158
11,343,877.7358490566038,1299.174733388023,1219,175
11,316,805.075,370.525,720,146
11,318,812.6161026837806,215.94049008168028,857,143
11,339,866.3176583493282,298.5969289827255,1042,172
11,338,861.4931506849315,720.9630136986301,730,173
11,337,859.6229508196722,1267.8688524590164,915,187
11,336,864.3957258658806,335.23212969786294,1357,174
11,335,855.4812760055479,1235.6948682385575,721,177
11,334,850.5666666666667,1315.9069444444444,720,391
11,331,844.2626641651032,924.4587242026266,1066,180
11,330,844.0562685093781,165.01875616979268,1013,182
11,317,811.6400665004156,622.7581047381547,1203,145
11,329,838.4573947110675,198.0097943192948,1021,186
11,327,835.5664414414415,41.890765765765764,888,179
11,326,833.4553571428571,861.8943452380952,672,183
11,325,833.6391509433962,714.2405660377359,848,184
11,324,830.8231954582319,1127.0486618004866,1233,185
11,323,828.9520737327189,444.86820276497696,1085,176
11,322,822.3408551068884,1316.3004750593825,842,165
11,321,817.8103254769921,838.0942760942761,891,152
11,320,813.5164319248827,395.6901408450704,639,144
11,328,834.3766756032171,1288.4048257372654,746,166
11,203,525.4902857142857,817.176,875,333
11,377,976.849040139616,224.40924956369983,1146,131
11,201,518.9056785370549,485.19634263715113,1039,315
11,74,194.492774566474,977.5736994219653,1384,193
11,73,194.09158751696066,894.6336499321574,1474,192
11,72,190.99657534246575,1239.3099315068494,1168,194
11,71,187.64277588168372,445.59499431171787,879,383
11,70,187.6273022751896,40.180931744312026,923,195
11,69,186.18,145.91,1200,197
11,68,188.67567567567568,106.4614370468029,1517,198
11,67,178.60893854748602,1179.727374301676,895,201
11,75,189.53591954022988,1150.7054597701149,696,382
11,66,179.24157844080847,599.4552454282964,1039,199
11,64,177.86345381526104,564.7196787148595,1245,203
11,63,172.3072625698324,934.9474860335196,895,202
11,62,174.9508348794063,689.9758812615955,1078,204
11,61,165.2,427.70206896551724,725,205
11,60,163.8552787663108,858.7461447212337,843,208
11,59,166.8555023923445,1113.8325358851675,1045,207
11,57,163.444332998997,658.7061183550652,997,206
11,56,150.64161220043573,829.2156862745098,918,209
11,65,175.9368888888889,778.3724444444445,1125,211
11,55,142.63584905660377,782.8679245283018,530,210
11,76,195.11681415929203,1063.9150442477876,1130,196
11,79,199.89196940726578,801.5984703632887,1046,191
11,97,233.88506711409397,1193.8875838926174,1192,222
11,96,232.48842337375964,810.7221609702316,907,220
11,95,231.42708333333334,880.271875,960,223
11,94,226.01157407407408,852.8680555555555,432,387
11,93,222.1633393829401,408.016333938294,1102,235
11,92,221.13590604026845,728.6040268456376,1192,228
11,91,215.0523917995444,441.7015945330296,878,225
11,90,219.1683913452493,128.9708372530574,1063,226
11,78,199.74488888888888,257.6213333333333,1125,200
11,89,216.8906525573192,56.619929453262785,1134,229
11,87,210.60800970873785,834.6686893203884,824,227
11,86,208.78434065934067,1170.6332417582419,728,233
11,85,206.27468581687612,771.4111310592459,557,234
11,84,205.11453201970443,1315.146551724138,812,231
11,83,209.05293631100082,663.6087675765095,1209,232
11,82,205.11920529801324,379.2261116367077,1057,214
11,81,203.76135163674763,1283.375923970433,947,224
11,80,201.65664739884394,1200.085549132948,865,213
11,88,214.2428694900605,601.942091616249,1157,230
11,98,234.426,1295.736,1000,219
11,54,146.54263565891472,712.0224806201551,1290,285
11,51,136.56999085086917,154.86642268984446,1093,237
11,27,91.34686346863468,757.0350553505535,1084,262
11,26,71.58971291866028,1078.3636363636363,836,261
11,25,65.65748031496064,870.1952755905512,1270,241
11,24,58.711177052423345,641.9762611275964,1011,239
11,23,66.4785046728972,1331.0847352024923,1605,240
11,22,58.99035087719298,691.3947368421053,1140,248
11,21,55.820661157024794,804.9752066115702,1210,242
11,20,52.478699551569505,119.36883408071749,892,245
11,28,94.13371150729336,401.86871961102105,1234,272
11,19,52.321619556913674,391.72956455309395,1309,246
11,17,42.64461994076999,897.573543928924,1013,249
11,16,42.47047434656341,200.34559535333977,1033,259
11,15,35.25502742230347,1072.0009140767825,1094,255
11,14,32.39742086752638,860.968347010551,853,250
11,13,29.98481308411215,1253.1028037383178,856,252
11,11,26.926247288503255,1104.0390455531453,922,253
11,10,21.818580833942942,1039.0043891733724,1367,256
11,202,527.9161755075311,189.09561231172233,1527,313
11,18,47.68514150943396,358.04245283018867,848,243
11,52,139.26845018450186,1364.590405904059,1084,212
11,29,94.41323792486583,1099.7719141323792,1118,281
11,31,102.47642276422764,553.3178861788618,1230,280
11,50,135.39599170697997,1286.4070490670351,1447,260
11,49,131.94032258064516,439.68064516129033,1240,263
11,48,125.51394422310757,798.4727755644091,753,266
11,47,130.11522965350522,189.78646253021756,1241,264
11,46,123.44144144144144,1075.8418418418419,999,265
11,45,125.84914115011202,28.797610156833457,1339,267
11,44,122.29794826048172,117.25156110615522,1121,268
11,43,123.46233974358974,924.7291666666666,1248,269
11,30,96.5215859030837,645.451101321586,1135,282
11,42,120.50863422291994,862.6091051805338,1274,270
11,39,117.41765241128299,481.79162875341217,1099,273
11,38,116.24636363636364,671.060909090909,1100,274
11,37,110.10453400503778,606.4420654911838,794,283
11,36,105.09310344827587,1142.4344827586208,870,276
11,35,104.44250513347022,147.3100616016427,974,275
11,34,103.30255402750491,951.2691552062869,1018,277
11,33,99.11736334405144,584.4260450160772,622,279
11,32,106.91510695187166,707.7245989304813,1496,278
11,41,118.21584984358707,827.0208550573514,959,271
11,100,235.5890557939914,460.7027896995708,932,221
11,12,23.642433234421365,756.1928783382789,674,254
11,103,249.369335347432,322.04833836858006,1324,215
11,176,464.68913560666135,1331.7018239492465,1261,291
11,175,456.49245689655174,1254.6303879310344,928,292
11,174,454.68454545454546,1220.7381818181818,1100,293
11,172,449.3272727272727,1104.810276679842,1265,294
11,171,431.29185022026434,187.6486784140969,908,307
11,170,430.9366028708134,122.57894736842105,836,298
11,169,429.9562443026436,760.2388331814038,1097,299
11,168,429.4492753623188,221.0222222222222,1035,300
11,177,463.86995515695065,189.3336322869955,1115,290
11,167,426.43312666076173,904.8910540301151,1129,301
11,164,419.4820809248555,433.4635838150289,865,303
11,162,409.95866454689985,459.36089030206676,629,304
11,161,410.0949094046592,1338.7610008628128,1159,305
11,160,402.75612903225806,845.3212903225807,775,332
11,159,393.679186228482,478.85758998435057,639,306
11,158,399.9185667752443,1183.6677524429967,1535,308
11,157,393.7091775923719,321.87842669845054,839,342
11,156,395.3994314143568,147.90334044065386,1407,358
11,165,428.6135315222963,968.1829830855971,1951,302
11,155,393.9054393305439,1233.1196652719666,1195,360
11,178,469.1726332537788,1187.815433571997,1257,288
11,180,468.5332512315271,125.0628078817734,812,309
11,101,243.659793814433,1156.8659793814434,1358,218
11,198,517.8244365361803,1290.7034400948992,843,314
11,200,517.623268698061,388.9778393351801,1083,312
11,196,510.2318181818182,1006.5290909090909,1100,317
11,195,507.7540816326531,909.95,980,316
11,194,513.2569710224166,552.0448332422088,1829,318
11,193,503.76864244741876,1243.0812619502867,1046,319
11,192,502.60266159695817,1312.7994296577947,1052,331
11,179,470.7066079295154,257.11189427312775,1135,296
11,191,498.1017907634307,1076.497643732328,1061,324
11,189,495.0439442658092,175.05251875669882,933,327
11,188,497.9401479488904,653.3335574983188,1487,323
11,187,488.3759318423855,146.83493077742278,939,328
11,186,481.38574938574936,684.2776412776412,814,325
11,184,482.50212765957446,56.58297872340425,1175,329
11,183,479.5391986062718,753.2473867595819,1148,330
11,182,478.77243066884176,574.8181076672105,1226,310
11,181,478.70223325062034,436.1083540115798,1209,320
11,190,498.4413793103448,705.9689655172414,870,322
11,154,390.61449579831935,1129.017857142857,952,359
11,197,515.5505952380952,623.4027777777778,1008,311
11,152,388.7488188976378,786.4110236220472,1270,362
11,127,310.1871713985279,164.9831756046267,951,338
11,125,298.3181818181818,1017.5110864745011,902,341
11,124,292.27272727272725,1047.7556818181818,704,343
11,123,301.62914691943126,355.28969194312793,1688,340
11,122,293.38599221789883,776.4428015564202,1285,344
11,120,291.702479338843,509.78879706152435,1089,345
11,153,389.2194285714286,819.3028571428572,875,361
11,118,281.04667444574096,114.91948658109685,857,347
11,128,312.26797385620915,47.86797385620915,765,337
11,113,279.37549407114625,451.4664031620553,1265,348
11,111,268.29656607700315,973.8064516129032,961,351
11,110,265.40641025641025,1048.0846153846153,780,395
11,109,264.6688567674113,1361.1366622864653,761,393
11,108,259.53319057815844,1187.9421841541755,467,352
11,107,264.5353535353535,1230.0532598714417,1089,284
11,106,262.172520661157,495.0857438016529,968,353
11,104,253.31102362204723,772.6686351706037,1524,216
11,105,254.24973319103523,242.13980789754535,937,236
11,112,272.0030612244898,85.55816326530612,980,349
11,129,314.9317789291883,917.9084628670121,1158,339
11,119,289.9524180967239,1192.06864274571,1282,346
11,131,327.2194756554307,1286.9250936329588,1335,356
11,151,381.9709257842387,1290.177505738332,1307,363
11,130,321.86394557823127,758.2068027210885,735,335
11,148,364.56905503634476,232.3811007268951,963,367
11,147,363.0072376357057,755.0470446320868,829,370
11,146,363.2124849939976,152.94957983193277,833,365
11,145,360.2403047091413,311.6024930747922,1444,366
11,144,353.30551301684534,723.6439509954058,1306,377
11,143,349.2082890541977,73.26354941551541,941,369
11,142,342.63466915191054,199.73625349487418,1073,371
11,149,373.4769560557342,42.59378349410504,933,368
11,132,323.17857142857144,402.14516129032256,868,336
11,139,343.7599150141643,785.5913597733711,1412,378
11,138,336.6227390180878,234.7532299741602,774,390
11,137,338.6050753370341,1079.7303727200635,1261,372
11,136,330.8489681050657,1357.5544090056285,1066,374
11,135,329.3780737704918,601.1926229508197,976,355
11,134,333.87619047619046,123.23659147869674,1995,364
11,133,321.13112164296996,1110.6255924170616,633,354
11,140,337.0801393728223,171.71602787456445,574,375
12,259,657.1217472118959,1200.5669144981412,1076,12
12,260,666.8560135516657,983.9824957651044,1771,8
12,246,633.1785714285714,357.8694581280788,812,45
12,262,666.9055793991416,1349.6472103004292,1165,6
12,263,665.6175710594315,335.8565891472868,774,5
12,258,656.8311575282854,912.9164490861618,1149,11
12,261,664.8398268398269,880.0844155844156,924,10
12,257,655.4464660601819,615.114065780266,1429,9
12,251,645.1783840503673,855.2938090241344,953,18
12,255,651.5258562793821,1111.6366689053057,1489,17
12,254,646.8280943025541,217.26326129666012,1018,13
12,253,648.5954692556634,182.11326860841424,1236,16
12,250,653.0598205383849,1278.863409770688,2006,15
12,249,643.8312541037426,1235.908076165463,1523,19
12,248,638.8643306379156,734.7834681042228,1113,33
12,247,638.7222898903776,1320.8465286236296,1642,46
12,256,651.9646522234891,149.59064994298745,877,14
12,264,671.749244712991,257.75025176233635,993,3
12,285,741.1116071428571,270.3330357142857,1120,29
12,266,673.2641860465117,711.0120930232558,1075,2
12,286,739.5316129032258,691.5832258064517,775,28
12,284,736.65819456617,1147.11393514461,1141,30
12,283,738.0190961171229,1358.7924888605983,1571,31
12,282,725.8821520068318,845.4312553373185,1171,32
12,281,726.2518463810931,638.1041358936485,1354,44
12,280,714.729537366548,180.2574139976275,843,37
12,279,709.4994259471871,1224.5235361653272,871,38
12,278,710.7630385487529,608.0510204081633,882,36
12,265,673.436507936508,439.6041666666667,1008,7
12,277,709.5025380710659,1066.876480541455,1182,39
12,275,705.4273339749759,211.5033686236766,1039,41
12,274,701.4204003813155,1113.7187797902764,1049,40
12,273,694.6394984326018,389.44723092998953,957,43
12,271,683.3135802469136,1087.7,810,22
12,270,683.8455882352941,184.22899159663865,952,23
12,269,683.5333333333333,85.52480620155039,1290,21
12,268,677.4568764568764,226.76923076923077,858,20
12,267,673.1448382126348,56.21879815100154,649,1
12,276,707.1777615215801,696.9092904169714,1367,35
12,245,631.7460317460317,823.5261904761904,1260,47
12,224,589.7702922077922,893.6534090909091,1232,50
12,243,623.6064139941691,558.8649173955297,1029,77
12,218,565.2757973733584,1146.437148217636,1066,56
12,217,567.8518802762854,707.966231772832,1303,58
12,216,564.6995515695068,970.457399103139,1115,68
12,215,563.5145454545454,1314.0727272727272,1100,55
12,214,562.354938271605,568.0390946502058,972,60
12,213,552.2233375156839,483.8055207026349,797,389
12,212,553.1108007448789,918.2327746741155,1074,61
12,211,552.2248520710059,386.9733727810651,1014,63
12,210,552.3502139800286,1085.2125534950071,1402,62
12,209,547.0818619582665,771.7704654895666,623,64
12,208,549.3595352016405,80.85304169514696,1463,65
12,207,544.2515030060121,1222.6533066132265,998,66
12,206,547.6983904828552,1025.0888733379986,1429,67
12,205,533.239332096475,791.1001855287569,539,381
12,204,535.6963036963037,451.1858141858142,1001,258
12,287,741.9114077669902,722.4344660194175,824,27
12,203,533.8012533572069,355.8898836168308,1117,93
12,219,558.7112462006079,746.5015197568389,329,59
12,220,575.7962798937112,1346.933569530558,1129,52
12,221,575.7227171492204,328.2739420935412,898,53
12,222,579.1937172774869,767.1376215407629,1337,54
12,242,616.9377682403433,1099.9635193133047,932,76
12,241,613.395294117647,1213.9341176470589,850,82
12,240,613.1233031674208,378.6561085972851,884,84
12,239,614.6911764705883,250.90196078431373,1020,89
12,238,613.3367252543941,622.0610545790935,1081,92
12,237,610.8772635814889,717.4144869215291,994,83
12,236,612.1194165907019,216.412032816773,1097,79
12,235,610.2589285714286,1005.51875,1120,86
12,244,632.7491361437457,1067.0179682100897,1447,73
12,234,608.0461828463714,331.1404335532516,1061,87
12,232,607.279,1038.252,1000,91
12,231,603.9538745387454,174.84870848708488,1084,90
12,230,604.2301998519615,1157.3308660251666,1351,71
12,228,597.1755447941889,972.3050847457627,826,49
12,227,598.7057291666666,1317.3567708333333,1152,81
12,226,591.6336866902238,1244.2650176678446,849,57
12,225,593.1278493557978,547.7264618434093,1009,48
12,223,584.3576158940398,1101.526963103122,1057,51
12,233,612.8544262295082,1354.592131147541,1525,85
12,288,755.906962785114,58.15066026410564,1666,25
12,334,869.2217153284671,856.0903284671533,1096,171
12,290,760.3676603432701,868.6323396567299,1107,26
12,357,939.7469964664311,1292.2713780918727,1415,97
12,356,936.1927083333334,812.25625,960,98
12,355,935.8422174840085,549.5628997867803,938,102
12,354,933.0712890625,1341.1318359375,1024,101
12,353,933.6040892193308,518.0185873605948,1076,100
12,352,934.3226779252111,265.9891435464415,1658,103
12,351,923.9852320675105,356.289029535865,948,104
12,350,923.5195753151958,106.61048440610485,1507,106
12,348,915.5488505747127,1315.8807471264367,696,107
12,347,915.9404117009751,1229.8504875406284,923,108
12,346,912.3152542372882,1030.6745762711864,1180,109
12,345,908.5033050047215,836.1010387157696,1059,111
12,344,902.7015558698727,1339.8910891089108,707,110
12,343,905.2256603773585,567.1079245283019,1325,113
12,342,896.3436873747495,235.52304609218436,998,114
12,341,894.9153488372093,1268.2455813953488,1075,140
12,340,881.7613941018767,1239.8686327077749,746,168
12,358,941.5249042145593,623.4,1305,96
12,359,946.4694560669456,1142.5857740585775,1195,115
12,360,947.928275862069,710.2344827586207,725,117
12,361,958.9193006052454,1107.317417619368,1487,138
12,381,1018.98,180.24736842105264,950,120
12,202,534.6033386327504,734.3903020667726,1258,188
12,380,1019.5816993464052,484.7787114845938,1071,119
12,377,996.6732776617954,997.6722338204593,958,121
12,376,995.8165443629086,1182.5870580386925,1499,124
12,375,987.5090521831736,70.47071352502662,939,130
12,374,985.2377994676132,818.2244897959183,1127,125
12,373,984.4122516556291,181.21026490066225,1208,127
12,339,884.1019172552977,537.7477295660949,991,142
12,372,979.6575028636885,721.9060710194731,873,126
12,370,979.1754827875735,225.82955499580186,1191,131
12,369,975.3751243781095,916.1651741293532,1005,132
12,368,979.2110834371108,34.858032378580326,1606,133
12,367,975.4530791788857,397.5175953079179,1364,134
12,366,955.3860182370821,1251.901215805471,658,137
12,365,956.354381443299,1225.1146907216496,776,136
12,363,956.5485921889192,83.88465031789282,1101,116
12,362,953.4197689345315,843.2477535301668,779,118
12,371,978.5186304128903,1361.7401812688822,993,129
12,338,879.0966420966421,1299.045045045045,1221,175
12,337,875.7341417910447,821.8227611940298,1072,169
12,336,872.6491228070175,581.5009746588694,1026,170
12,308,807.25952170062,1186.9627989371124,1129,147
12,307,800.5040404040404,20.01919191919192,990,149
12,306,797.0163576881134,1153.8200654307525,917,153
12,305,799.1202576950609,996.6871868289192,1397,163
12,304,798.7864992150706,301.8744113029827,1274,151
12,303,789.7970588235294,581.3294117647059,680,155
12,302,792.8555066079296,651.4740088105727,1135,156
12,301,789.6219931271478,846.8923253150057,873,154
12,309,807.1567436208992,332.95625759416765,823,150
12,300,780.9574468085107,1248.4379432624114,1128,157
12,298,768.5944503735326,249.68943436499467,937,160
12,297,769.2096153846154,705.3192307692308,1040,161
12,296,769.0984284532672,401.6625310173697,1209,164
12,295,765.5297482837528,631.9176201372998,874,159
12,294,766.9375506893755,140.9683698296837,1233,162
12,293,760.5024691358025,1118.9901234567901,810,95
12,292,760.6251556662515,1090.0174346201743,803,94
12,291,759.5952637244349,323.42949407965557,929,189
12,299,768.3879551820728,566.0490196078431,714,158
12,289,758.8028764805415,831.6582064297801,1182,69
12,310,806.0753968253969,370.3690476190476,756,146
12,313,813.5062571103526,216.6097838452787,879,143
12,333,867.6738519212746,298.09465791940016,1067,172
12,332,862.1417112299465,719.8957219251337,748,173
12,331,860.1981032665964,1267.3466807165437,949,187
12,330,864.890056022409,334.84943977591035,1428,174
12,329,856.0487144790258,1234.7591339648172,739,177
12,328,851.9136420525657,1316.8710888610763,799,391
12,325,844.8563049853373,164.8015640273705,1023,182
12,324,843.9171322160149,924.0567970204842,1074,180
12,311,812.6318816762531,622.2136400986032,1217,145
12,323,839.3917624521073,198.1417624521073,1044,186
12,321,833.8499298737728,862.3618513323984,713,183
12,320,835.0901098901099,41.434065934065934,910,179
12,319,833.6292906178489,712.3340961098398,874,184
12,318,829.9322033898305,444.5263157894737,1121,176
12,317,831.6901408450705,1126.6298904538342,1278,185
12,316,822.953181272509,1316.1284513805522,833,165
12,315,818.5327510917031,837.8275109170306,916,152
12,314,814.4374057315234,396.38009049773757,663,144
12,322,834.3627204030226,1287.5088161209069,794,166
12,201,533.019014693172,115.12791702679343,1157,190
12,195,517.5994694960212,388.7471264367816,1131,312
12,199,528.6305609284333,188.57575757575756,1551,313
12,72,194.9302949061662,894.4993297587131,1492,192
12,71,191.46257359125315,1239.1429772918418,1189,194
12,70,188.9484882418813,445.2721164613662,893,383
12,69,188.3820105820106,39.75449735449735,945,195
12,68,186.993399339934,145.44059405940595,1212,197
12,67,189.30409356725147,105.92527615334633,1539,198
12,66,178.80485115766263,1178.7938257993385,907,201
12,65,179.79981024667933,599.3519924098672,1054,199
12,64,176.6783523225241,776.897458369851,1141,211
12,63,178.87350835322195,564.1829753381066,1257,203
12,62,173.51259583789704,934.4830230010953,913,202
12,61,176.48121645796064,689.5930232558139,1118,204
12,60,166.21786197564276,427.0825439783491,739,205
12,59,164.44264194669756,857.9154113557358,863,208
12,58,167.14797794117646,1113.420955882353,1088,207
12,57,164.0880626223092,658.0234833659491,1022,206
12,55,150.96544276457882,828.7235421166307,926,209
12,73,195.060691601976,977.3013408609739,1417,193
12,74,190.75099866844207,1149.7070572569908,751,382
12,75,195.46891191709844,1061.0535405872192,1158,196
12,77,200.92758620689656,257.7301724137931,1160,200
12,96,234.57415078707538,1193.4979287489643,1207,222
12,95,232.6144455747711,879.82502543235,983,223
12,94,228.6437054631829,852.1733966745843,421,387
12,93,232.81988950276244,810.1723756906077,905,220
12,92,222.83042394014961,728.2784704904406,1203,228
12,91,216.86292134831461,441.2651685393258,890,225
12,90,222.69174977334544,408.0761559383499,1103,235
12,89,219.97034291010195,128.81278962001855,1079,226
12,54,143.1946050096339,782.6011560693642,519,210
12,88,217.71292281006072,56.54640069384215,1153,229
12,86,211.77970011534026,835.1303344867358,867,227
12,85,209.72099447513813,1170.2182320441989,724,233
12,84,207.3904761904762,771.3104761904762,525,234
12,83,210.44218241042344,663.3086319218241,1228,232
12,81,206.64114391143912,378.6328413284133,1084,214
12,80,204.596757852077,1282.6099290780141,987,224
12,79,201.94144144144144,1199.7522522522522,888,213
12,78,200.34112149532712,801.1130841121495,1070,191
12,87,215.02830188679246,601.8379073756432,1166,230
12,97,235.2409046214356,1295.6116027531957,1017,219
12,53,147.29815100154084,711.3674884437596,1298,285
12,50,138.14777878513146,154.4759746146872,1103,237
12,25,73.896,1078.7131428571429,875,261
12,24,66.51501501501501,870.1231231231232,1332,241
12,23,59.56898288016113,641.5075528700906,993,239
12,22,67.73046153846154,1330.6147692307693,1625,240
12,21,60.04262574595055,690.9121909633419,1173,248
12,20,56.48802642444261,804.335260115607,1211,242
12,19,53.516447368421055,118.80263157894737,912,245
12,18,52.73768115942029,391.40434782608696,1380,246
12,17,48.50229357798165,357.1857798165138,872,243
12,16,43.30254476908577,200.05372290292178,1061,259
12,15,42.5984555984556,897.4092664092664,1036,249
12,14,36.38923212709621,1071.8773168578994,1133,255
12,13,32.062983425414366,860.1182320441989,905,250
12,12,30.76156583629893,1252.6358244365363,843,252
12,11,24.441091954022987,755.4985632183908,696,254
12,10,27.77982646420824,1103.885032537961,922,253
12,200,526.396590909091,816.5454545454545,880,333
12,26,92.02372262773723,757.139598540146,1096,262
12,27,94.70335675253708,401.58704137392664,1281,272
12,28,97.7413945278023,1100.6610767872903,1133,281
12,29,98.0908256880734,645.7045871559633,1090,282
12,49,136.323386537127,1285.828591256072,1441,260
12,48,133.02472089314193,439.20095693779905,1254,263
12,47,130.80599369085172,189.34858044164037,1268,264
12,46,126.2892998678996,798.2628797886393,757,266
12,45,126.849493487699,28.40520984081042,1382,267
12,44,123.88127090301003,1076.0100334448161,1196,265
12,43,124.36539953452288,923.6384794414274,1289,269
12,42,121.52091254752851,862.7536121673004,1315,270
12,52,139.64147465437787,1364.0230414746543,1085,212
12,39,117.91011235955057,826.9060265577119,979,271
12,37,117.76560999039386,670.4341978866474,1041,274
12,36,111.00498753117208,605.780548628429,802,283
12,35,106.15165336374002,1142.0592930444698,877,276
12,34,105.74285714285715,147.60197044334976,1015,275
12,33,104.22061657032755,951.266859344894,1038,277
12,32,99.73051948051948,584.4756493506494,616,279
12,31,107.61430481283422,706.63435828877,1496,278
12,30,103.38630999213218,553.1250983477577,1271,280
12,38,118.20223752151463,480.93631669535284,1162,273
12,99,236.76470588235293,460.4428412874584,901,221
12,9,22.823615160349853,1038.4723032069971,1372,256
12,102,250.35058309037902,322.0298833819242,1372,215
12,173,464.4463229078614,189.18512256973796,1183,290
12,172,457.4409871244635,1254.3251072961373,932,292
12,171,455.56075607560757,1220.3915391539153,1111,293
12,170,450.19627618308766,1104.2211016291699,1289,294
12,168,431.978417266187,122.33213429256595,834,298
12,167,431.0963963963964,759.890990990991,1110,299
12,166,430.4134529147982,219.32466367713005,1115,300
12,164,426.9515570934256,904.5441176470588,1156,301
12,163,429.3503184713376,967.8667319941205,2041,302
12,162,420.2530795072788,432.8969764837626,893,303
12,160,410.8637059724349,459.6385911179173,653,304
12,159,410.7661996497373,1338.0586690017512,1142,305
12,158,403.4941634241245,844.9727626459144,771,332
12,157,394.6217054263566,479.5968992248062,645,306
12,156,400.71307742355236,1182.7761873780091,1537,308
12,155,394.647473560517,320.9553466509988,851,342
12,154,394.7523324851569,1232.8897370653096,1179,360
12,174,465.5027407987471,1331.5058731401723,1277,291
12,175,470.24282389449183,1187.4057408844064,1289,288
12,176,468.9939024390244,124.65121951219513,820,309
12,177,471.7792436235708,256.53913808267373,1137,296
12,100,244.4265129682997,1156.1123919308357,1388,218
12,196,518.3967327887981,1290.3477246207701,857,314
12,194,516.7374245472837,623.1569416498994,994,311
12,193,511.1741472172352,1005.8895870736086,1114,317
12,192,514.2183288409703,551.832884097035,1855,318
12,191,507.408325074331,909.7244796828543,1009,316
12,190,504.6093155893536,1242.466730038023,1052,319
12,189,503.3243243243243,1312.878844361603,1073,331
12,153,396.3510861948143,147.7428170988087,1427,358
12,188,499.63004291845493,1076.0377682403434,1165,324
12,186,496.32192513368983,174.45882352941177,935,327
12,185,498.7062706270627,653.1293729372937,1515,323
12,184,489.0601265822785,146.45991561181435,948,328
12,183,481.18117647058824,684.3458823529412,850,325
12,181,483.3939647946354,56.22129086336965,1193,329
12,180,480.47962648556876,752.4779286926995,1178,330
12,179,479.62390438247013,574.6709163346613,1255,310
12,178,479.668016194332,435.98785425101215,1235,320
12,187,499.1900921658986,705.7569124423964,868,322
12,152,391.00102669404515,1128.569815195072,974,359
12,198,520.0065851364064,484.8720602069614,1063,315
12,150,389.8584758942457,786.1874027993779,1286,362
12,124,299.2888888888889,1017.0188888888889,900,341
12,123,293.06353591160223,1047.7582872928176,724,343
12,122,302.5059693007391,354.81466742467313,1759,340
12,121,294.5064935064935,776.2322383498854,1309,344
12,119,292.99009009009006,509.1675675675676,1110,345
12,118,290.59968968192396,1191.5306439100077,1289,346
12,113,282.4308390022676,450.52683295540436,1323,348
12,111,272.80465587044534,84.84919028340082,988,349
12,110,268.8530901722391,972.7548125633232,987,351
12,109,265.89240506329116,1047.573417721519,790,395
12,108,265.10790464240904,1360.7440401505646,797,393
12,107,260.2942430703625,1187.4008528784648,469,352
12,106,263.31551901336076,494.56217882836586,973,353
12,105,265.2408424908425,1229.6208791208792,1092,284
12,104,255.24120082815736,241.8654244306418,966,236
12,103,254.32679738562092,772.3352941176471,1530,216
12,151,389.709604519774,819.2915254237288,885,361
12,126,310.9223602484472,164.90062111801242,966,338
12,127,315.5686604886268,916.0724515585509,1187,339
12,117,281.998861047836,114.43507972665148,878,347
12,129,324.08820160366554,401.5647193585338,873,336
12,149,382.887171561051,1289.693199381762,1294,363
12,128,312.8029100529101,47.416666666666664,756,337
12,146,365.4555669050051,231.97242083758937,979,367
12,145,363.2645569620253,754.5518987341773,790,370
12,144,363.8466183574879,152.44082125603865,828,365
12,143,360.4211229946524,310.6651069518717,1496,366
12,142,354.2586074980872,723.3458301453711,1307,377
12,141,350.2086406743941,73.0263435194942,949,369
12,140,343.60651162790697,199.95906976744186,1075,371
12,147,374.2104700854701,42.18910256410256,936,368
12,137,338.0864600326264,171.9853181076672,613,375
12,130,322.8175765645806,757.4553928095872,751,335
12,136,344.33102971665517,785.596406357982,1447,378
12,135,339.4768740031898,1079.3500797448166,1254,372
12,134,331.5078341013825,1357.178801843318,1085,374
12,133,329.7951318458418,600.9421906693711,986,355
12,132,334.5945812807882,122.72413793103448,2030,364
12,131,328.06772009029345,1286.3047404063204,1329,356
12,138,337.5393548387097,234.9741935483871,775,390
13,258,672.7865796831314,711.1425908667288,1073,2
13,257,670.9366197183099,257.6941649899396,994,3
13,256,664.8989769820972,335.83631713554985,782,5
13,255,666.6756302521009,1350.6327731092438,1190,6
13,254,664.8934599156119,879.7805907172996,948,10
13,253,666.3834498834499,984.2144522144522,1716,8
13,252,656.8761384335155,1199.924408014572,1098,12
13,248,647.1124144672532,217.41055718475073,1023,13
13,250,655.2315202231521,615.8312412831241,1434,9
13,249,651.7235228539577,149.5418060200669,897,14
13,247,648.1991902834008,182.0834008097166,1235,16
13,245,652.6875934230194,1279.4843049327353,2007,15
13,244,644.3326612903226,855.0877016129032,992,18
13,243,643.6715749039693,1235.7842509603072,1562,19
13,242,638.4372177055104,734.8581752484191,1107,33
13,259,673.0438328236494,439.9908256880734,981,7
13,251,656.7431972789116,912.7644557823129,1176,11
13,260,672.358372456964,56.86541471048513,639,1
13,281,755.3501783590963,58.32936979785969,1682,25
13,262,683.2374323279196,85.77107501933489,1293,21
13,280,741.1466346153846,722.5925480769231,832,27
13,279,738.7509157509157,691.5311355311355,819,28
13,278,739.7243293246994,270.53283996299723,1081,29
13,277,735.9147424511546,1147.4280639431615,1126,30
13,276,737.4560301507538,1358.6915829145728,1592,31
13,275,725.2215815485997,845.2314662273476,1214,32
13,274,725.7089272318079,638.2955738934734,1333,44
13,273,714.5822485207101,180.79644970414202,845,37
13,272,709.1039106145251,1225.0513966480446,895,38
13,271,710.1853107344633,608.14802259887,885,36
13,270,708.9309462915601,1067.0605285592499,1173,39
13,269,706.0436941410129,211.8421052631579,1007,41
13,268,706.5314735336194,696.4663805436338,1398,35
13,267,701.5317757009345,1113.3439252336448,1070,40
13,265,694.059375,389.63645833333334,960,43
13,264,682.6146341463415,1087.610975609756,820,22
13,263,683.4152892561983,185.0206611570248,968,23
13,261,678.0372093023256,227.03837209302327,860,20
13,241,638.4407185628743,1322.2245508982037,1670,46
13,220,591.0861466821885,1244.7124563445868,859,57
13,239,630.7374301675977,823.169193934557,1253,47
13,214,574.7409691629956,1346.920704845815,1135,52
13,213,567.4239382239382,707.918918918919,1295,58
13,212,564.8465804066543,1146.6349353049907,1082,56
13,211,564.6426690079016,970.8955223880597,1139,68
13,210,562.0886339937434,568.2398331595411,959,60
13,209,562.2702943800178,1313.9295272078502,1121,55
13,208,552.3598484848485,484.5871212121212,792,389
13,207,552.5249537892792,918.1959334565619,1082,61
13,206,551.4417938931298,386.76812977099235,1048,63
13,205,551.7579169598874,1085.7353976073189,1421,62
13,204,548.7585969738652,80.69257221458047,1454,65
13,203,543.4136178861788,1223.293699186992,984,66
13,202,547.0326308633582,1025.3297076818492,1471,67
13,201,545.1141975308642,771.554012345679,648,64
13,199,535.4302788844622,451.3585657370518,1004,258
13,198,531.6860670194003,790.5396825396825,567,381
13,282,759.3327586206897,869.4724137931034,1160,26
13,215,578.8559822747415,766.9711964549483,1354,54
13,216,575.1836506159015,328.42441209406496,893,53
13,217,585.1219963031423,1101.1386321626617,1082,51
13,218,590.1769841269842,893.9619047619047,1260,50
13,238,632.1690921690922,1067.3458073458073,1443,73
13,237,622.9657198824682,559.2370225269344,1021,77
13,236,619.6435045317221,1102.2326283987916,993,76
13,235,614.5639713408393,251.11156601842376,977,89
13,234,612.8231132075472,1214.0188679245282,848,82
13,233,612.3790412486064,379.16610925306577,897,84
13,232,612.3636363636364,216.75324675324674,1078,79
13,231,612.1216589861751,622.5170506912442,1085,92
13,240,632.5369696969697,357.8921212121212,825,45
13,230,609.9373795761079,717.5539499036609,1038,83
13,228,607.6988062442608,331.4738292011019,1089,87
13,227,611.4405405405405,1355.1006756756756,1480,85
13,226,603.5326586936523,175.04415823367066,1087,90
13,225,603.5770042194093,1038.960970464135,948,91
13,223,603.5197568389058,1158.3031914893618,1316,71
13,222,597.5311355311355,970.4664224664225,819,49
13,221,598.2476435304199,1317.2373607540703,1167,81
13,219,592.3802816901408,548.0804828973843,994,48
13,229,609.405179615706,1005.1746031746031,1197,86
13,283,758.9908256880734,832.4036697247707,1199,69
13,330,872.0676470588236,581.0882352941177,1020,170
13,285,760.2762836185819,1090.135696821516,818,94
13,352,941.364936042137,623.3461249059443,1329,96
13,351,940.0263908701854,1292.379457917261,1402,97
13,350,935.8934010152284,812.3055837563452,985,98
13,349,935.1984478935699,549.0864745011087,902,102
13,348,933.13880742913,1341.72238514174,1023,101
13,347,932.4300766283525,518.3821839080459,1044,100
13,346,933.8497596153846,265.94711538461536,1664,103
13,345,923.3481481481482,356.6126984126984,945,104
13,344,923.062834224599,107.28743315508021,1496,106
13,342,915.6481732070365,1316.1867388362652,739,107
13,341,915.4380853277836,1229.687825182102,961,108
13,340,911.8428927680798,1030.7248545303407,1203,109
13,339,907.9321723189735,836.2942254812099,1091,111
13,338,902.3699015471167,1340.492264416315,711,110
13,337,905.0817562452687,567.7305071915216,1321,113
13,336,895.9503891050583,234.79377431906616,1028,114
13,335,895.7538322813346,1269.023444544635,1109,140
13,353,945.7613458528951,1142.9780907668232,1278,115
13,334,883.7169042769857,538.1496945010183,982,142
13,354,947.245492371706,710.7253814147018,721,117
13,356,952.7915632754342,843.6637717121588,806,118
13,197,533.7263406940064,734.038643533123,1268,188
13,375,1018.7228315054836,179.8334995014955,1003,120
13,374,1019.5506566604128,484.7879924953096,1066,119
13,371,996.2259941804074,998.3278370514064,1031,121
13,370,994.8669250645995,1182.7861757105943,1548,124
13,369,987.5714285714286,71.24400417101147,959,130
13,368,984.8019801980198,818.6516651665166,1111,125
13,367,983.9123242349049,181.343258891646,1209,127
13,366,978.5863636363637,722.5136363636364,880,126
13,365,977.6114285714285,1361.2361904761906,1050,129
13,364,979.0429184549356,226.44549356223175,1165,131
13,363,974.9727626459144,916.4280155642024,1028,132
13,362,978.6259079903148,35.10230024213075,1652,133
13,361,974.6980122324159,397.0420489296636,1308,134
13,359,954.8844444444444,1252.4992592592594,675,137
13,358,955.7039800995025,1225.278606965174,804,136
13,357,955.8911870503597,83.64478417266187,1112,116
13,355,958.5059445178335,1106.8044914134744,1514,138
13,333,880.8128872366791,1240.3345724907063,807,168
13,332,880.6114864864865,1299.9510135135135,1184,175
13,331,874.7439570277529,822.3751119068935,1117,169
13,303,805.1313394018206,371.14564369310796,769,146
13,302,806.4661458333334,1186.9713541666667,1152,147
13,301,799.3029439696106,19.923076923076923,1053,149
13,300,796.5272145144077,1154.1355389541088,937,153
13,299,798.2878571428571,996.6707142857143,1400,163
13,298,795.5431560592851,302.51700087183957,1147,151
13,297,789.210332103321,847.9483394833949,813,154
13,296,789.3751846381093,581.8109305760709,677,155
13,295,792.3434518647008,651.7718993928881,1153,156
13,294,780.4451219512196,1248.5479094076654,1148,157
13,293,767.8993197278911,566.0666666666667,735,158
13,292,767.9097664543524,249.93418259023355,942,160
13,291,768.8528846153846,705.5471153846154,1040,161
13,290,765.1001137656427,632.1012514220705,879,159
13,289,767.40857605178,403.4935275080906,1236,164
13,288,766.3555555555556,141.10714285714286,1260,162
13,286,759.8372641509434,1119.4858490566037,848,95
13,304,806.6074429771909,333.42617046818725,833,150
13,305,812.5267050123254,622.177485620378,1217,145
13,307,812.6813063063063,217.69707207207207,888,143
13,308,815.2589285714286,396.6458333333333,672,144
13,328,868.4174228675137,856.9464609800362,1102,171
13,327,866.8891992551211,298.24301675977654,1074,172
13,326,862.7366984993179,720.4706684856753,733,173
13,325,860.0863095238095,1267.781746031746,1008,187
13,324,864.6389083275018,335.04618614415676,1429,174
13,323,853.5656697009102,1234.4707412223668,769,177
13,322,853.4065533980582,1318.1019417475727,824,391
13,319,844.3291384317522,164.8625363020329,1033,182
13,284,759.5323435843054,324.09650053022267,943,189
13,318,842.4545454545455,924.3283318623124,1133,180
13,316,834.6043956043956,713.6153846153846,819,184
13,315,834.4503144654088,1286.588679245283,795,166
13,314,834.979525862069,41.63146551724138,928,179
13,313,832.4005641748943,864.1241184767277,709,183
13,312,831.7720291026677,1127.007275666936,1237,185
13,311,829.3738156761412,444.5503875968992,1161,176
13,310,823.737686139748,1315.5280641466209,873,165
13,309,817.9431230610135,838.3660806618408,967,152
13,317,838.6323666978485,198.71468662301217,1069,186
13,196,531.9913194444445,357.25694444444446,1152,93
13,149,394.53820033955856,1233.3013582342953,1178,360
13,194,525.9307048984468,816.4444444444445,837,333
13,70,194.1041388518024,894.5981308411215,1498,192
13,69,190.99495798319327,1239.3823529411766,1190,194
13,68,188.84565217391304,445.97934782608695,920,383
13,67,187.95903361344537,39.96848739495798,952,195
13,66,186.49198717948718,145.45592948717947,1248,197
13,65,188.48097112860893,105.5984251968504,1524,198
13,64,177.7403846153846,1179.1089743589744,936,201
13,63,179.18173168411036,599.7611798287345,1051,199
13,62,176.24525043177894,776.4110535405872,1158,211
13,61,178.11033950617283,564.3796296296297,1296,203
13,60,176.44609991235757,689.6275197195442,1141,204
13,59,172.54171180931743,934.771397616468,923,202
13,58,165.83333333333334,427.4871794871795,780,205
13,57,166.7353206865402,1113.2321589882565,1107,207
13,56,163.52988505747126,857.6068965517242,870,208
13,54,163.20749279538904,657.8703170028818,1041,206
13,53,150.12267250821466,827.7458926615553,913,209
13,71,194.50243562978426,977.3528183716076,1437,193
13,52,142.44226579520696,782.5446623093682,459,210
13,72,190.4419225634179,1150.0106809078773,749,382
13,74,200.52333333333334,258.2275,1200,200
13,92,234.74717285945073,1193.324717285945,1238,222
13,91,231.94637537239325,879.9006951340616,1007,223
13,90,232.0032679738562,809.9455337690632,918,220
13,89,222.0870994248151,728.4913722267872,1217,228
13,88,216.24704491725768,442.0839243498818,846,225
13,87,221.96640141467728,408.3837312113174,1131,235
13,86,219.57117117117116,128.64414414414415,1110,226
13,85,217.53898886032562,57.08397600685518,1167,229
13,84,214.46173469387756,601.7780612244898,1176,230
13,83,212.56422018348624,836.0905963302753,872,227
13,82,207.64875239923225,770.5431861804223,521,234
13,81,209.42776998597475,1170.4109396914446,713,233
13,80,210.3320031923384,663.4126097366321,1253,232
13,78,205.54889298892988,378.76845018450183,1084,214
13,77,204.00871248789932,1282.7105517909004,1033,224
13,76,201.46784922394679,1199.709534368071,902,213
13,75,199.31341911764707,800.78125,1088,191
13,73,194.79815745393634,1061.9698492462312,1194,196
13,93,235.03824091778202,1296.0650095602296,1046,219
13,51,147.06382978723406,711.7598784194529,1316,285
13,48,137.6245487364621,154.77256317689532,1108,237
13,25,74.14254143646409,1079.1513812154697,905,261
13,24,65.88921713441654,870.3648449039882,1354,241
13,23,58.981243830207305,641.618953603159,1013,239
13,22,59.42372881355932,690.921186440678,1180,248
13,21,67.12359550561797,1331.9361324659965,1691,240
13,20,56.12113821138212,804.329268292683,1230,242
13,19,52.95947426067908,119.37020810514787,913,245
13,18,52.25824964131994,391.4268292682927,1394,246
13,17,48.22408026755853,356.80602006688963,897,243
13,16,43.17039106145251,199.96368715083798,1074,259
13,15,41.286118980169974,897.4910292728989,1059,249
13,14,34.50709219858156,1071.0558510638298,1128,255
13,13,30.99789029535865,860.2774261603375,948,250
13,12,30.152073732718893,1252.6947004608294,868,252
13,10,27.31477516059957,1103.6884368308351,934,253
13,9,22.2152466367713,1037.6801195814649,1338,256
13,195,532.5082108902334,114.86516853932584,1157,190
13,26,90.80211335254563,757.9442843419789,1041,262
13,50,139.02598566308242,1363.5089605734768,1116,212
13,27,94.24039938556068,401.8095238095238,1302,272
13,29,97.18899082568808,645.8376146788991,1090,282
13,47,135.8737737083061,1286.2550686723348,1529,260
13,46,131.93808777429467,438.2562695924765,1276,263
13,45,129.99614791987673,189.68721109399075,1298,264
13,44,125.34552332912989,798.0882723833544,793,266
13,43,126.27390366642703,28.70237239396118,1391,267
13,42,124.01316808675445,923.1014717273431,1291,269
13,41,121.15894039735099,863.5526122148639,1359,270
13,39,116.62191510365251,827.0671273445212,1013,271
13,38,117.17004048582996,669.7975708502024,988,274
13,37,116.8486897717667,480.01352493660187,1183,273
13,36,110.93440594059406,606.8403465346535,808,283
13,35,104.98018648018648,1142.2645687645688,858,276
13,34,104.41588785046729,951.9336448598131,1070,277
13,33,107.36827956989248,705.9052419354839,1488,278
13,32,104.67962962962963,147.30277777777778,1080,275
13,31,96.93653250773994,585.3854489164087,646,279
13,30,103.44603288062902,552.6776268763402,1399,280
13,28,96.62364620938628,1102.9512635379062,1108,281
13,95,236.3654054054054,459.7708108108108,925,221
13,11,24.059451219512194,756.2240853658536,656,254
13,99,254.0916179337232,772.324236517219,1539,216
13,170,469.7856049004594,1187.1830015313935,1306,288
13,169,464.9805598755832,1331.667962674961,1286,291
13,168,463.7932489451477,189.41856540084387,1185,290
13,167,456.87340425531914,1254.4329787234042,940,292
13,166,454.9794826048171,1220.527207850134,1121,293
13,164,449.51800766283526,1104.1946360153256,1305,294
13,163,431.3997682502897,122.4287369640788,863,298
13,162,430.41833030852996,760.1125226860254,1102,299
13,161,429.5338078291815,219.2891459074733,1124,300
13,160,428.0183992640294,905.1361545538178,1087,301
13,158,429.18330134357007,967.964491362764,2084,302
13,157,419.529217199559,433.1896361631753,907,303
13,155,410.7288888888889,460.30518518518517,675,304
13,154,410.02979842243644,1337.629272567923,1141,305
13,153,402.5967523680649,845.1447902571042,739,332
13,152,394.0029761904762,480.48363095238096,672,306
13,151,400.63505559189014,1182.8685415304121,1529,308
13,171,468.19239904988126,124.55581947743468,842,309
13,150,394.4116305587229,320.9874572405929,877,342
13,172,471.1932409012132,256.6811091854419,1154,296
13,174,479.19637223974763,574.5788643533123,1268,310
13,97,245.76863023420867,1156.0205819730306,1409,218
13,193,528.1587403598971,188.22814910025707,1556,313
13,192,519.5799812909261,484.96351730589333,1069,315
13,189,515.5247035573123,622.449604743083,1012,311
13,188,510.28049866429205,1005.900267141585,1123,317
13,187,513.9766177270255,551.9097335508428,1839,318
13,186,505.92878338278933,909.9455984174085,1011,316
13,185,504.30389363722696,1242.9116809116808,1053,319
13,184,502.83140655105973,1313.131021194605,1038,331
13,183,498.4423076923077,705.5837104072398,884,322
13,182,498.90658001624695,1076.3623070674248,1231,324
13,181,495.7271739130435,175.34673913043477,920,327
13,180,498.2843976300197,653.1369321922317,1519,323
13,179,488.7107438016529,146.80061983471074,968,328
13,178,479.2980535279805,684.5425790754258,822,325
13,176,483.37916666666666,56.2825,1200,329
13,175,479.98893617021275,752.4485106382979,1175,330
13,173,478.8453355155483,436.189852700491,1222,320
13,148,396.0133426966292,147.6938202247191,1424,358
13,190,518.0147895335608,1290.5199089874857,879,314
13,100,255.0938775510204,241.89285714285714,980,236
13,123,312.35897435897436,47.54358974358974,780,337
13,122,315.02664446294756,915.1407160699417,1201,339
13,121,310.97288842544316,164.4817518248175,959,338
13,119,298.5826944140197,1017.4030668127053,913,341
13,118,292.9532967032967,1047.8502747252746,728,343
13,117,301.8709494030699,354.7652075042638,1759,340
13,147,390.331983805668,1128.748987854251,988,359
13,115,292.561295971979,509.53152364273205,1142,345
13,114,291.62421383647796,1191.5227987421383,1272,346
13,112,281.61952861952864,114.4668911335578,891,347
13,108,281.28935532233885,451.4992503748126,1334,348
13,106,272.15353535353535,84.81212121212121,990,349
13,105,262.1002044989775,1189.2290388548058,489,352
13,104,267.97222222222223,972.5277777777778,1008,351
13,103,265.3905472636816,1048.3905472636816,804,395
13,102,264.4295051353875,1229.8338001867414,1071,284
13,101,262.73237997957096,494.10418794688457,979,353
13,124,327.3627596439169,1286.6424332344213,1348,356
13,125,323.7015945330296,401.7995444191344,878,336
13,116,294.57814871016694,776.1487101669196,1318,344
13,127,333.99701046337816,122.51420029895367,2007,364
13,145,388.88,819.1851428571429,875,361
13,144,389.10919088766695,786.2207384131972,1273,362
13,126,322.4871794871795,757.1808367071525,741,335
13,143,382.36040216550657,1289.815931941222,1293,363
13,141,373.8212765957447,42.36489361702127,940,368
13,140,364.8382352941176,232.10980392156864,1020,367
13,138,362.4247669773635,754.3501997336884,751,370
13,137,359.9266358228685,310.4216787838731,1513,366
13,139,363.3701923076923,152.63581730769232,832,365
13,135,350.2651991614256,73.01781970649895,954,369
13,134,338.28464419475654,171.6573033707865,534,375
13,133,343.034265103697,199.80522993688007,1109,371
13,132,333.4013157894737,55.29276315789474,304,373
13,131,343.58251150558846,785.8231426692965,1521,378
13,130,339.0744,1079.644,1250,372
13,129,331.03386809269165,1357.3538324420676,1122,374
13,128,329.2068965517241,601.3245436105477,986,355
13,136,354.0381679389313,723.3366412213741,1310,377
14,249,667.2013147082992,1350.9104354971241,1217,6
14,254,672.697108066971,56.48097412480974,657,1
14,253,673.0018761726079,711.0093808630394,1066,2
14,252,673.5192678227361,439.4932562620424,1038,7
14,251,671.6826171875,257.15234375,1024,3
14,250,665.5237515225335,335.4202192448234,821,5
14,248,665.1372549019608,877.2445820433436,969,10
14,239,653.963861150737,1279.0737042320495,2103,15
14,246,658.3220940550133,1199.2448979591836,1127,12
14,245,657.8699254349627,911.2584921292461,1207,11
14,244,655.7858599592114,615.6954452753229,1471,9
14,243,652.0354767184035,148.52217294900223,902,14
14,242,648.0535714285714,217.7124060150376,1064,13
14,241,648.7691107644306,181.60296411856476,1282,16
14,238,642.9641472868217,853.6753875968992,1032,18
14,247,666.9414893617021,983.4066193853428,1692,8
14,255,683.7708812260537,85.6904214559387,1305,21
14,196,536.0163776493256,451.3005780346821,1038,258
14,257,684.3076923076923,185.47975708502025,988,23
14,276,759.0772391125719,832.1544782251437,1217,69
14,237,643.9993738259236,1235.2648716343144,1597,19
14,274,741.8552787663108,722.9750889679715,843,27
14,273,739.2459826946848,691.4993819530284,809,28
14,272,739.8599290780141,270.0664893617021,1128,29
14,271,736.3730434782609,1147.1321739130435,1150,30
14,270,738.0247678018576,1358.6656346749226,1615,31
14,268,725.2303459119497,845.8639937106918,1272,32
14,267,727.3866959064327,638.2068713450292,1368,44
14,266,715.5265643447461,180.9055489964581,847,37
14,265,709.553472987872,1224.529217199559,907,38
14,264,710.7437295528898,607.7851690294439,917,36
14,263,709.5419136325148,1066.7248094834886,1181,39
14,262,707.5771144278607,212.01691542288557,1005,41
14,261,706.6809688581315,696.4173010380623,1445,35
14,260,703.5337477797514,1112.9946714031971,1126,40
14,258,683.2732843137255,1087.5551470588234,816,22
14,256,679.3788235294118,226.6564705882353,850,20
14,275,756.4334511189635,58.042991755005886,1698,25
14,216,599.4280879864637,1316.942470389171,1182,81
14,235,639.7386843693422,1322.4417622208812,1657,46
14,211,578.6846590909091,766.6193181818181,1408,54
14,210,575.6048526863085,1346.474870017331,1154,52
14,209,567.6381025248661,707.8638102524866,1307,58
14,208,565.3096309630963,1146.5490549054905,1111,56
14,207,562.5838383838384,567.8909090909091,990,60
14,206,563.1012552301255,1312.43179916318,1195,55
14,205,562.0340184266478,970.5605953224664,1411,68
14,212,575.5608938547487,328.1094972067039,895,53
14,204,552.8804347826087,484.7427536231884,828,389
14,202,551.9831460674158,387.1582397003745,1068,63
14,201,552.1770761839396,1085.2697323266987,1457,62
14,200,544.125613346418,1222.7634936211973,1019,66
14,199,549.4837425348375,80.36098208360983,1507,65
14,198,547.5806662312215,1024.8726322664925,1531,67
14,277,760.2643884892086,869.4136690647482,1112,26
14,197,541.4912109375,769.8935546875,1024,64
14,203,552.8242640499554,919.0508474576271,1121,61
14,213,585.3998170173834,1100.9652333028362,1093,51
14,214,590.5208807896735,893.3902809415338,1317,50
14,215,593.1463654223969,547.8388998035364,1018,48
14,234,633.2299651567944,357.20557491289196,861,45
14,233,633.1275167785235,1067.2744966442954,1490,73
14,232,628.26796875,821.78671875,1280,47
14,231,623.8118532455316,558.8730009407337,1063,77
14,230,620.2029556650247,1102.3960591133005,1015,76
14,229,612.8452787258248,1213.476678043231,879,82
14,228,614.5117878192534,251.8968565815324,1018,89
14,227,612.7521186440678,378.96716101694915,944,84
14,226,612.566992014197,216.87843833185448,1127,79
14,225,612.071554770318,622.3648409893993,1132,92
14,224,609.6757518796992,716.999060150376,1064,83
14,223,612.4784053156146,1355.197342192691,1505,85
14,222,608.3237347294939,331.52705061082025,1146,87
14,221,606.7454545454545,1036.5808612440192,1045,91
14,220,604.2037186742118,175.09054163298302,1237,90
14,219,604.5007645259939,1157.616972477064,1308,71
14,217,596.4965517241379,967.7195402298851,870,49
14,236,638.9746059544658,734.3756567425569,1142,33
14,278,760.6995305164319,1089.8732394366198,852,94
14,324,876.1083798882681,824.109497206704,895,169
14,280,761.5148413510747,326.57523029682704,977,189
14,344,940.4206848357792,1292.4136967155835,1431,97
14,343,936.1863230921705,812.410307234886,1009,98
14,342,934.1917148362235,1342.0221579961465,1038,101
14,341,935.9989082969432,547.7718340611353,916,102
14,340,933.1718106995885,517.048353909465,972,100
14,339,934.1313012895662,264.81946072684644,1706,103
14,338,923.7357357357357,355.7117117117117,999,104
14,345,941.8434268833087,622.7518463810931,1354,96
14,337,923.4980314960629,107.12926509186352,1524,106
14,334,915.7278287461774,1229.3679918450562,981,108
14,333,912.9139865370232,1030.7000747943157,1337,109
14,332,908.6645683453237,835.8938848920864,1112,111
14,331,902.9707602339181,1341.377192982456,684,110
14,330,906.1980783444199,567.2815964523281,1353,113
14,329,898.1460869565217,1268.94,1150,140
14,328,896.4246068455134,234.6003700277521,1081,114
14,335,915.8157894736842,1316.9131578947367,760,107
14,346,946.1979238754325,1144.2145328719723,1445,115
14,347,947.1765498652292,710.2358490566038,742,117
14,348,959.0305676855895,1106.560199625702,1603,138
14,367,1019.7560738581146,179.93586005830903,1029,120
14,194,534.394777265745,733.304915514593,1302,188
14,366,1019.1287671232876,484.4438356164384,1095,119
14,364,996.5283720930232,998.3720930232558,1075,121
14,363,995.613621896881,1182.1654996817315,1571,124
14,362,988.1504513540622,71.64493480441324,997,130
14,361,985.3381818181819,818.1663636363636,1100,125
14,360,984.659626320065,181.85052802599512,1231,127
14,359,979.5195652173913,721.1913043478261,920,126
14,358,978.1179245283018,1360.7584905660378,1060,129
14,357,979.3497085761865,226.9067443796836,1201,131
14,356,975.5368620037807,916.1275992438564,1058,132
14,355,979.2773851590106,34.70435806831566,1698,133
14,354,975.2445447705041,396.9939804364184,1329,134
14,351,956.2965260545906,1224.8610421836229,806,136
14,350,956.9622997172479,84.09236569274269,1061,116
14,349,953.2463768115942,843.0555555555555,828,118
14,327,884.4029850746268,537.5761194029851,1005,142
14,279,759.7901938426454,1119.8380843785633,877,95
14,326,881.5126353790614,1240.0806257521058,831,168
14,323,872.887174541948,580.7569913211186,1037,170
14,297,805.9304347826087,371.0049689440994,805,146
14,296,805.3719008264463,334.5655253837072,847,150
14,295,807.0153846153846,1186.2034188034188,1170,147
14,293,795.7656731757451,1152.6752312435765,973,153
14,292,799.0734265734266,996.6321678321679,1430,163
14,291,798.1570644718793,301.5281207133059,1458,151
14,290,790.0893617021277,581.3687943262412,705,155
14,298,813.315873015873,621.884126984127,1260,145
14,289,789.9363957597174,847.9787985865725,849,154
14,287,780.8756388415673,1248.0477001703578,1174,157
14,286,768.2018229166666,565.3190104166666,768,158
14,285,769.4611059044049,705.2211808809747,1067,161
14,284,768.2765306122449,249.2969387755102,980,160
14,283,768.0877470355731,403.5296442687747,1265,164
14,282,766.4949729311678,140.3356535189482,1293,162
14,281,763.924347826087,626.8843478260869,1150,159
14,288,791.6173767752715,650.9014202172096,1197,156
14,299,808.3018867924528,398.4685534591195,636,144
14,300,813.032967032967,217.8879120879121,910,143
14,302,818.2481121898597,837.6450916936354,927,152
14,321,868.9758281110117,857.2363473589974,1117,171
14,320,863.8796414852753,720.4916773367478,781,173
14,319,867.3723696248857,297.59926806953337,1093,172
14,318,860.0201834862386,1267.9091743119266,1090,187
14,317,864.5703947368421,335.2611842105263,1520,174
14,316,853.6219081272085,1318.1472320376913,849,391
14,315,853.7,1233.9730769230769,780,177
14,312,844.7683923705722,923.5776566757493,1101,180
14,311,844.922932330827,164.46522556390977,1064,182
14,310,839.2027906976745,198.37116279069767,1075,186
14,309,834.8409090909091,714.1556818181818,880,184
14,308,835.5600835945663,41.73040752351097,957,179
14,307,832.9364881693649,1286.134495641345,803,166
14,306,833.598445595855,863.401554404145,772,183
14,305,831.9233201581028,1126.3430830039526,1265,185
14,304,829.8856907894736,444.390625,1216,176
14,303,823.7309941520468,1315.8327485380116,855,165
14,325,881.3855218855219,1300.2373737373737,1188,175
14,193,532.4159733777038,357.35357737104823,1202,93
14,352,955.2053571428571,1252.3824404761904,672,137
14,191,526.524064171123,815.7860962566845,935,333
14,70,189.46588486140726,446.2057569296375,938,383
14,69,188.42579324462642,39.54350051177072,977,195
14,68,186.60591900311528,145.4626168224299,1284,197
14,67,188.70379746835442,105.20632911392406,1580,198
14,66,177.94086021505376,1178.3924731182797,930,201
14,65,179.2882462686567,599.9477611940298,1072,199
14,64,177.63162467419636,775.3927019982624,1151,211
14,71,191.08354430379748,1239.1198312236286,1185,194
14,63,177.62121212121212,689.7845117845118,1188,204
14,61,173.0374331550802,934.4598930481284,935,202
14,60,166.17305315203956,427.00123609394313,809,205
14,59,164.4242774566474,857.278612716763,865,208
14,58,167.05486725663718,1112.5769911504424,1130,207
14,56,163.51951672862452,657.6877323420074,1076,206
14,54,151.0255319148936,827.2829787234042,940,209
14,53,143.88695652173914,780.7530434782609,575,210
14,62,178.1928251121076,564.0635276532138,1338,203
14,72,194.62242268041237,894.3221649484536,1552,192
14,73,194.9939024390244,977.1795392953929,1476,193
14,74,195.54065040650406,1061.540650406504,1230,196
14,93,232.6086956521739,879.4990548204158,1058,223
14,92,222.76311475409835,728.0877049180328,1220,228
14,91,217.46279069767442,440.6674418604651,860,225
14,90,222.48080279232113,407.7137870855148,1146,235
14,89,220.28919860627178,128.52439024390245,1148,226
14,88,218.07788944723617,57.050251256281406,1194,229
14,87,208.79777777777778,771.8666666666667,450,234
14,86,214.8503740648379,600.9659185369909,1203,230
14,85,211.54628571428572,835.3897142857143,875,227
14,84,210.0516039051604,1170.0181311018132,717,233
14,83,211.1042944785276,663.0490797546013,1304,232
14,81,205.78249336870027,377.7692307692308,1131,214
14,80,204.25047801147227,1282.4961759082219,1046,224
14,79,201.82068206820682,1199.4708470847086,909,213
14,78,201.16899097621,257.3174733388023,1219,200
14,77,200.1440366972477,800.237614678899,1090,191
14,75,191.2290502793296,1150.1689944134077,716,382
14,52,147.67503692762187,712.1233382570163,1354,285
14,94,233.16910229645094,810.2901878914405,958,220
14,51,138.89764492753622,1362.5335144927535,1104,212
14,48,136.01511335012594,1285.5736775818639,1588,260
14,24,66.41413427561838,870.0621908127208,1415,241
14,23,59.66829745596869,641.5978473581214,1022,239
14,22,59.60264227642276,691.2113821138212,984,248
14,21,68.15562130177514,1331.8189349112426,1690,240
14,20,56.68421052631579,803.9646504320502,1273,242
14,19,53.179089026915115,118.46273291925466,966,245
14,18,49.585284280936456,356.9397993311037,897,243
14,25,74.74865735767992,1079.0042964554243,931,261
14,17,52.239277652370205,391.86982693754703,1329,246
14,15,41.05580969807868,897.0832570905764,1093,249
14,14,35.094290657439444,1070.4602076124568,1156,255
14,13,30.476861167002014,860.0311871227365,994,250
14,12,30.199316628701595,1252.4328018223234,878,252
14,10,27.91060291060291,1103.6860706860707,962,253
14,9,22.744649446494464,1036.789667896679,1355,256
14,192,533.1327586206896,114.89913793103449,1160,190
14,16,44.34767025089606,199.32616487455198,1116,259
14,26,91.61069418386492,757.0365853658536,1066,262
14,27,94.91417910447761,401.60149253731345,1340,272
14,28,93.06640625,585.8763020833334,768,279
14,47,132.69291338582678,438.65905511811025,1270,263
14,46,130.32801822323464,189.1473044798785,1317,264
14,45,125.78304239401496,797.3403990024938,802,266
14,44,127.15170068027211,28.86326530612245,1470,267
14,43,124.57634730538922,922.2305389221557,1336,269
14,40,121.63412921348315,864.2415730337078,1424,270
14,39,117.05644402634054,826.9275634995296,1063,271
14,38,117.34064785788924,668.8557993730408,957,274
14,37,112.22087378640776,606.9138349514564,824,283
14,36,115.97425583266292,477.6130329847144,1243,273
14,35,105.48722627737226,952.3740875912408,1096,277
14,34,108.09407216494846,705.2074742268042,1552,278
14,33,104.85237258347979,146.0439367311072,1138,275
14,32,103.27718832891247,1141.818302387268,754,276
14,31,104.89994079336886,551.9887507400829,1689,280
14,30,97.92213473315836,645.4549431321085,1143,282
14,29,97.44680851063829,1102.7331560283687,1128,281
14,50,138.35201401050787,153.89404553415062,1142,237
14,96,235.1311343523733,1192.7795655671762,1243,222
14,11,24.78404401650619,757.5639614855571,727,254
14,98,236.93655913978495,460.48709677419356,930,221
14,167,465.4912547528517,1331.380988593156,1315,291
14,166,457.495278069255,1254.4658971668416,953,292
14,165,455.359649122807,1220.4280701754385,1140,293
14,164,449.9777117384844,1103.775631500743,1346,294
14,163,431.7589388696655,122.22837370242215,867,298
14,162,431.06031468531467,759.9248251748252,1144,299
14,161,430.4361610968295,219.19023136246787,1167,300
14,168,467.7834736036725,187.83167559296098,1307,290
14,160,428.8751156336725,906.7113783533765,1081,301
14,157,419.70212765957444,433.90577507598783,987,303
14,155,410.4068669527897,1337.0901287553647,1165,305
14,154,403.59662775616084,844.5551232166018,771,332
14,153,396.6666666666667,478.560770156438,831,306
14,152,400.5895618556701,1182.444587628866,1552,308
14,151,395.4277777777778,321.03222222222223,900,342
14,150,394.9528706083976,1232.9545844044558,1167,360
14,158,429.87775280898876,967.389213483146,2225,302
14,169,470.45864106351553,1186.9970457902511,1354,288
14,170,471.65030211480365,256.7990936555891,1324,296
14,171,469.08419838523645,124.58592848904267,867,309
14,97,235.81360671015844,1295.5768872320596,1073,219
14,190,528.2384708737864,187.34162621359224,1648,313
14,189,519.8270814272644,484.76212259835313,1093,315
14,186,516.4713438735178,622.3132411067194,1012,311
14,185,510.4027657735523,1005.7666378565254,1157,317
14,184,514.569613552144,551.6056114346214,1889,318
14,183,505.8101145038168,909.5496183206106,1048,316
14,182,504.7725598526703,1242.3922651933701,1086,319
14,181,503.39945155393053,1313.551188299817,1094,331
14,180,498.4267650158061,704.7966280295047,949,322
14,179,499.5773672055427,1075.9168591224018,1299,324
14,178,498.9918136020151,653.904282115869,1588,323
14,177,489.3529411764706,148.28158148505304,1037,328
14,176,484.00817661488145,56.156173344235484,1223,329
14,174,480.7562149157979,752.0304731355253,1247,330
14,173,480.2081101759755,574.4621270084162,1307,310
14,172,479.6669316375199,436.39825119236883,1258,320
14,149,396.1179277436946,147.17109747784593,1467,358
14,148,390.33727810650885,1128.3609467455622,1014,359
14,188,518.8533333333334,1290.5444444444445,900,314
14,146,388.0472008781559,819.4555433589462,911,361
14,123,310.9743062692703,164.69373072970194,973,338
14,121,299.1029252437703,1016.9869989165763,923,341
14,120,293.1426592797784,1047.5235457063711,722,343
14,119,302.364738292011,354.5939393939394,1815,340
14,118,295.63436123348015,775.8700440528635,1362,344
14,117,292.32971295577966,1190.655546935609,1289,346
14,116,293.0870292887029,509.7096234309623,1195,345
14,124,313.7463976945245,48.88568683957733,1041,337
14,110,280.6998546511628,451.53343023255815,1376,348
14,108,262.5763052208835,1188.9538152610442,498,352
14,107,268.02647058823527,972.1127450980392,1020,351
14,106,265.1287246722288,1047.6030989272945,839,395
14,105,263.11717171717174,493.76666666666665,990,353
14,104,265.3135033050047,1229.1652502360719,1059,284
14,102,254.6294008647313,772.4051883878938,1619,216
14,147,390.1931137724551,786.3196107784431,1336,362
14,109,273.55415162454875,87.40072202166066,1108,349
14,125,315.4437246963563,914.7133603238866,1235,339
14,103,255.9172346640701,241.51509250243427,1027,236
14,127,327.7578304048892,1286.1825821237585,1309,356
14,145,384.0082304526749,1289.8716049382715,1215,363
14,126,324.34816462736376,401.69744160177976,899,336
14,143,374.29107505070994,42.24746450304259,986,368
14,142,365.72189349112426,231.66074950690336,1014,367
14,141,363.4155672823219,753.2532981530343,758,370
14,140,363.33770883054893,152.02744630071598,838,365
14,139,360.5019181585678,310.210358056266,1564,366
14,138,352.40019960079843,73.9001996007984,1002,369
14,100,247.01730103806227,1155.334948096886,1445,218
14,135,343.5416666666667,200.35992907801418,1128,371
14,134,339.0833333333333,171.8578431372549,612,375
14,133,337.7489932885906,235.25637583892617,745,390
14,132,340.15932746196955,1079.1192954363491,1249,372
14,131,331.5530035335689,1356.7826855123674,1132,374
14,137,354.117381489842,722.1715575620767,1329,377
14,130,329.3826771653543,601.7102362204724,1270,355
14,129,323.71192893401013,755.4479695431472,788,335
14,128,334.2160345655305,122.3163706192991,2083,364
15,239,664.9698431845597,335.78287092882994,829,5
15,238,665.9199048374306,1350.4480570975416,1261,6
15,237,664.1946992864424,877.3639143730887,981,10
15,236,665.7706586826347,984.1874251497006,1670,8
15,235,659.21143847487,1200.3544194107453,1154,12
15,234,657.2162162162163,911.3006756756756,1184,11
15,231,646.916590284143,218.75985334555455,1091,13
15,232,651.1205357142857,148.76785714285714,896,14
15,230,647.3107902735562,182.0341945288754,1316,16
15,228,641.3518344308561,853.9388523047977,1063,18
15,227,643.2591701743836,1236.3505712567649,1663,19
15,226,637.7336206896551,734.8646551724138,1160,33
15,225,638.8324388789505,1320.6314847942756,1677,46
15,224,632.3374717832957,357.94243792325057,886,45
15,233,654.9655405405406,616.0912162162163,1480,9
15,240,670.9480269489894,258.7199230028874,1039,3
15,244,682.9544095665171,86.10538116591928,1338,21
15,242,672.4558404558404,440.10636277302945,1053,7
15,260,738.1365269461078,692.2982035928144,835,28
15,259,738.0529567519859,270.62577228596643,1133,29
15,223,631.9753661784288,1067.75965379494,1502,73
15,258,735.2497824194952,1148.3838120104438,1149,30
15,257,736.8341553637484,1359.3286066584465,1622,31
15,256,727.1376547705754,637.7465404224326,1373,44
15,255,723.4726618705035,846.4007194244605,1390,32
15,241,671.5142045454545,711.7585227272727,1056,2
15,254,714.7879490150638,181.42641946697566,863,37
15,252,709.3646170442287,607.7346278317152,927,36
15,251,708.6373443983402,1067.2946058091286,1205,39
15,249,705.0416666666666,698.7576388888889,1440,35
15,247,683.0554951033732,1089.2818280739934,919,22
15,246,683.2414829659318,185.88476953907815,998,23
15,245,678.4206257242179,228.0092699884125,863,20
15,243,671.8713017751479,56.57692307692308,676,1
15,253,708.5954446854664,1224.912147505423,922,38
15,250,706.3462301587301,212.54761904761904,1008,41
15,203,574.2171995589856,328.41014332965824,907,53
15,221,622.6997219647822,559.4884151992586,1079,77
15,198,561.428431372549,568.2911764705882,1020,60
15,197,560.8312858312859,1313.958230958231,1221,55
15,196,562.2484737484738,972.9542124542124,1638,68
15,195,551.7502890173411,485.5895953757225,865,389
15,194,551.6741472172351,919.1337522441652,1114,61
15,193,551.2210724365004,387.8222013170273,1063,63
15,192,550.9744827586206,1086.0944827586206,1450,62
15,199,564.4582959641256,1146.9659192825113,1115,56
15,191,548.0635648754915,80.55045871559633,1526,65
15,189,546.5737386804657,1025.5536869340233,1546,67
15,188,534.8631677600749,451.91283973758203,1067,258
15,187,534.2201210287443,735.2231467473525,1322,188
15,186,531.2875399361022,358.1094249201278,1252,93
15,185,532.118398637138,115.396933560477,1174,190
15,261,741.8527042577675,724.2543153049482,869,27
15,184,526.0295670538543,815.8405491024287,947,333
15,190,543.0067372473533,1223.1828681424447,1039,66
15,222,628.5932977913176,820.897943640518,1313,47
15,200,566.8283294842187,708.1785989222478,1299,58
15,202,575.286835222319,1347.416739319965,1147,52
15,220,619.6158415841584,1103.1792079207921,1010,76
15,219,611.9013452914799,1213.902466367713,892,82
15,218,611.4514106583072,380.0585161964472,957,84
15,217,612.1126482213439,253.2806324110672,1012,89
15,216,610.6856414613424,217.9303313508921,1177,79
15,215,608.30426716141,717.0278293135436,1078,83
15,214,610.515852613539,622.9588688946016,1167,92
15,201,577.8269493844049,768.0321477428181,1462,54
15,213,612.4351851851852,1355.0,1512,85
15,211,606.0625,1036.7024253731342,1072,91
15,210,603.2588235294118,1158.3427450980391,1275,71
15,208,597.1359447004609,964.0069124423964,868,49
15,207,598.0591666666667,1316.9708333333333,1200,81
15,206,592.0096899224807,548.3468992248062,1032,48
15,205,589.4014925373134,893.8783582089552,1340,50
15,204,584.5801393728223,1101.7613240418118,1148,51
15,212,607.4056059356966,332.2885408079143,1213,87
15,262,755.466862170088,58.484457478005865,1705,25
15,307,873.0083402835696,822.7572977481234,1199,169
15,264,758.7320419693301,832.3309120258273,1239,69
15,328,941.494227994228,623.3383838383838,1386,96
15,327,939.5051405071968,1293.3269362577107,1459,97
15,326,935.3509433962264,812.9150943396227,1060,98
15,325,934.4801512287335,1343.5831758034026,1058,101
15,324,934.1514500537057,548.3007518796992,931,102
15,323,931.9389721627409,517.5653104925053,934,100
15,322,933.4164759725401,263.6687643020595,1748,103
15,329,946.137022397892,710.6100131752306,759,117
15,321,922.342939481268,355.98559077809796,1041,104
15,318,914.8436268068331,1318.4533508541392,761,107
15,317,914.6321393998064,1229.9399806389158,1033,108
15,316,903.1115879828326,1343.6552217453504,699,110
15,315,907.4280908326325,836.386038687973,1189,111
15,314,904.5577342047931,568.7007988380537,1377,113
15,313,897.634186622626,1269.4525185796863,1211,140
15,312,894.8889899909008,235.04185623293904,1099,114
15,320,922.7117232543242,107.01345291479821,1561,106
15,310,881.5709302325581,1239.4302325581396,860,168
15,330,956.9638061879743,1108.9492119089316,1713,138
15,332,956.3046800382044,84.68194842406876,1047,116
15,183,526.6258907363421,188.7624703087886,1684,313
15,349,1019.1573033707865,180.2808988764045,1068,120
15,348,1018.1654611211574,484.79566003616634,1106,119
15,346,995.7420494699646,998.8197879858657,1132,121
15,345,994.9533871970168,1182.600372902424,1609,124
15,344,987.9098837209302,72.6375968992248,1032,130
15,343,984.3225241016652,818.5425065731814,1141,125
15,331,952.020737327189,843.684331797235,868,118
15,342,983.2380952380952,182.37548790007807,1281,127
15,340,976.4571428571429,1360.1327188940093,1085,129
15,339,977.91961414791,227.88344051446944,1244,131
15,338,974.5341219290264,916.533212010919,1099,132
15,337,978.6217292377702,35.195108077360636,1758,133
15,336,974.4374531835206,397.352808988764,1335,134
15,335,954.5491329479769,1252.9552023121387,692,137
15,334,955.7469733656175,1225.1573849878935,826,136
15,341,979.0167890870933,720.8048268625394,953,126
15,263,759.0515463917526,869.8840206185567,1164,26
15,309,883.5884057971015,538.1942028985508,1035,142
15,306,872.8921200750469,586.7476547842401,1066,170
15,280,794.0253699788584,337.2463002114165,946,150
15,279,794.9898430286241,1152.3527239150508,1083,153
15,278,798.1621438263229,997.1492537313433,1474,163
15,277,788.8831908831909,581.994301994302,702,155
15,276,788.9357798165138,849.3692660550458,872,154
15,275,791.1584564860427,652.1379310344828,1218,156
15,274,779.8694560669456,1248.6744769874476,1195,157
15,282,805.9556856187291,1186.747491638796,1196,147
15,273,767.1270860077021,565.4595635430038,779,158
15,271,767.1656746031746,249.71825396825398,1008,160
15,270,766.5522501906942,404.48436308161706,1311,164
15,269,765.7880149812734,141.07340823970037,1335,162
15,268,763.2176079734219,627.3945182724252,1204,159
15,267,760.406342913776,327.4479682854311,1009,189
15,266,757.1307262569833,1123.0290502793296,895,95
15,265,758.8780971258672,1091.7145688800792,1009,94
15,272,769.1119333950046,705.6456984273821,1081,161
15,308,880.8351107465136,1301.2936833470058,1219,175
15,283,805.007371007371,371.4078624078624,814,146
15,285,808.6322008862629,399.15805022156576,677,144
15,305,866.2218278615794,297.81011535048805,1127,172
15,304,866.78664495114,858.9535830618893,1228,171
15,303,859.9054770318021,1268.1395759717313,1132,187
15,301,863.1453045685279,335.8946700507614,1576,174
15,300,853.3158551810237,1234.1660424469412,801,177
15,299,852.4625144175317,1318.8950403690887,867,391
15,296,843.7159663865547,924.0705882352942,1190,180
15,284,812.3354380426204,622.2573007103393,1267,145
15,295,838.2715517241379,197.82241379310344,1160,186
15,293,831.6099290780141,1286.5543735224587,846,166
15,292,829.4220705346985,865.6427758816837,879,183
15,291,831.5735821966978,1126.562096195262,1393,185
15,290,828.8831587429493,444.92908944399676,1241,176
15,289,822.3909604519774,1316.3898305084747,885,165
15,288,817.1330472103004,837.7918454935623,932,152
15,286,811.8480749219563,219.04994797086368,961,143
15,294,834.5381485249237,714.8341810783317,983,184
15,182,518.8481818181818,485.1109090909091,1100,315
15,174,502.7835497835498,1314.4155844155844,1155,331
15,179,515.4223968565815,622.6277013752456,1018,311
15,65,189.5479797979798,1239.71632996633,1188,194
15,64,185.62490392006148,146.1913912375096,1301,197
15,63,187.512164691204,105.53150343106675,1603,198
15,62,177.1943866943867,1178.6070686070686,962,201
15,61,178.15162790697676,600.4920930232558,1075,199
15,60,177.42233856893543,775.5471204188482,1146,211
15,59,175.89448669201522,690.2205323193916,1052,204
15,58,172.24372384937237,935.1192468619247,956,202
15,57,176.83991228070175,564.358918128655,1368,203
15,56,164.9249692496925,427.3038130381304,813,205
15,55,163.40893470790377,857.5292096219931,873,208
15,54,166.19357638888889,1112.7994791666667,1152,207
15,53,163.4648288973384,659.1093155893536,1052,206
15,51,150.1404435058078,827.4910242872228,947,209
15,50,143.76337115072934,780.4473257698542,617,210
15,66,187.39340885684862,40.16065911431514,971,195
15,67,188.65726227795193,446.5559038662487,957,383
15,68,193.63487049905243,894.8932406822489,1583,192
15,69,193.9435215946844,977.6099667774087,1505,193
15,87,216.70790378006873,441.16494845360825,873,225
15,86,221.41376306620208,408.3623693379791,1148,235
15,85,219.3598615916955,129.2551903114187,1156,226
15,84,216.85714285714286,58.01267962806424,1183,229
15,83,209.12334801762114,772.3215859030837,454,234
15,82,213.91127694859037,601.1940298507462,1206,230
15,81,209.07479224376732,1170.9750692520777,722,233
15,49,146.83683828861493,712.0616388687455,1379,285
15,80,209.3625140291807,836.618406285073,891,227
15,77,205.5056967572305,377.7002629272568,1141,214
15,76,202.34235976789168,1282.9719535783365,1034,224
15,75,200.12557710064635,800.3942751615882,1083,191
15,74,200.33966244725738,1201.3565400843881,948,213
15,73,200.06757843925985,257.41914722445694,1243,200
15,71,190.4019204389575,1150.6008230452676,729,382
15,70,194.1998432601881,1061.3612852664576,1276,196
15,79,210.61780104712042,662.7038145100972,1337,232
15,48,137.60595446584938,1362.6768826619964,1142,212
15,47,138.09406779661018,153.75593220338982,1180,237
15,45,135.25309849967385,1285.6405740378343,1533,260
15,24,65.45800988002823,869.8602681721948,1417,241
15,23,59.52758274824473,691.5045135406218,997,248
15,22,58.762271414821946,641.7449470644851,1039,239
15,21,66.88204225352112,1332.193661971831,1704,240
15,20,55.1838124054463,804.6520423600605,1322,242
15,19,51.981818181818184,118.68686868686869,990,245
15,18,51.82591414944356,392.1955484896661,1258,246
15,25,73.91718426501035,1079.463768115942,966,261
15,17,48.34720700985761,358.0449069003286,913,243
15,15,39.67493356953056,897.0699734278122,1129,249
15,14,33.80975609756098,1070.5048780487805,1230,255
15,13,29.02017937219731,1252.1849775784754,892,252
15,12,28.755258126195027,860.5066921606118,1046,250
15,181,518.5555555555555,1290.6303630363036,909,314
15,10,27.017189079878666,1104.231547017189,989,253
15,9,22.61995597945708,1036.0608950843728,1363,256
15,16,43.92938099389713,199.70444638186575,1147,259
15,88,222.2886928628709,728.2349639133921,1247,228
15,26,90.75776397515529,757.5155279503106,1127,262
15,28,93.06559405940594,583.309405940594,808,279
15,44,131.73107255520506,439.7870662460568,1268,263
15,43,124.67848410757946,797.257946210269,818,266
15,42,128.9427536231884,189.5695652173913,1380,264
15,41,126.42978445460483,29.48073154800784,1531,267
15,40,123.15680473372781,922.3424556213017,1352,269
15,39,120.89268626110731,865.4272043745729,1463,270
15,38,117.30477223427332,669.6789587852495,922,274
15,27,93.85347985347985,402.07985347985345,1365,272
15,37,115.81851512373969,827.3675527039413,1091,271
15,35,110.32380952380953,606.6607142857143,840,283
15,34,104.60830324909747,953.221119133574,1108,277
15,33,106.7498404594767,705.3477983407786,1567,278
15,32,103.59831223628692,146.19493670886075,1185,275
15,31,101.5387811634349,1142.0498614958449,722,276
15,30,97.38305084745762,646.5406779661017,1180,282
15,29,96.83377541998232,1103.6622458001768,1131,281
15,36,115.1722265321955,478.88285492629944,1289,273
15,89,233.02972195589646,812.1284755512943,1043,220
15,11,24.040106951871657,757.9799465240642,748,254
15,91,231.7027027027027,879.9776328052191,1073,223
15,156,430.1024734982332,760.3250883392226,1132,299
15,155,428.34937439846004,906.7228103946102,1039,301
15,154,429.6611157368859,219.86594504579517,1201,300
15,152,428.83918508886,967.951018638925,2307,302
15,151,418.2251720747296,434.96755162241885,1017,303
15,149,409.6775,1338.2258333333334,1200,305
15,148,402.05213903743316,843.2941176470588,748,332
15,147,395.98142076502734,321.8622950819672,915,342
15,146,399.7659305993691,1182.9205047318612,1585,308
15,145,395.6205722070845,147.52792915531336,1468,358
15,144,394.3639484978541,1233.8755364806866,1165,360
15,143,389.0828460038986,1128.711500974659,1026,359
15,142,388.6951530612245,818.5242346938776,784,361
15,141,389.60885885885887,787.7597597597597,1332,362
15,157,430.7827547592385,122.93281075027996,893,298
15,158,448.872,1104.2123636363635,1375,294
15,159,454.4585115483319,1221.1616766467066,1169,293
15,160,456.43692307692305,1255.2933333333333,975,292
15,90,227.1549295774648,851.8366197183099,355,387
15,177,507.29855072463766,909.6608695652174,1035,316
15,176,513.7705175117617,551.9921589127025,1913,318
15,175,503.8653321201092,1242.8243858052774,1099,319
15,173,497.47945205479454,705.054794520548,949,322
15,172,498.1153130812151,654.7048977061377,1613,323
15,171,488.4342857142857,148.6561904761905,1050,328
15,140,383.24152191894126,1290.8651778329197,1209,363
15,170,482.9802371541502,56.644268774703555,1265,329
15,167,479.42803877703204,575.0954511558539,1341,310
15,166,478.49359406608227,437.42886041807145,1483,320
15,165,467.9365798414496,124.81426953567384,883,309
15,164,471.9982206405694,257.90628706998814,1686,296
15,163,469.6784702549575,1187.4567988668555,1412,288
15,162,465.41814159292034,188.23525073746313,1356,290
15,161,464.442524417731,1331.8865514650638,1331,291
15,168,479.97037630104086,752.4459567654123,1249,330
15,138,373.59473150962515,42.794326241134755,987,368
15,178,509.3237043330501,1006.3491928632116,1177,317
15,136,362.7699004975124,753.113184079602,804,370
15,113,291.63609246830725,1191.1043997017152,1341,346
15,112,292.0200964630225,510.37861736334406,1244,345
15,108,278.9049479166667,1074.89453125,768,397
15,106,279.68152408339324,452.24011502516174,1391,348
15,105,272.79727272727274,88.31727272727272,1100,349
15,104,261.6700819672131,1189.4487704918033,488,352
15,103,266.99805258033103,972.632911392405,1027,351
15,114,294.8709677419355,776.4860215053764,1395,344
15,102,263.66782006920414,1047.517877739331,867,395
15,100,261.81873111782477,494.2980866062437,993,353
15,99,255.19219790675547,242.10275927687917,1051,236
15,98,253.6286945812808,772.9365763546798,1624,216
15,96,246.94230769230768,1155.2267904509283,1508,218
15,95,236.25236593059938,461.38380651945323,951,221
15,93,234.53496821071752,1295.5222524977294,1101,219
15,137,364.90664100096245,232.40904716073146,1039,367
15,101,264.2766945218199,1229.3751160631384,1077,284
15,115,292.2568306010929,1047.5300546448088,732,343
15,92,234.09384858044163,1193.4692429022082,1268,222
15,118,301.56902356902356,353.3459595959596,1188,340
15,135,362.64343786295007,152.16608594657376,861,365
15,134,359.38525875588084,313.28018818609513,1913,366
15,133,353.58964451313756,721.9551777434312,1294,377
15,132,348.88120740019474,73.14800389483933,1027,369
15,131,336.92897727272725,236.35227272727272,704,390
15,116,298.6674033149171,1017.1049723756906,905,341
15,129,337.60804020100505,172.55443886097152,597,375
15,127,339.01121794871796,1079.488782051282,1248,372
15,130,342.4024390243902,201.10191637630663,1148,371
15,125,322.8314745972739,754.9157372986369,807,335
15,124,327.93469101123594,602.3272471910112,1424,355
15,123,333.2760910815939,122.2196394686907,2108,364
15,122,326.84033613445376,1286.689075630252,1309,356
15,121,323.2491803278688,402.17814207650275,915,336
15,120,314.3239095315024,914.68901453958,1238,339
15,119,309.7808358817533,165.18450560652394,981,338
15,126,330.4457627118644,1357.3966101694916,1180,374
16,229,666.5051671732523,983.0176291793313,1645,8
16,228,660.4601694915254,1200.1254237288135,1180,12
16,227,658.2398406374502,910.4940239043825,1255,11
16,226,651.8911111111111,148.3711111111111,900,14
16,224,652.7078334509528,616.1446718419196,1417,9
16,223,646.6868953386104,219.08179419525067,1137,13
16,213,623.2093023255813,558.886404293381,1118,77
16,220,642.3706293706293,854.6835664335664,1144,18
16,219,643.4701267350633,1235.678937839469,1657,19
16,218,638.5074135090609,734.5667215815486,1214,33
16,217,639.083778966132,1320.05109922757,1683,46
16,216,632.9317931793179,357.4873487348735,909,45
16,215,632.6986211424819,1067.9908076165464,1523,73
16,214,629.1291269258987,820.3719735876742,1363,47
16,222,647.4836552748885,181.88707280832094,1346,16
16,230,666.2006196746707,1350.429899302866,1291,6
16,238,683.7907907907908,185.6956956956957,999,23
16,232,671.0952830188679,257.9066037735849,1060,3
16,212,620.6089060987415,1103.8576960309776,1033,76
16,248,727.3853342918763,638.2602444284687,1391,44
16,247,723.2985487214927,845.73600552868,1447,32
16,246,715.3851508120649,180.54524361948955,862,37
16,245,709.0368421052632,1224.2294736842105,950,38
16,244,709.8816753926701,607.634554973822,955,36
16,243,708.9390946502058,1066.8559670781892,1215,39
16,242,707.5868089233753,211.9631425800194,1031,41
16,241,704.855737704918,698.4354098360656,1525,35
16,239,683.6093229744728,1089.3762486126527,901,22
16,237,679.0622876557192,226.88561721404304,883,20
16,236,683.7275362318841,85.87463768115941,1380,21
16,235,672.3572453371593,55.83500717360115,697,1
16,234,672.9004484304933,439.827802690583,1115,7
16,233,670.9678942398489,711.4645892351275,1059,2
16,231,665.7544444444444,334.9433333333333,900,5
16,249,735.3144547759932,1148.032967032967,1183,30
16,192,564.7063563115488,1146.5908683974933,1117,56
16,210,611.7392156862745,380.33235294117645,1020,84
16,187,552.1146953405018,918.5089605734767,1116,61
16,186,551.8837689133425,1085.9862448418157,1454,62
16,185,551.634011090573,387.56099815157114,1082,63
16,184,548.0736910148674,80.08338720103426,1547,65
16,183,543.2276951672862,1223.021375464684,1076,66
16,182,546.4063103670316,1025.2273019961365,1553,67
16,181,530.6305637982196,789.459940652819,674,381
16,180,535.6315028901735,735.721098265896,1384,188
16,179,532.7829596412556,451.13632286995517,1115,258
16,178,532.4049445865303,115.16283034953112,1173,190
16,177,531.3435818601076,357.66026133743276,1301,93
16,176,526.2391559202814,816.6576787807737,853,333
16,175,526.7960716348931,188.84633160023108,1731,313
16,174,518.9406934306569,484.8905109489051,1096,315
16,250,737.1426821800368,1358.8303735456216,1633,31
16,188,552.5771739130435,482.9913043478261,920,389
16,189,560.6869085173502,1314.2917981072555,1268,55
16,190,561.615458937198,568.0599033816425,1035,60
16,191,566.9933234421364,707.7329376854599,1348,58
16,209,611.2320550639134,253.5653883972468,1017,89
16,333,1019.358543417367,180.07843137254903,1071,120
16,207,608.7421150278293,716.7421150278293,1078,83
16,206,609.8447563996697,217.77291494632536,1211,79
16,205,612.7115885416666,1354.7037760416667,1536,85
16,204,607.7993579454254,332.1123595505618,1246,87
16,203,607.7083700440529,1035.793832599119,1135,91
16,211,611.9869565217391,1213.0271739130435,920,82
16,201,603.5625978090767,1158.10406885759,1278,71
16,199,598.4296357615895,1316.5082781456954,1208,81
16,198,592.371075166508,547.8468125594671,1051,48
16,197,589.9656652360514,893.994277539342,1398,50
16,196,584.6454148471615,1102.547598253275,1145,51
16,195,575.7982222222222,1347.2346666666667,1125,52
16,194,574.1437837837838,328.2075675675676,925,53
16,193,577.8125412541254,767.7306930693069,1515,54
16,200,597.7975797579758,969.2904290429043,909,49
16,251,738.876245847176,269.80066445182723,1204,29
16,292,873.1408450704225,586.3408450704226,1065,170
16,253,747.4839449541284,723.098623853211,872,27
16,312,941.8066139468009,622.7095614665708,1391,96
16,311,936.5728689275894,1343.0815765352888,1091,101
16,310,940.1576846307386,1293.1736526946108,1503,97
16,309,935.4302222222223,812.8222222222222,1125,98
16,308,934.8675847457627,548.2171610169491,944,102
16,307,932.5982814178303,517.123523093448,931,100
16,306,933.7580191333708,263.0737197523917,1777,103
16,305,922.5850661625709,355.3657844990548,1058,104
16,303,922.7660781841109,106.93316519546028,1586,106
16,302,915.4521410579345,1318.9168765743073,794,107
16,301,915.0186046511628,1229.3562790697674,1075,108
16,300,904.9534206695779,1344.5574963609897,687,110
16,299,905.2660944206009,568.6187410586552,1398,113
16,298,898.8165495706479,1269.455113192818,1281,140
16,297,895.366432337434,234.55008787346222,1138,114
16,313,946.4854881266491,710.2968337730871,758,117
16,295,882.1550561797753,1238.120224719101,890,168
16,314,957.3007856341189,1108.530864197531,1782,138
16,316,955.4216061185468,83.59560229445506,1046,116
16,173,519.0151024811219,1289.9633225458467,927,314
16,332,1018.6699551569507,484.437668161435,1115,119
16,330,996.0111396743788,998.5698371893744,1167,121
16,329,995.3114457831325,1182.0867469879518,1660,124
16,328,987.4990366088632,72.61849710982659,1038,130
16,327,984.7712811693895,818.0584694754945,1163,125
16,326,979.2409513960703,720.5863495346432,967,126
16,325,981.5066202090592,174.94703832752614,1435,127
16,324,978.496855345912,227.49213836477986,1272,131
16,323,976.4555160142348,1358.879893238434,1124,129
16,322,974.8077969174977,915.8776065276519,1103,132
16,321,979.4029524330235,34.236741388737016,1829,133
16,320,974.7382352941177,396.8764705882353,1360,134
16,318,956.5983889528193,1224.8400460299194,869,136
16,317,954.4674384949349,1253.0477568740955,691,137
16,315,952.2124582869856,843.3437152391546,899,118
16,252,738.6201183431953,692.1183431952662,845,28
16,294,883.9675262655205,537.7860553963706,1047,142
16,291,873.1343792633015,824.3178717598909,1466,169
16,268,798.5354796320631,996.6162943495401,1522,163
16,267,790.1660978384527,848.6985210466439,879,154
16,266,789.2127955493742,581.4283727399165,719,155
16,265,791.1219512195122,652.0883095037847,1189,156
16,264,780.178600160901,1248.1496379726468,1243,157
16,263,769.8442871587462,701.1911021233569,989,161
16,262,767.1056603773585,564.6528301886792,795,158
16,261,766.4513533284564,404.3789319678127,1367,164
16,260,763.5645161290323,626.9201612903225,1240,159
16,259,766.0520607375271,140.5538684020246,1383,162
16,258,757.7542918454935,1123.2124463519312,932,95
16,257,759.1619786614937,1091.2774005819592,1031,94
16,256,759.6802906448683,869.260672116258,1101,26
16,255,759.4188034188035,831.5236985236985,1287,69
16,254,755.9350574712644,58.02873563218391,1740,25
16,270,807.4412724306688,1187.8238172920064,1226,147
16,293,880.9156844968269,1301.1677243880326,1103,175
16,271,807.1361058601134,334.5396975425331,1058,150
16,274,815.070219966159,225.55837563451777,1182,143
16,290,866.5332167832167,297.3312937062937,1144,172
16,289,860.4111842105264,1268.2146381578948,1216,187
16,288,863.6533839342188,335.64073371283996,1581,174
16,287,853.5429638854297,1234.0747198007473,803,177
16,286,853.5200341005967,1322.755328218244,1173,391
16,284,844.2659667541558,923.6054243219597,1143,180
16,283,837.6791666666667,197.72833333333332,1200,186
16,282,834.1848249027238,714.2062256809338,1028,184
16,281,832.3325817361894,1287.2243517474633,887,166
16,280,831.593253968254,1126.6798941798943,1512,185
16,279,829.2727272727273,444.54467754467754,1287,176
16,278,828.1620795107034,868.9755351681957,1308,183
16,277,820.9336099585062,390.4868603042877,723,144
16,276,821.2850467289719,1316.3481308411215,856,165
16,275,817.7579185520362,836.2997737556561,884,152
16,272,812.1351351351351,622.3837837837838,1295,145
16,171,509.53550543024227,1006.1169590643275,1197,317
16,208,610.7697594501718,622.6958762886597,1164,92
16,169,514.1553049718093,551.3188108662224,1951,318
16,63,187.58829568788502,39.44250513347023,974,195
16,62,185.73423423423424,145.72972972972974,1332,197
16,61,188.1552346570397,104.70697954271961,1662,198
16,60,181.97410071942446,690.9985611510791,1390,204
16,59,178.44546287809348,600.2703941338222,1091,199
16,58,176.6456228956229,775.3619528619529,1188,211
16,57,174.09073543457498,1175.6704871060172,1047,201
16,56,172.75075987841944,934.629179331307,987,202
16,55,176.81857142857143,563.9657142857143,1400,203
16,54,164.8213851761847,426.94046172539487,823,205
16,53,163.85698324022346,857.2435754189944,895,208
16,52,165.96572407883463,1112.197086546701,1167,207
16,50,161.04827031375703,659.3636363636364,1243,206
16,49,149.600622406639,826.9564315352698,964,209
16,48,143.54992548435172,780.1177347242921,671,210
16,64,190.43506493506493,1239.1063311688313,1232,194
16,47,147.64400840925018,711.2298528381219,1427,285
16,65,189.3159509202454,446.10531697341514,978,383
16,67,194.38481338481338,977.1769626769627,1554,193
16,82,221.87480680061825,727.6476043276662,1294,228
16,81,217.50945494994437,440.48832035595103,899,225
16,80,219.96413321947054,128.95900939368062,1171,226
16,79,214.3484971567831,600.5182778229082,1231,230
16,78,216.98692810457516,57.841503267973856,1224,229
16,77,209.06349206349208,772.1964285714286,504,234
16,76,207.95939675174014,1169.0649651972158,862,233
16,75,210.8732075471698,662.1539622641509,1325,232
16,74,206.1325167037862,834.9042316258352,898,227
16,73,205.59137055837564,377.01522842639594,1182,214
16,72,202.16284233900814,1282.940044411547,1351,224
16,71,200.20833333333334,800.5460992907801,1128,191
16,70,200.43396226415095,256.625,1272,200
16,69,190.22222222222223,419.2953216374269,342,384
16,68,196.51087902523935,1201.136640557006,1149,213
16,66,193.8760124610592,894.2990654205607,1605,192
16,83,223.29113924050634,407.4337552742616,1185,235
16,46,138.76042518397384,152.9533932951758,1223,237
16,43,135.5098814229249,1285.9947299077735,1518,260
16,23,60.313131313131315,689.9757575757576,990,248
16,22,59.299235181644356,641.555449330784,1046,239
16,21,67.31898016997167,1331.601699716714,1765,240
16,20,56.68533668974197,805.1006922592826,1589,242
16,19,52.036893203883494,117.74271844660194,1030,245
16,18,52.39852700490999,391.4656301145663,1222,246
16,17,49.45677694770544,357.41408751334046,937,243
16,16,44.40878378378378,198.91385135135135,1184,259
16,15,39.90095569070374,896.8879235447437,1151,249
16,14,29.750819672131147,1251.7639344262295,915,252
16,13,35.04122340425532,1068.6755319148936,1504,255
16,12,28.322018348623853,860.1853211009175,1090,250
16,10,27.115458015267176,1104.3797709923665,1048,253
16,9,23.342494714587737,1031.6546863988724,1419,256
16,170,507.9388942774006,909.1309408341416,1031,316
16,24,65.67267683772538,869.0450762829404,1442,241
16,45,137.3668941979522,1361.712457337884,1172,212
16,25,74.38484251968504,1079.109251968504,1016,261
16,27,93.39580764488286,583.1159062885326,811,279
16,42,131.61020881670532,439.4570765661253,1293,263
16,41,123.79927448609432,796.5235792019347,827,266
16,40,129.14707952146375,189.28571428571428,1421,264
16,39,126.32120051085569,29.120689655172413,1566,267
16,38,123.32744665194997,921.7674760853569,1359,269
16,37,118.20712694877506,669.5579064587973,898,274
16,36,120.57267247153382,863.5498995311453,1493,270
16,35,116.4557477110885,826.2136317395727,983,271
16,34,111.15967365967366,606.1048951048951,858,283
16,33,115.64520958083833,477.82110778443115,1336,273
16,32,105.0098389982111,952.8309481216457,1118,277
16,31,107.09667294413057,705.0483364720653,1593,278
16,30,103.46645619573796,145.42699289660615,1267,275
16,29,98.28700657894737,646.3881578947369,1216,282
16,28,97.8119658119658,1103.6008547008546,1170,281
16,26,94.20912280701755,401.7417543859649,1425,272
16,84,225.39955357142858,849.4977678571429,448,387
16,11,24.255696202531645,757.8835443037975,790,254
16,86,234.50710227272728,1193.8671875,1408,222
16,147,427.10796645702305,904.0115303983229,954,301
16,145,429.17874592833874,967.396986970684,2456,302
16,144,418.06150978564773,434.66915191053124,1073,303
16,142,410.291935483871,1339.1951612903226,1240,305
16,141,403.6806220095694,847.3612440191388,836,332
16,140,398.6078431372549,320.5261437908497,918,342
16,139,394.7779675491033,1233.8923996584117,1171,360
16,138,396.17040673211784,1186.2538569424964,1426,308
16,137,396.7917705735661,147.39027431421445,1604,358
16,136,389.4410933081998,1128.2959472196042,1061,359
16,135,388.09787816564,782.6680355920603,1461,362
16,134,386.20924943138743,819.2721758908264,1319,361
16,133,383.3500837520938,1290.1541038525963,1194,363
16,131,373.96003996004,42.20679320679321,1001,368
16,130,364.9550045913682,232.3250688705234,1089,367
16,148,430.28003246753246,219.13717532467533,1232,300
16,129,362.8926014319809,751.6718377088306,838,370
16,149,430.49740484429066,759.8217993079585,1156,299
16,151,449.1783166904422,1103.808131241084,1402,294
16,85,234.7984251968504,812.2228346456693,1270,220
16,168,504.2725344644751,1241.998939554613,943,319
16,167,502.77400662251654,1314.1167218543046,1208,331
16,164,498.8458452722063,653.3071633237822,1745,323
16,163,489.9493908153702,148.601686972821,1067,328
16,162,483.42935635792776,56.27080062794349,1274,329
16,160,480.32922127987666,752.1788743253662,1297,330
16,159,480.06924198250726,574.7973760932945,1372,310
16,158,479.07835171213003,436.11085316308765,1723,320
16,157,468.90481522956327,124.71332586786114,893,309
16,156,469.9875518672199,1187.0857538035962,1446,288
16,155,464.7456603773585,1331.651320754717,1325,291
16,154,466.0305010893246,188.0087145969499,1377,290
16,153,456.8272357723577,1255.6595528455284,984,292
16,152,454.3336120401338,1221.193143812709,1196,293
16,150,431.36523652365236,122.44224422442244,909,298
16,128,362.7753456221198,151.31451612903226,868,365
16,165,497.6743256743257,704.3426573426574,1001,322
16,126,354.0669934640523,720.8995098039215,1224,377
16,105,292.43615384615384,510.36538461538464,1300,345
16,102,281.1419270833333,1074.5598958333333,768,397
16,101,279.94218857536134,451.4714384033035,1453,348
16,100,272.9776247848537,88.61962134251291,1162,349
16,99,263.3836978131213,1189.286282306163,503,352
16,98,267.7093690248566,972.4024856596558,1046,351
16,106,293.3119880863738,1190.4296351451974,1343,346
16,97,264.3542739443872,1046.7744593202883,971,395
16,95,261.8517073170732,494.42731707317074,1025,353
16,94,255.45818181818183,241.61636363636364,1100,236
16,93,254.12796208530807,772.0586492890995,1688,216
16,92,248.58232676414494,1154.5556261919899,1573,218
16,89,236.27461139896374,1296.2582037996547,1158,219
16,127,360.48075117370894,313.6661971830986,2130,366
16,96,264.7339534883721,1228.6027906976744,1075,284
16,107,295.29152308752583,776.8711233631977,1451,344
16,90,237.0576131687243,461.55555555555554,972,221
16,109,298.8356309650053,1016.5387062566277,943,341
16,125,349.27402473834445,73.01998097050428,1051,369
16,108,293.45646437994725,1047.3364116094988,758,343
16,124,336.53879310344826,236.89224137931035,696,390
16,123,342.25544388609717,201.5393634840871,1194,371
16,122,337.74888558692425,172.43982169390787,673,375
16,121,339.6358653093187,1078.6421299921692,1277,372
16,120,340.5404411764706,790.1073529411765,1360,378
16,119,329.671009771987,1356.622964169381,1228,374
16,87,232.00450856627592,879.5879170423805,1109,223
16,117,328.451171875,601.8736979166666,1536,355
16,116,333.6013856812933,121.19399538106235,2165,364
16,115,327.2880970432146,1286.2918877937832,1319,356
16,114,323.58458244111347,401.8340471092077,934,336
16,118,323.39611872146116,753.9589041095891,876,335
16,113,314.53537735849056,913.694182389937,1272,339
16,112,309.99895833333335,164.6125,960,338
16,110,301.93304347826086,353.84521739130435,1150,340
17,221,657.0399373531715,910.1628817541113,1277,11
17,220,655.2376490630323,1198.7078364565589,1174,12
17,219,650.7133479212254,148.91903719912472,914,14
17,216,646.9003378378378,219.66638513513513,1184,13
17,215,646.3470456245325,182.35003739715782,1337,16
17,211,637.9265442404006,734.6235392320534,1198,33
17,212,642.5267639902677,1235.9701946472019,1644,19
17,210,631.8839190628328,357.7667731629393,939,45
17,209,629.8258928571429,820.6294642857143,1344,47
17,208,631.1685897435898,1068.0326923076923,1560,73
17,207,621.7808219178082,559.3059360730593,1095,77
17,206,619.9285714285714,1104.4565637065637,1036,76
17,205,613.7782258064516,253.89012096774192,992,89
17,213,641.7904085257549,855.202486678508,1126,18
17,222,665.1580928481807,983.176913425345,1594,8
17,225,670.2181818181818,254.23116883116884,1155,3
17,224,664.3367346938776,335.73015873015873,882,5
17,240,726.2782228696285,638.7057538237436,1373,44
17,239,722.8970688479891,846.9713701431493,1467,32
17,204,615.6740370898716,1350.4343794579172,1402,85
17,238,714.1337142857143,182.00114285714287,875,37
17,237,707.9035897435897,1225.076923076923,975,38
17,236,708.784355179704,608.4249471458774,946,36
17,223,665.4616541353383,1350.0541353383458,1330,6
17,235,707.7161500815661,1067.3646003262643,1226,39
17,233,703.5189003436426,698.5491408934707,1455,35
17,231,682.9402823018459,1090.2301845819761,921,22
17,229,683.0924608819346,86.78520625889047,1406,21
17,228,670.7974860335196,56.805865921787706,716,1
17,227,671.4168912848158,439.96316262354,1113,7
17,226,669.8381395348837,711.9116279069767,1075,2
17,234,704.2577132486389,213.40199637023593,1102,41
17,230,682.3925049309664,185.801775147929,1014,23
17,185,565.5380557648832,708.6322532027128,1327,58
17,202,610.4782608695652,381.2136105860113,1058,84
17,180,550.5295748613678,387.6903881700554,1082,63
17,179,550.2301313061506,1085.9557705597788,1447,62
17,178,547.1892067620286,80.43433029908972,1538,65
17,177,545.4311258278145,1025.7529801324504,1510,67
17,176,541.9566613162119,1223.233547351525,1246,66
17,175,529.3708165997323,786.6372155287818,747,381
17,181,550.793165467626,918.5314748201439,1112,61
17,174,534.3584905660377,735.3207547169811,1378,188
17,172,531.1789915966386,115.38739495798319,1190,190
17,171,529.9475683890578,357.67629179331306,1316,93
17,170,525.3761261261261,816.4065315315315,888,333
17,169,525.625563063063,189.34290540540542,1776,313
17,241,736.0862697448359,1359.397326852977,1646,31
17,168,518.0612431444241,485.18098720292505,1094,315
17,173,531.8891867739053,451.39142091152814,1119,258
17,182,551.5715935334873,484.03579676674366,866,389
17,183,560.049352750809,1315.9716828478965,1236,55
17,184,560.4739382239383,568.2789575289576,1036,60
17,201,609.6609145815358,623.0094909404659,1159,92
17,200,607.6678765880217,717.3956442831216,1102,83
17,199,608.9221698113207,217.6926100628931,1272,79
17,198,606.5490506329114,332.371835443038,1264,87
17,197,605.9971346704871,1035.8089780324738,1047,91
17,196,602.3653693407466,1158.5845909451946,1259,71
17,195,598.502024291498,1315.1368421052632,1235,81
17,193,595.6892039258452,970.340239912759,917,49
17,192,590.7836257309941,547.8382066276803,1026,48
17,191,588.396186440678,895.1772598870057,1416,50
17,190,584.3648763853367,1101.7374254049446,1173,51
17,189,578.4922813036021,1347.9888507718697,1166,52
17,188,572.4409282700421,328.7025316455696,948,53
17,187,577.003821656051,767.1777070063695,1570,54
17,186,563.5635707844905,1146.9332732191162,1109,56
17,203,610.7352614015573,1213.4582869855394,899,82
17,242,734.3803169307756,1148.7748123436197,1199,30
17,283,881.5047518479408,1238.5691657866948,947,168
17,244,737.3080459770115,692.4586206896552,870,28
17,302,955.9960696238069,1109.2408759124087,1781,138
17,301,945.2258064516129,710.6464516129032,775,117
17,300,937.3596412556054,1342.5515695067265,1115,101
17,299,940.6887464387464,622.7336182336182,1404,96
17,298,940.4597471723221,1293.3160345974718,1503,97
17,297,934.3891257995735,548.454157782516,938,102
17,303,951.2266380236305,843.4232008592911,931,118
17,296,931.6692139737992,517.5676855895197,916,100
17,294,932.3778268063983,263.82239382239385,1813,103
17,293,921.5425330812855,356.04253308128546,1058,104
17,291,921.6505646173149,107.1831869510665,1594,106
17,290,914.8211764705883,1318.444705882353,850,107
17,289,914.3575920934411,1229.388140161725,1113,108
17,288,905.3800841514726,1345.039270687237,713,110
17,295,929.9453183520599,812.3887640449439,1335,98
17,287,904.5919377652051,569.0876944837341,1414,113
17,304,954.126617375231,83.69870609981515,1082,116
17,306,952.9706703910615,1253.1983240223465,716,137
17,167,518.2720588235294,1290.5283613445379,952,314
17,321,1018.1177570093458,180.1373831775701,1070,120
17,320,1017.8626570915619,484.5951526032316,1114,119
17,318,994.581939799331,999.0785953177258,1196,121
17,317,989.4673979280926,1180.3199268738574,1641,124
17,316,986.7112810707457,72.82504780114722,1046,130
17,305,954.4382151029748,1224.9553775743707,874,136
17,315,983.4767146486029,818.4792548687553,1181,125
17,313,977.2378335949765,228.18524332810048,1274,131
17,312,978.278978388998,172.40406024885397,1527,127
17,311,974.5138408304498,1356.9757785467127,1156,129
17,310,973.8269927536232,916.3994565217391,1104,132
17,309,977.426096372496,34.5592853275582,1847,133
17,308,973.6389093588799,397.43257184966836,1357,134
17,314,976.9446764091858,720.9874739039666,958,126
17,286,900.5675872093024,1269.9716569767443,1376,140
17,285,893.9486956521739,234.8495652173913,1150,114
17,282,882.8677450047574,538.3235014272121,1051,142
17,259,797.3581477139508,995.9003516998828,1706,163
17,257,788.4824242424243,839.8836363636364,825,154
17,256,788.2313937753721,582.2083897158323,739,155
17,255,779.1182033096927,1248.6343577620173,1269,157
17,254,769.0515463917526,703.6757263355202,1067,161
17,253,765.8623962040332,564.9027283511269,843,158
17,260,805.5587044534414,1187.221862348178,1235,147
17,252,763.297176820208,627.9947994056464,1346,159
17,250,764.6628814762242,140.79914833215045,1409,162
17,249,758.30078125,1091.4072265625,1024,94
17,248,757.4855072463768,1123.6262939958592,966,95
17,247,756.7178545187362,828.0066127847172,1361,69
17,246,754.6214528944381,58.53405221339387,1762,25
17,245,744.0466970387243,724.1890660592255,878,27
17,251,764.9783705839942,405.06344628695024,1387,164
17,261,805.7330637007078,334.3215369059656,989,150
17,262,808.8133333333334,625.4837037037037,1350,145
17,264,817.7179487179487,838.9604700854701,936,152
17,281,880.1713255184851,1301.541929666366,1109,175
17,280,872.2694106641721,586.6043030869972,1069,170
17,278,865.4295592048401,297.65168539325845,1157,172
17,277,859.6340640809443,1269.2107925801013,1186,187
17,276,862.4890965732087,336.09657320872276,1605,174
17,275,852.8448060075094,1235.3879849812265,799,177
17,274,853.3846153846154,1324.1578525641025,1248,391
17,272,842.0801652892562,924.0586776859504,1210,180
17,271,836.8414342629482,198.31314741035857,1255,186
17,270,833.2303422756706,714.7113783533765,1081,184
17,269,830.6666666666666,1287.3278327832784,909,166
17,268,827.1521739130435,363.41884057971015,690,146
17,267,828.235116804823,444.8070836473248,1327,176
17,266,830.2881355932203,1127.0740740740741,1593,185
17,265,820.2683486238532,1316.9415137614678,872,165
17,243,738.2198412698413,270.2952380952381,1260,29
17,165,508.4224643755239,1006.2891869237217,1193,317
17,157,489.2700934579439,149.09345794392524,1070,328
17,163,512.9561815336464,551.5925925925926,1917,318
17,59,184.82817109144543,145.83038348082596,1356,197
17,58,186.68581907090464,104.380195599022,1636,198
17,57,182.88608414239482,691.7074433656958,1545,204
17,56,176.60757156048015,600.719298245614,1083,199
17,55,174.49380677126342,775.4137076796036,1211,211
17,54,175.3606442577031,564.1638655462185,1428,203
17,60,186.80721649484536,39.76494845360825,970,195
17,53,171.24975222993064,935.0703666997027,1009,202
17,51,163.69356725146199,427.21754385964914,855,205
17,50,162.5109170305677,857.0152838427948,916,208
17,49,164.64437194127242,1111.5603588907015,1226,207
17,47,159.9860088365243,659.3659793814433,1358,206
17,46,148.25414937759336,826.1348547717843,964,209
17,45,142.3822629969419,778.6192660550458,654,210
17,52,169.29911154985192,1175.5873642645606,1013,201
17,44,146.9315254237288,712.28,1475,285
17,61,189.0982800982801,1239.6076986076987,1221,194
17,63,192.7157829839704,894.5758323057953,1622,192
17,78,218.7331081081081,128.79898648648648,1184,226
17,77,216.32815057283142,58.08756137479542,1222,229
17,76,207.53761061946904,770.7898230088496,452,234
17,75,212.83225806451614,600.4959677419355,1240,230
17,74,207.51243781094527,1170.3955223880596,804,233
17,72,209.62,661.8230769230769,1300,232
17,62,188.31521739130434,446.4594861660079,1012,383
17,71,204.46065057712488,835.2308499475341,953,227
17,68,201.30968218773097,1282.7819660014782,1353,224
17,67,198.46428571428572,800.3919860627178,1148,191
17,66,199.22540666150272,256.47637490317584,1291,200
17,65,192.7714054927302,1201.0888529886915,1238,213
17,64,193.01801242236024,977.2180124223603,1610,193
17,70,203.91206030150755,376.76298157453937,1194,214
17,79,220.0665119876257,727.5251353441608,1293,228
17,43,136.84803921568627,154.57761437908496,1224,237
17,40,134.43886925795053,1286.2233215547703,1415,260
17,21,73.12890995260663,1079.7402843601897,1055,261
17,20,64.86564030790763,868.5906228131561,1429,241
17,19,59.147964250248265,690.3535253227408,1007,248
17,18,58.17325800376648,642.0969868173258,1062,239
17,17,65.95271739130435,1332.183152173913,1840,240
17,16,50.648809523809526,118.58928571428571,1008,245
17,22,92.80939226519337,401.8453038674033,1448,272
17,15,50.44512663085188,389.59478127398313,1303,246
17,13,39.250622406639,896.9402489626556,1205,249
17,12,28.23709167544784,1250.8925184404636,949,252
17,164,506.51653696498056,909.4727626459144,1028,316
17,10,26.868766404199476,860.8136482939633,1143,250
17,9,26.645985401459853,1102.6943430656934,1096,253
17,8,24.397278911564626,1036.261224489796,1470,256
17,14,43.21052631578947,199.3446519524618,1178,259
17,42,135.8276150627615,1361.3297071129707,1195,212
17,23,95.67758186397985,1105.984886649874,1191,281
17,25,98.17353407290015,647.2717908082409,1262,282
17,39,130.55996884735202,439.9579439252336,1284,263
17,38,130.4565527065527,191.73361823361824,1404,264
17,37,123.12727272727273,796.0012121212121,825,266
17,36,125.18170266836087,29.646759847522237,1574,267
17,35,122.14019388516033,921.668903803132,1341,269
17,34,119.3909604519774,670.2847457627119,885,274
17,24,92.53865030674847,583.121472392638,815,279
17,33,120.0200647249191,864.484142394822,1545,270
17,31,109.87628865979381,606.9977090492555,873,283
17,30,114.44339622641509,478.4818577648766,1378,273
17,29,104.07740213523131,952.7419928825623,1124,277
17,28,106.27914303717706,705.1764335223693,1587,278
17,27,102.08904933814681,1141.5030084235862,831,276
17,26,101.39821029082773,145.37061894108874,1341,275
17,32,114.47358665430954,825.9490268767378,1079,271
17,80,216.60994475138122,440.81657458563535,905,225
17,11,23.803385416666668,757.6770833333334,768,254
17,82,224.08905852417303,850.0,393,387
17,142,426.48805460750856,903.0068259385665,879,301
17,141,429.36661341853033,219.56230031948883,1252,300
17,139,427.99189298743414,967.538710985002,2467,302
17,138,418.3336038961039,436.0560064935065,1232,303
17,136,409.34414556962025,1339.4161392405063,1264,305
17,135,401.30721393034827,842.9751243781094,804,332
17,143,429.1729587357331,760.3942054433713,1139,299
17,134,397.6,319.7851851851852,945,342
17,132,393.44757033248084,1234.3231031543053,1173,360
17,131,396.0031017369727,147.70285359801488,1612,358
17,130,388.38418079096044,1128.7749529190207,1062,359
17,129,387.49398395721926,788.4177807486631,1496,362
17,128,382.18220701454237,1291.1505560307955,1169,363
17,126,372.9716520039101,42.91202346041056,1023,368
17,133,398.6185983827493,1182.9946091644206,1484,308
17,125,361.9014251781473,754.5296912114014,842,370
17,144,429.9579918032787,123.0235655737705,976,298
17,146,452.2016194331984,1222.0655870445344,1235,293
17,81,222.61928104575162,407.437091503268,1224,235
17,162,502.5282669138091,1242.60797034291,1079,319
17,160,494.05,176.54583333333332,480,327
17,159,496.5576730190572,704.938816449348,997,322
17,158,498.28659217877095,653.3877094972067,1790,323
17,156,482.2795275590551,56.611811023622046,1270,329
17,145,447.77926657263754,1103.9301833568406,1418,294
17,154,479.2178374112076,752.4427782162588,1267,330
17,152,477.95079185520365,436.6244343891403,1768,320
17,151,467.8313767342583,124.8537886872999,937,309
17,150,469.1214382632293,1187.7896879240163,1474,288
17,149,463.4029275808937,1331.8228043143297,1298,291
17,148,464.5557955363571,188.66450683945286,1389,290
17,147,456.06626506024094,1256.1787148594378,996,292
17,153,478.626618705036,575.3237410071943,1390,310
17,124,361.95210280373834,151.7605140186916,856,365
17,161,501.46331409727946,1314.7526793075021,1213,331
17,122,353.49484536082474,723.4613402061856,1164,377
17,98,278.2041147807255,449.9891716296697,1847,348
17,97,271.7931323283082,89.14405360134003,1194,349
17,96,261.9644351464435,1190.8640167364017,478,352
17,95,266.6364522417154,973.041910331384,1026,351
17,94,263.1204481792717,1229.045751633987,1071,284
17,93,259.874,494.38,1000,353
17,102,291.55080213903744,511.2098930481283,1496,345
17,92,254.11953612845673,241.75735950044603,1121,236
17,90,246.49599507085645,1154.815773259396,1623,218
17,88,235.83290043290043,1296.6372294372295,1155,219
17,87,236.13562753036436,462.4544534412955,988,221
17,85,230.96437880104259,879.7150304083406,1151,223
17,84,234.36443791329904,812.6502571638501,1361,220
17,123,363.49911660777383,232.4143109540636,1132,367
17,91,253.80368828078525,772.0035693039857,1681,216
17,103,289.02846975088966,1047.2669039145908,843,343
17,83,232.65031534688157,1194.7771548703574,1427,222
17,105,294.92271505376345,779.7862903225806,1488,344
17,120,348.9172093023256,74.08093023255815,1075,369
17,118,336.7255892255892,173.08080808080808,594,375
17,117,337.20131421744327,1077.5746714456393,1674,372
17,116,328.70228384991844,1357.0497553017944,1226,374
17,104,291.34441980783447,1191.2121212121212,1353,346
17,115,322.5825358851675,757.6818181818181,836,335
17,119,341.781561461794,202.0423588039867,1204,371
17,114,327.95588235294116,601.7320971867008,1564,355
17,112,326.3215892053973,1286.525487256372,1334,356
17,111,322.40021008403363,401.96533613445376,952,336
17,110,313.15107913669067,913.9376498800959,1251,339
17,109,309.1469098277609,164.77507598784194,987,338
17,107,300.88720538720537,355.23569023569024,1188,340
17,106,297.9761388286334,1016.8308026030369,922,341
17,113,332.2832233741753,120.64985862393968,2122,364
18,209,661.1789473684211,1196.5845614035088,1425,12
18,212,670.474870017331,53.9315424610052,1154,1
18,211,667.276517922458,1349.0512070226773,1367,6
18,210,667.2510385756676,982.1471810089021,1685,8
18,208,658.6418816388467,908.6783004552352,1318,11
18,199,633.0829302004147,819.0138217000691,1447,47
18,205,647.6769880365939,183.06333567909923,1421,16
18,203,644.6859430604982,854.508896797153,1124,18
18,202,644.3491301739652,1234.23875224955,1667,19
18,201,640.7798098024872,733.5523043160205,1367,33
18,200,633.9841605068638,356.7117212249208,947,45
18,198,633.6585059635908,1066.4783427495292,1593,73
18,207,652.6812227074236,148.32860262008734,916,14
18,213,666.6846652267818,333.5097192224622,926,5
18,222,705.4851138353765,212.49649737302977,1142,41
18,215,671.148623853211,710.2761467889908,1090,2
18,231,741.1810850439882,268.19868035190615,1364,29
18,197,622.450623202301,1103.0287631831256,1043,76
18,229,738.1181008902078,1357.8379821958456,1685,31
18,228,728.0242718446602,637.4597780859917,1442,44
18,227,724.7686116700202,845.6351441985245,1491,32
18,226,716.2744186046511,180.89302325581394,860,37
18,214,672.6023588879528,251.30328559393428,1187,3
18,225,710.0649746192894,1222.9035532994924,985,38
18,223,710.0654574132492,1065.9881703470032,1268,39
18,221,705.3434032059187,697.749075215783,1622,35
18,219,684.9664804469273,1089.299441340782,895,22
18,218,684.4534101825168,184.04130643611913,1041,23
18,217,686.35250338295,85.57171853856563,1478,21
18,216,674.3302752293578,438.6305254378649,1199,7
18,224,710.7482376636456,605.9989929506546,993,36
18,230,736.2858293075684,1147.830112721417,1242,30
18,180,590.3273691186216,893.9145129224652,1509,50
18,195,618.3544217687075,1348.282993197279,1470,85
18,163,532.0392857142857,356.86642857142857,1400,93
18,232,739.9035714285715,690.7488095238095,840,28
18,164,533.3398692810457,114.46160130718954,1224,190
18,165,533.7514693534845,449.99580184718724,1191,258
18,166,542.0080375083724,738.0060281312793,1493,188
18,167,544.1057898498927,1221.4496068620442,1399,66
18,168,549.00679431748,78.92835083384806,1619,65
18,169,547.3135979180221,1024.3747560182173,1537,67
18,170,552.9494418910045,1085.2193040052528,1523,62
18,171,552.7416666666667,386.7583333333333,1080,63
18,172,552.9601386481802,917.1611785095321,1154,61
18,173,553.164596273292,482.9585921325052,966,389
18,174,563.0921553693831,1313.7783701447067,1313,55
18,175,562.4431818181819,566.811553030303,1056,60
18,176,565.5659192825112,1145.3094170403588,1115,56
18,177,567.6616487455198,707.4508960573477,1395,58
18,178,574.2387904066736,327.5245046923879,959,53
18,194,612.6656314699793,1211.1511387163562,966,82
18,193,611.854219948849,621.5942028985507,1173,92
18,192,612.288409703504,380.57142857142856,1113,84
18,191,610.0598368087035,715.4660018132366,1103,83
18,190,607.7866786678668,1033.4680468046804,1111,91
18,189,608.4889589905363,331.0205047318612,1268,87
18,196,624.5733672603901,557.3664122137404,1179,77
18,188,607.7984886649874,258.3887489504618,1191,89
18,186,604.5015220700152,1157.2815829528158,1314,71
18,185,600.9703947368421,1313.2713815789473,1216,81
18,184,597.3256743256743,968.8861138861139,1001,49
18,182,593.1265229615746,546.8013120899719,1067,48
18,181,587.6971279373369,1099.9721496953873,1149,51
18,179,580.9656387665199,1346.1788546255507,1135,52
18,233,747.1500559910414,722.3706606942889,893,27
18,271,884.5904850746268,537.0923507462686,1072,142
18,235,758.5351916376306,825.5386759581882,1435,69
18,276,911.06456241033,1346.4218077474893,697,110
18,277,916.9603375527427,1228.0877637130802,1185,108
18,278,917.5436013590034,1318.6557191392978,883,107
18,279,923.852587244284,105.97172081829122,1662,106
18,281,923.721824686941,353.7513416815742,1118,104
18,282,934.1818181818181,262.73211403980633,1859,103
18,283,933.6198952879581,515.9759162303665,955,100
18,284,936.3044871794872,547.715811965812,936,102
18,285,942.6330985915492,621.2239436619718,1420,96
18,286,945.1997578692494,1292.8874092009685,1652,97
18,287,943.5791701947502,1339.7290431837425,1181,101
18,288,946.9272030651341,708.9450830140486,783,117
18,289,952.4719848053181,842.0721747388415,1053,118
18,290,958.0074986609534,1107.6507766470272,1867,138
18,275,907.4033983637507,1269.0981749528005,1589,140
18,291,956.6403269754768,81.86376021798365,1101,116
18,293,954.5342857142857,1252.2914285714285,700,137
18,295,979.4082687338502,33.291472868217056,1935,133
18,296,975.9245551601424,395.5181494661922,1405,134
18,297,975.7762596071733,914.6473099914602,1171,132
18,298,976.5453034081463,1355.5004156275977,1203,129
18,299,980.5628664495114,167.85407166123778,1535,127
18,300,979.5594713656387,226.44126284875185,1362,131
18,301,979.0406582768635,720.0396902226524,1033,126
18,302,984.4465849387041,818.6357267950963,1713,125
18,304,989.6262910798122,72.05352112676056,1065,130
18,305,996.5889520714866,997.8245329000812,1231,121
18,307,1019.6353982300885,483.3407079646018,1130,119
18,308,1019.7088846880907,178.70604914933838,1058,120
18,162,528.3834146341463,813.6409756097561,1025,333
18,292,955.6107382550335,1223.4541387024608,894,136
18,274,906.8052126200274,568.3264746227709,1458,113
18,272,884.4834710743802,1238.5289256198348,968,168
18,270,881.4268398268398,1299.2649350649351,1155,175
18,236,760.4496124031008,1089.5823643410852,1032,94
18,237,760.284735812133,1122.3317025440313,1022,95
18,238,767.1353887399464,139.5040214477212,1492,162
18,239,766.866845998655,403.5400134498991,1487,164
18,240,765.1377744133232,626.7978803936412,1321,159
18,241,767.7027027027027,562.8542890716803,851,158
18,242,772.360435875943,700.883487007544,1193,161
18,243,781.4051282051282,1247.0608058608059,1365,157
18,244,789.8032258064516,842.0430107526881,930,154
18,245,789.9627659574468,580.7619680851063,752,155
18,246,801.3896470588236,996.0004705882353,2125,163
18,248,807.2954898911353,1185.6073094867807,1286,147
18,249,810.625446747677,624.060042887777,1399,145
18,250,808.1048034934498,330.73187772925763,1145,150
18,252,819.6970998925887,837.5918367346939,931,152
18,253,821.6647597254005,1316.5594965675057,874,165
18,254,832.204185520362,1125.8857466063348,1768,185
18,269,873.9421641791045,585.4953358208955,1072,170
18,268,873.4715542521994,822.8697947214076,1705,169
18,267,867.4824636441402,296.3832335329341,1169,172
18,266,864.823895457374,335.15556938394525,1607,174
18,265,856.187274909964,1234.0288115246099,833,177
18,264,859.7749603803486,1267.700475435816,1262,187
18,234,756.8489208633093,57.26452684006641,1807,25
18,262,854.5331858407079,1324.1143067846608,1356,391
18,260,844.5132957292506,922.1861402095085,1241,180
18,259,839.0694333599362,196.47406225059856,1253,186
18,258,832.0451977401129,366.3121468926554,708,146
18,257,834.9248704663213,713.240932642487,1158,184
18,256,832.031612223393,1286.8282402528978,949,166
18,255,830.3659237958303,443.30697340043133,1391,176
18,161,527.5798045602606,187.87676438653637,1842,313
18,127,401.04137931034484,317.38965517241377,870,342
18,159,519.5594795539033,483.8289962825279,1076,315
18,45,150.2496688741722,709.8887417218543,1510,285
18,46,146.1543287327478,777.6148055207026,797,210
18,47,149.44466600199402,825.3419740777667,1003,209
18,49,165.20848056537102,425.8421672555948,849,205
18,50,165.00320512820514,855.758547008547,936,208
18,51,170.98396226415093,1173.754716981132,1060,201
18,52,177.34496124031008,562.9599483204134,1548,203
18,53,173.67056530214424,933.5194931773879,1026,202
18,54,178.9434713375796,775.8972929936306,1256,211
18,55,188.00283446712018,101.92743764172336,1764,198
18,56,186.4917325664989,144.3292595255212,1391,197
18,57,190.86622625928985,1238.1560693641618,1211,194
18,58,188.8409090909091,38.00790513833992,1012,195
18,59,190.1301775147929,445.46252465483235,1014,383
18,44,139.21121351766513,152.6605222734255,1302,237
18,60,195.41310541310543,893.0649572649572,1755,192
18,62,192.82313495389775,1200.2749371332775,1193,213
18,63,201.231807951988,254.3503375843961,1333,200
18,64,191.94354838709677,417.98924731182797,372,384
18,66,206.13322759714512,375.0650277557494,1261,214
18,67,213.35504652827487,660.7995705082319,1397,232
18,68,213.19659442724458,598.6880804953561,1292,230
18,69,208.86130536130537,1168.1829836829836,858,233
18,70,209.03950953678475,771.9373297002725,734,234
18,71,212.6209453197405,831.2687673772011,1079,227
18,72,218.3139984532096,56.777262180974475,1293,229
18,73,220.8428453267163,126.2812241521919,1209,226
18,74,221.91278640059127,724.3126385809313,1353,228
18,75,218.75799573560766,439.31130063965884,938,225
18,76,225.94627105052126,405.78989574979954,1247,235
18,61,195.39388379204894,975.8990825688073,1635,193
18,43,137.60596546310833,1358.9529042386184,1274,212
18,41,135.67389993972273,1284.5310427968657,1659,260
18,40,132.84591679506934,438.7973805855162,1298,263
18,160,520.5498981670061,1289.337067209776,982,314
18,9,25.97742363877822,1035.988047808765,1506,256
18,10,28.58,1100.9226086956521,1150,253
18,11,25.667455621301777,756.6958579881657,845,254
18,13,30.829765545361877,1249.269113149847,981,252
18,14,41.918244406196216,895.8795180722891,1162,249
18,15,45.31120331950208,197.76763485477179,1205,259
18,16,52.77234530175706,387.5935828877005,1309,246
18,17,52.92969472710453,116.23311748381128,1081,245
18,18,68.05640484976279,1330.273589878756,1897,240
18,19,60.11786038077969,640.0897552130554,1103,239
18,20,62.05028462998102,687.4060721062618,1054,248
18,21,66.81392235609103,867.2101740294511,1494,241
18,22,75.33571428571429,1078.0151785714286,1120,261
18,23,94.90819672131147,400.26426229508195,1525,272
18,24,94.2867215041128,581.882491186839,851,279
18,25,98.73492063492064,1105.3444444444444,1260,281
18,39,132.89433701657458,190.84599447513813,1448,264
18,38,127.42647956070775,27.736424649176328,1639,267
18,37,124.1567489114659,920.6698113207547,1378,269
18,36,121.85130434782609,788.3808695652174,1150,266
18,35,122.70171673819742,668.3669527896996,932,274
18,34,121.74712643678161,862.8397190293742,1566,270
18,77,234.3941215764863,1193.4021376085504,1497,222
18,33,115.26451612903226,824.0405529953917,1085,271
18,31,116.41626794258373,476.7088174982912,1463,273
18,30,105.8478066248881,951.620411817368,1117,277
18,29,103.73745624270711,1140.3605600933488,857,276
18,28,108.61008902077151,704.1121661721069,1685,278
18,27,103.14275466284074,142.76901004304162,1394,275
18,26,100.39890282131661,646.2210031347962,1276,282
18,32,111.97254004576659,604.8661327231122,874,283
18,78,228.74519230769232,849.1346153846154,416,387
18,12,28.23469387755102,859.2219387755102,1176,250
18,81,238.16015625,461.974609375,1024,221
18,124,400.5223880597015,1181.2973134328358,1675,308
18,125,395.6242774566474,1232.767960363336,1211,360
18,126,398.8118753674309,146.6819517930629,1701,358
18,128,403.9203233256351,841.4064665127021,866,332
18,129,411.31302361005334,1337.840822543793,1313,305
18,131,419.2385861561119,434.65095729013257,1358,303
18,132,429.94768764215314,966.3472327520849,2638,302
18,134,431.4306625577812,218.36055469953774,1298,300
18,135,431.61089187056035,758.4948697711129,1267,299
18,136,428.9628378378378,899.4594594594595,888,301
18,137,432.48988285410013,121.99148029818956,939,298
18,138,449.94533333333334,1102.3486666666668,1500,294
18,139,453.90300230946883,1221.1886066204772,1299,293
18,140,458.32329317269074,1255.9889558232933,996,292
18,123,390.820419325433,1127.1449407474931,1097,359
18,141,465.69120961682944,1330.3726521412473,1331,291
18,143,471.5490837696335,1186.1531413612565,1528,288
18,144,467.38957055214723,130.94478527607362,978,309
18,145,480.7240168539326,574.1306179775281,1424,310
18,146,481.14029850746266,751.0231343283582,1340,330
18,148,484.5231235784685,55.30401819560273,1319,329
18,149,490.3707317073171,147.80780487804878,1025,328
18,150,500.5653746770026,652.3100775193799,1935,323
18,151,499.12696941612603,703.1482854494902,1079,322
18,152,502.55803228285936,1314.0830130668717,1301,331
18,153,496.66896551724136,173.87586206896552,435,327
18,155,515.2328225407811,549.9189322787938,2023,318
18,156,510.4766881028939,1004.7797427652733,1244,317
18,157,509.3176691729323,907.6860902255639,1064,316
18,79,233.7292576419214,879.4296943231441,1145,223
18,142,466.78881118881117,187.26433566433568,1430,290
18,122,390.8115117014548,788.2776723592663,1581,362
18,154,504.7279090113736,1240.9160104986877,1143,319
18,119,374.9053140096618,41.44734299516908,1035,368
18,121,384.4578723404255,1289.067234042553,1175,363
18,85,253.34550195567144,244.3761408083442,1534,236
18,86,253.9511059371362,772.454016298021,1718,216
18,88,265.1120293847567,1229.4022038567493,1089,284
18,89,268.84578997161776,970.678334910123,1057,351
18,90,270.43723313407344,1067.8155422715627,1171,397
18,91,264.229674796748,1188.6341463414635,492,352
18,92,273.95645288994456,88.04908946951703,1263,349
18,93,281.1144927536232,447.0671497584541,2070,348
18,96,293.7615894039735,1189.9676232523914,1359,346
18,97,295.5496997998666,775.8032021347565,1499,344
18,99,303.8568075117371,353.0657276995305,1278,340
18,100,300.52277432712214,1014.6997929606625,966,341
18,102,310.4994994994995,163.92692692692694,999,338
18,103,315.57571099154495,912.2013835511145,1301,339
18,87,263.72406340057637,494.4963976945245,1388,353
18,105,324.28880157170926,399.6237721021611,1018,336
18,118,362.87861915367483,756.2694877505568,898,370
18,104,334.1115107913669,118.55170863309353,2224,364
18,117,365.7536860364267,231.9002601908066,1153,367
18,116,363.7951167728238,148.74628450106158,942,365
18,115,355.58240819812124,723.6720751494449,1171,377
18,113,353.167701863354,72.86424134871339,1127,369
18,84,249.70622454915647,1152.47876672484,1719,218
18,111,339.06125,172.2625,800,375
18,110,335.95441595441594,237.8019943019943,702,390
18,112,344.46314102564105,202.84935897435898,1248,371
18,109,331.04163265306124,1355.484081632653,1225,374
18,107,325.5127919911012,756.1179087875418,899,335
18,106,328.0418222554145,1285.0888722927557,1339,356
18,108,331.94708358388453,598.9374624173181,1663,355
19,202,672.8121158911325,439.9078138718174,1139,7
19,201,671.4228130360206,252.28816466552317,1166,3
19,200,665.0362637362638,334.9989010989011,910,5
19,199,668.0274888558693,56.70876671619614,1346,1
19,197,665.6049689440994,982.516149068323,1610,8
19,196,661.3887043189369,1196.6186046511627,1505,12
19,195,657.1857142857143,909.6563909774436,1330,11
19,193,651.6341719077568,149.24737945492663,954,14
19,191,646.5889830508474,183.8997175141243,1416,16
19,189,642.8464317976513,854.6413730803974,1107,18
19,188,643.2516398330351,1234.9051878354203,1677,19
19,198,665.8297734627831,1350.6977346278318,1545,6
19,203,673.4357638888889,710.5112847222222,1152,2
19,206,690.1754385964912,87.08771929824562,1539,21
19,205,683.6314067611778,1090.4623773173391,917,22
19,208,702.7186411149826,215.0034843205575,1148,41
19,209,700.6993197278912,1114.6775510204081,735,40
19,210,704.5619195046439,694.0634674922601,1292,35
19,212,708.5789980732177,1224.8073217726396,1038,38
19,213,709.7617554858934,608.2215256008359,957,36
19,214,715.2161862527716,183.609756097561,902,37
19,215,723.4887525562373,846.1152010906612,1467,32
19,216,727.0072463768116,639.0992753623188,1380,44
19,187,639.5659488559892,736.2220726783311,1486,33
19,217,736.8112874779541,1358.7013521457966,1701,31
19,218,734.864,1148.4304,1250,30
19,219,740.385736196319,270.45552147239266,1304,29
19,204,683.1763005780347,184.59248554913296,1038,23
19,211,708.7125984251968,1067.2669291338582,1270,39
19,170,594.3359762140733,970.3201189296333,1009,49
19,185,632.7893114080165,357.3453237410072,973,45
19,155,543.013058419244,1222.3725085910653,1455,66
19,156,547.6996268656717,79.64800995024876,1608,65
19,220,737.8582677165355,692.1057367829021,889,28
19,157,545.8760884125921,1025.0515740120563,1493,67
19,158,551.498687664042,1085.7198162729658,1524,62
19,159,551.2262234533703,387.4995383194829,1083,63
19,160,551.6397896581946,917.920245398773,1141,61
19,161,552.9586681974741,483.3226176808266,871,389
19,162,560.7925813777441,1314.6260408781227,1321,55
19,163,560.7786259541984,567.2528625954199,1048,60
19,164,566.210172026926,708.8975317875842,1337,58
19,165,564.4177777777778,1146.439111111111,1125,56
19,166,572.8151609553479,328.4257528556594,963,53
19,167,580.0883333333334,1347.0733333333333,1200,52
19,168,588.9605710401088,894.6900067980965,1471,50
19,169,586.9716430358632,1100.209341117598,1199,51
19,172,599.8060046189377,1313.9545804464974,1299,81
19,173,603.1697247706422,1158.4113149847094,1308,71
19,174,605.2902638762512,1034.4558689717926,1099,91
19,175,604.8820058997051,261.3559488692232,1017,89
19,176,607.1244057052298,331.93423137876385,1262,87
19,177,610.3555941023417,381.62792714657417,1153,84
19,178,608.7508802816901,716.1285211267606,1136,83
19,179,610.6295336787565,622.4257340241796,1158,92
19,180,611.029598308668,1212.6701902748414,946,82
19,181,617.8401888064734,1350.0849629130141,1483,85
19,182,622.1871794871795,556.6931623931624,1170,77
19,183,622.3786869647954,1104.2150333016175,1051,76
19,184,631.9026548672566,1067.0689001264222,1582,73
19,186,632.0041254125413,820.3531353135313,1212,47
19,221,743.8670454545454,723.7420454545454,880,27
19,257,883.4605504587156,538.088990825688,1090,142
19,223,756.7111111111111,825.1430555555555,1440,69
19,262,910.9193989071039,1347.113387978142,732,110
19,263,916.9498355263158,1229.1504934210527,1216,108
19,264,916.940594059406,1318.9251925192518,909,107
19,265,922.2928483353884,107.02281134401973,1622,106
19,267,922.4422535211268,355.50328638497655,1065,104
19,268,932.8247252747253,264.33516483516485,1820,103
19,269,932.4841437632135,517.3562367864694,946,100
19,270,934.8485804416404,548.5509989484752,951,102
19,271,940.7640769779044,622.9116179615111,1403,96
19,272,944.6448087431694,1293.4511232544019,1647,97
19,273,943.4648469809761,1340.6426799007445,1209,101
19,274,945.6496259351621,710.3216957605985,802,117
19,275,951.2795608108108,843.2677364864865,1184,118
19,276,956.6154678204434,1108.5824770146025,1849,138
19,277,955.5035778175313,82.9293381037567,1118,116
19,278,954.0803474484256,1224.2909880564603,921,136
19,279,953.2055702917772,1253.395225464191,754,137
19,281,977.6975982532751,34.1217248908297,1832,133
19,282,974.3350824587707,396.24662668665667,1334,134
19,283,977.2233009708738,162.61100323624595,1545,127
19,284,974.5112714156899,915.9044183949504,1109,132
19,285,975.8531353135313,1356.2970297029703,1212,129
19,286,977.7872012336161,227.5543562066307,1297,131
19,287,977.8247903075489,722.0018639328985,1073,126
19,288,988.2039024390244,71.75414634146341,1025,130
19,289,995.3887070376433,998.6153846153846,1222,121
19,291,1018.340160284951,483.9127337488869,1123,119
19,154,541.7184466019418,739.9361997226075,1442,188
19,292,1018.3996212121212,179.35795454545453,1056,120
19,261,905.3171942892614,1271.7243947858474,1611,140
19,222,755.2974971558589,57.81854379977247,1758,25
19,260,905.3927576601671,569.5564066852368,1436,113
19,256,875.5095715587967,1299.1978122151322,1097,175
19,224,759.1541463414634,1090.6146341463414,1025,94
19,225,759.6875,1123.5473484848485,1056,95
19,226,765.1997273346966,140.21881390593046,1467,162
19,227,764.8967653131452,405.0275292498279,1453,164
19,228,763.8211624441133,627.4284649776453,1342,159
19,229,770.6697171381031,703.4168053244592,1202,161
19,230,767.014598540146,564.8418491484185,822,158
19,231,780.0927390366643,1248.1193386053199,1391,157
19,232,788.9748803827752,582.7643540669857,836,155
19,233,787.5857142857143,842.8659340659341,910,154
19,234,798.8661660777385,996.2990282685512,2264,163
19,235,805.6181678214011,1186.3941493456505,1299,147
19,236,806.5631067961165,333.8098705501618,1236,150
19,237,809.3552631578947,625.0540935672515,1368,145
19,239,818.3701431492842,838.7157464212679,978,152
19,240,831.1217342968316,1126.6592551417455,1799,185
19,241,822.91,1316.7177777777779,900,165
19,242,829.4039780521261,443.8573388203018,1458,176
19,243,829.6035751840168,1285.9022082018928,951,166
19,244,833.3559898045879,714.2124044180119,1177,184
19,245,830.7156593406594,368.9120879120879,728,146
19,246,836.7253803042433,197.57886309047237,1249,186
19,247,843.1683333333333,923.1941666666667,1200,180
19,248,847.5845272206303,1326.4909264565424,1047,391
19,250,863.0616352201258,336.2364779874214,1590,174
19,251,855.0097323600974,1236.8102189781023,822,177
19,252,859.8052325581396,1268.874031007752,1032,187
19,253,866.0682011935208,297.47314578005114,1173,172
19,255,873.1724452554745,587.4936131386861,1096,170
19,258,883.7045235803657,1239.167468719923,1039,168
19,153,531.9440677966102,451.11186440677966,1180,258
19,143,514.2728210417741,550.7462609592574,1939,318
19,151,530.6116504854369,357.486930545183,1339,93
19,43,161.1374501992032,664.6364541832669,1004,206
19,44,161.8323959505062,426.8346456692913,889,205
19,45,163.4312026002167,856.3456121343445,923,208
19,46,169.35499515033948,1175.4694471387004,1031,201
19,47,176.06859660163624,563.8212712397734,1589,203
19,48,172.20950533462658,934.7710960232783,1031,202
19,49,179.65314685314686,777.8524475524475,1430,211
19,50,186.1654970760234,101.69766081871344,1710,198
19,51,185.43044077134985,144.54820936639118,1452,197
19,52,187.7673076923077,445.4423076923077,1040,383
19,53,189.58612040133778,1238.9339464882944,1196,194
19,54,187.56180904522614,38.81608040201005,995,195
19,55,193.7417486971627,893.8239722061378,1727,192
19,41,147.5701754385965,826.4298245614035,912,209
19,56,194.20566502463055,976.7099753694581,1624,193
19,58,199.4225972120323,254.33675715333823,1363,200
19,60,204.2319182389937,375.46462264150944,1272,214
19,61,211.70402298850576,662.1602011494252,1392,232
19,62,212.1661316211878,599.6685393258427,1246,230
19,63,211.6728624535316,833.4423791821562,1076,227
19,64,207.96486825595986,1170.3500627352573,797,233
19,65,217.29283489096574,57.59735202492212,1284,229
19,66,209.22633744855966,769.7448559670781,486,234
19,67,219.2170352170352,126.03931203931204,1221,226
19,68,220.3676360924683,724.5973154362416,1341,228
19,69,216.32349726775956,441.0,915,225
19,70,224.56160241874528,406.6379440665155,1323,235
19,71,233.4744827586207,1193.844827586207,1450,222
19,57,192.12047177759055,1202.5332771693345,1187,213
19,40,145.74391988555078,779.0886981402003,699,210
19,39,149.35989549314175,710.3912475506205,1531,285
19,38,137.7326203208556,153.44232238349886,1309,237
19,8,25.358158429248476,1035.7048070413,1477,256
19,9,24.75935162094763,756.6284289276808,802,254
19,10,28.978636826042727,1250.3906408952187,983,252
19,152,531.6310204081633,115.17142857142858,1225,190
19,12,43.91120331950207,198.7253112033195,1205,259
19,13,50.65285379202502,389.15715402658327,1279,246
19,14,51.34852801519468,118.11680911680912,1053,245
19,15,66.6085626911315,1331.2492354740061,1962,240
19,16,58.67204301075269,641.2670250896057,1116,239
19,17,63.94983498349835,865.6712871287128,1515,241
19,18,59.80298786181139,689.7619047619048,1071,248
19,19,91.78306188925082,400.0228013029316,1535,272
19,20,98.86828160484481,646.8448145344436,1321,282
19,21,99.65414110429448,1106.0383435582821,1304,281
19,22,100.8391994478951,143.1311249137336,1449,275
19,23,107.47274881516587,704.2778436018957,1688,278
19,24,103.27857142857142,1141.9857142857143,840,276
19,25,104.78494623655914,951.9417562724014,1116,277
19,26,109.53553038105046,605.5447991761071,971,283
19,27,113.25724319578578,825.307287093942,1139,271
19,28,120.727969348659,864.1941251596425,1566,270
19,29,122.6130007558579,921.4383975812548,1323,269
19,30,122.24358974358974,668.8162393162393,936,274
19,31,125.9557801642451,28.791535060012635,1583,267
19,32,124.53575757575757,795.8278787878788,825,266
19,33,131.7809065934066,192.07005494505495,1456,264
19,34,130.07131280388978,439.6304700162075,1234,263
19,35,134.90136830102622,1286.2594070695552,1754,260
19,37,136.27760497667185,1359.4751166407466,1286,212
19,72,232.26791044776118,878.6216417910448,1340,223
19,74,237.1260199456029,462.766092475068,1103,221
19,11,41.12874908558888,896.7951719092904,1367,249
19,77,252.19657072872016,773.3147581139008,1633,216
19,117,402.6532544378698,842.4260355029586,845,332
19,118,409.92201834862385,1338.4824159021407,1308,305
19,119,417.47873900293257,435.508064516129,1364,303
19,123,429.97110266159694,219.47604562737644,1315,300
19,124,429.8880952380952,759.8809523809524,1260,299
19,125,428.22474460839953,900.0942111237231,881,301
19,126,430.85902636916836,122.58823529411765,986,298
19,127,448.56613756613757,1103.017857142857,1512,294
19,128,452.789860997547,1221.3957481602617,1223,293
19,129,456.57115384615383,1255.8240384615385,1040,292
19,130,464.1483679525223,1331.307121661721,1348,291
19,131,465.4622030237581,187.9352051835853,1389,290
19,132,469.6953642384106,1187.5291390728478,1510,288
19,116,398.7438271604938,319.0884773662551,972,342
19,133,467.8256227758007,127.99644128113879,843,309
19,135,479.34098101265823,752.3844936708861,1264,330
19,137,483.0748299319728,55.98412698412698,1323,329
19,138,489.0123222748815,148.62369668246444,1055,328
19,139,498.8802779262426,652.6595403527525,1871,323
19,140,500.31445603576753,1315.4538002980626,1342,331
19,141,494.6637744034707,175.40347071583514,461,327
19,142,503.39095315024235,1242.0702746365105,1238,319
19,144,508.85970636215336,1005.6443719412724,1226,317
19,145,508.1458333333333,908.8986742424242,1056,316
19,146,519.5274302213667,1290.1231953801732,1039,314
19,148,518.6990825688073,484.6091743119266,1090,315
19,150,526.055900621118,815.2732919254659,966,333
19,76,248.95,1152.6389534883722,1720,218
19,134,479.49153737658673,574.7016925246827,1418,310
19,115,400.0580304806565,1182.0797186400937,1706,308
19,149,526.5586502410284,188.49812533476165,1867,313
19,113,396.9008746355685,146.77201166180757,1715,358
19,114,394.11157368859284,1233.8784346378018,1201,360
19,80,265.96534653465346,1068.7524752475247,1010,397
19,81,267.20551855375834,972.2140818268316,1051,351
19,82,272.4905808477237,88.71036106750392,1274,349
19,83,263.7340425531915,1191.540425531915,470,352
19,87,294.03911342894395,776.4726205997392,1534,344
19,88,292.4700222057735,1191.2509252405625,1351,346
19,89,300.9992181391712,354.04378420641126,1279,340
19,90,298.9469854469854,1014.8149688149688,962,341
19,92,309.1946847960445,166.4258343634116,1618,338
19,93,314.26619273301736,913.5102685624013,1266,339
19,94,318.4326765188834,399.5008210180624,1218,336
19,95,326.7545922116091,1286.314474650992,1361,356
19,96,332.61225444340505,119.42188961646399,2138,364
19,79,262.1697247706422,1230.2412844036696,1090,284
19,98,324.625,758.5507075471698,848,335
19,112,388.99817518248176,1128.1642335766423,1096,359
19,97,330.71506024096385,599.2903614457831,1660,355
19,111,389.2373438527285,789.267587113741,1521,362
19,110,383.1065436241611,1289.8775167785234,1192,363
19,108,374.18946395563773,41.59242144177449,1082,368
19,107,361.5523590333717,757.6432681242808,869,370
19,78,253.95278969957081,243.52667075413856,1631,236
19,105,360.8616684266103,151.40021119324183,947,365
19,100,342.2822966507177,204.07575757575756,1254,371
19,106,364.82118055555554,231.83940972222223,1152,367
19,99,329.6004882017901,1356.4092758340114,1229,374
19,102,353.02892199824714,73.32515337423312,1141,369
19,104,354.11985688729874,725.5259391771019,1118,377
19,101,344.0988372093023,173.63372093023256,688,375
20,177,645.700825309491,184.20839064649243,1454,16
20,178,643.3977072310406,855.3606701940035,1134,18
20,181,651.073482428115,149.2577209797657,939,14
20,182,655.7224251278305,909.6362308254201,1369,11
20,183,661.2560596643879,1196.1870727159726,1609,12
20,185,664.9784349969193,982.3598274799754,1623,8
20,187,664.7724867724868,334.5820105820106,945,5
20,188,672.2290076335878,439.59117896522474,1179,7
20,189,671.7457627118644,710.8008474576271,1180,2
20,190,670.9355716878403,250.60980036297642,1102,3
20,191,685.8493064312736,87.62105926860025,1586,21
20,184,665.5742358078603,1351.5649563318777,1832,6
20,195,702.9940978077572,214.15008431703205,1186,41
20,193,682.517571884984,1091.275825346113,939,22
20,196,703.7104722792608,693.9062286105408,1461,35
20,197,707.612846199175,1064.6623453152622,1697,39
20,198,702.310038119441,1113.6658195679797,787,40
20,200,709.4088176352706,607.6352705410821,998,36
20,201,714.88,181.98111111111112,900,37
20,202,723.3275284661755,846.2960482250502,1493,32
20,203,726.435119887165,639.2672778561354,1418,44
20,276,1018.067298578199,179.31469194312797,1055,120
20,204,736.3286794648051,1358.7335660267597,1719,31
20,205,734.3566978193146,1148.8878504672898,1284,30
20,175,642.6529516994633,1234.7877161598092,1677,19
20,206,740.3117647058823,270.51029411764705,1360,29
20,192,682.7973102785783,184.07300672430355,1041,23
20,199,708.4228723404256,1224.9521276595744,1128,38
20,160,599.1403249630724,1313.4918759231905,1354,81
20,173,632.0915163660654,819.6599866399465,1497,47
20,207,737.4067796610169,691.4949152542373,885,28
20,146,545.2011952191235,1024.8061088977424,1506,67
20,147,550.1674816625917,1085.6729828850855,1636,62
20,148,550.7987421383648,387.35040431266845,1113,63
20,149,551.0052956751986,917.8093556928509,1133,61
20,150,553.9101964452759,481.8587464920486,1069,389
20,151,559.0823192555476,1315.3951324266284,1397,55
20,152,560.5495750708216,567.3805476864967,1059,60
20,153,566.0539752005835,708.3851203501094,1371,58
20,154,563.8159070598749,1146.248436103664,1119,56
20,155,572.0557244174265,328.21985815602835,987,53
20,156,579.7522708505368,1347.3245251857968,1211,52
20,157,588.4190093708166,894.7436412315931,1494,50
20,158,586.0698065601346,1100.0698065601346,1189,51
20,159,591.7530981887512,970.5948522402288,1049,49
20,161,602.5154019534185,1158.4703230653645,1331,71
20,162,603.1972290138549,260.2444987775061,1227,89
20,163,604.4698689956332,1034.0751091703057,1145,91
20,164,606.5998445998446,331.7855477855478,1287,87
20,165,608.5463847203274,381.2319236016371,1466,84
20,166,610.1690739167375,622.2922684791844,1177,92
20,167,609.5303776683087,717.0098522167488,1218,83
20,168,610.4433094994893,1212.394279877426,979,82
20,169,617.7907732293697,1350.1234567901236,1539,85
20,170,621.4987912973409,556.2393231265108,1241,77
20,171,620.952335557674,1104.395614871306,1049,76
20,172,631.4801466096518,1067.187538179597,1637,73
20,174,634.9056785370549,356.77285851780556,1039,45
20,208,740.7366628830874,723.8547105561862,881,27
20,243,882.9397129186602,1238.9244019138755,1045,168
20,210,757.9028995279838,826.3816587997303,1483,69
20,248,916.3253536452665,1319.963003264418,919,107
20,249,921.8064713064713,106.35164835164835,1638,106
20,250,914.2936170212766,1348.7560283687944,705,110
20,252,921.8525046382189,355.14749536178107,1078,104
20,253,932.1633771929825,263.6156798245614,1824,103
20,254,931.8935516888434,517.1944728761515,977,100
20,255,934.806925498426,549.1552990556138,953,102
20,256,940.3051209103841,622.7603129445234,1406,96
20,257,943.8604513064133,1291.3836104513064,1684,97
20,258,945.7906050955414,1338.4968152866243,1256,101
20,259,945.1038318912238,709.9357231149568,809,117
20,260,950.6231075697211,843.4422310756972,1255,118
20,247,916.6040848389631,1228.739984289081,1273,108
20,261,956.0779958677685,1108.6244834710744,1936,138
20,263,954.4847848898216,1223.3620146904511,953,136
20,264,952.8044914134742,1252.6948480845442,757,137
20,266,976.3601778656126,33.99258893280632,2024,133
20,267,973.8097378277154,395.67790262172286,1335,134
20,268,975.5362134688692,160.73189326556545,1574,127
20,269,974.0996503496503,915.5585664335664,1144,132
20,270,977.2051851851852,227.65925925925927,1350,131
20,271,977.0934256055364,721.826124567474,1156,126
20,272,988.357281553398,72.47184466019418,1030,130
20,273,994.7442778216259,998.7411207576954,1267,121
20,275,1018.0350569675724,483.92375109553024,1141,119
20,145,547.4220349187236,80.04334738109573,1661,65
20,262,955.2474977252048,82.25204731574158,1099,116
20,246,905.1482381530984,1271.0443499392466,1646,140
20,245,905.0636425186188,569.8266756939743,1477,113
20,242,882.7119856887299,538.0116279069767,1118,142
20,211,758.6341929321871,1090.4422158548234,1047,94
20,212,759.841095890411,1123.8392694063928,1095,95
20,213,765.5161917098445,140.04598445595855,1544,162
20,214,763.362426035503,627.6457100591716,1352,159
20,215,769.5823483057526,705.3593380614657,1269,161
20,216,765.9024096385542,563.7939759036144,830,158
20,217,780.2984542211652,1248.4643281807373,1682,157
20,218,789.1897810218978,583.0010427528675,959,155
20,219,787.8413719185423,847.4062165058949,933,154
20,220,805.1967445152159,1186.5944798301487,1413,147
20,221,808.7829848594088,624.689978370584,1387,145
20,223,817.9878787878788,838.4060606060606,990,152
20,224,830.1181304571135,1126.3990755007703,1947,185
20,225,821.1700913242009,1317.1027397260275,876,165
20,226,828.8653976886471,443.91638341264445,1471,176
20,227,825.7554179566564,1285.5985552115583,969,166
20,228,832.8922829581993,714.3922829581993,1244,184
20,229,835.8220611916264,196.90660225442835,1242,186
20,230,831.4934725848564,371.5613577023499,766,146
20,233,850.7119301648885,1320.3520853540251,1031,391
20,234,858.0395480225989,1270.8264729620662,1239,187
20,235,862.6390977443609,336.6033834586466,1596,174
20,236,855.0472049689441,1236.6347826086956,805,177
20,237,865.5786008230452,297.53991769547326,1215,172
20,240,872.6560218978102,587.5866788321168,1096,170
20,241,879.2544802867384,1300.394265232975,1116,175
20,209,754.9430985915493,57.943098591549294,1775,25
20,144,542.4734774066798,1222.2992796332678,1527,66
20,79,289.115438108484,1192.309457579972,1438,346
20,142,532.8587962962963,449.5740740740741,1296,258
20,41,161.6572077185017,426.82860385925085,881,205
20,42,169.89941972920695,1175.1315280464216,1034,201
20,43,175.63923267326732,563.6373762376238,1616,203
20,44,185.53543743078626,101.38316722037652,1806,198
20,45,184.67543859649123,145.03171390013495,1482,197
20,46,188.911257189811,1238.6376335250616,1217,194
20,47,186.93313667649952,38.70993117010816,1017,195
20,48,188.05248359887534,445.5370196813496,1067,383
20,49,194.36755871108684,893.7438558164937,1831,192
20,50,193.65326934613077,976.9424115176964,1667,193
20,52,198.9862518089725,253.29956584659914,1382,200
20,53,191.44862155388472,417.2581453634085,399,384
20,40,163.02673350041772,858.4912280701755,1197,208
20,54,204.09323703217333,1283.7747866053842,1523,224
20,56,210.09122322045613,661.9267449896337,1447,232
20,57,211.86709367493995,599.5572457966373,1249,230
20,58,207.03990326481258,1169.6324062877873,827,233
20,59,217.0053516819572,57.33256880733945,1308,229
20,60,215.0439856373429,833.4174147217235,1114,227
20,61,218.93532740501212,125.85125303152789,1237,226
20,62,218.94506310319227,726.4840386043059,1347,228
20,63,217.7335390946502,437.28909465020575,972,225
20,64,222.73116089613035,404.73014256619143,982,235
20,67,237.42966751918158,462.3478260869565,1173,221
20,68,244.5901098901099,1156.8796703296703,1820,218
20,55,204.1403100775194,374.368992248062,1290,214
20,70,250.26293103448276,772.9088669950739,1624,216
20,37,146.55228758169935,826.4575163398692,918,209
20,35,137.3582089552239,153.27985074626866,1340,237
20,143,539.4537760416666,738.7252604166666,1536,188
20,8,24.333333333333332,757.1940639269407,876,254
20,9,28.52970795568983,1250.3001007049345,993,252
20,10,40.41188251001335,896.9953271028037,1498,249
20,11,43.42633744855967,198.65020576131687,1215,259
20,13,66.70988900100909,1330.9117053481332,1982,240
20,14,58.28167808219178,640.880993150685,1168,239
20,15,63.484244372990354,864.783922829582,1555,241
20,16,59.54895104895105,688.8461538461538,1144,248
20,17,91.67984934086628,399.8549905838041,1593,272
20,18,98.09556057185854,646.6358164033107,1329,282
20,19,99.98800799467023,142.58760826115923,1501,275
20,36,150.2653316645807,708.5500625782228,1598,285
20,20,99.33686601059803,1105.5177895533686,1321,281
20,22,104.28991971454059,952.0847457627119,1121,277
20,23,103.76595744680851,1141.5744680851064,846,276
20,24,109.34709931170109,604.7463126843658,1017,283
20,25,112.82518641259321,822.4565037282518,1207,271
20,26,119.97277227722772,862.7512376237623,1616,270
20,27,122.14568081991216,921.4399707174231,1366,269
20,28,121.84281282316442,668.4095139607032,967,274
20,29,125.42980828695114,28.564625850340136,1617,267
20,30,128.8850909090909,438.9352727272727,1375,263
20,31,131.36675639300134,192.2200538358008,1486,264
20,32,134.58861439312568,1286.6917293233082,1862,260
20,34,135.72672672672672,1358.7034534534534,1332,212
20,21,107.51410835214448,705.4142212189616,1772,278
20,71,253.3479031305375,243.055522740697,1693,236
20,12,50.085496183206104,388.7045801526718,1310,246
20,73,265.0406121247793,1230.4367274867568,1699,284
20,113,429.63502575423104,218.65194996320824,1359,300
20,114,429.37265214124716,759.755071374906,1331,299
20,115,425.7867247007617,902.474428726877,919,301
20,116,430.20406189555126,122.84429400386847,1034,298
20,117,448.2043984476067,1102.9075032341527,1546,294
20,118,451.46550416982564,1221.4003032600456,1319,293
20,119,456.3772511848341,1256.7592417061612,1055,292
20,120,463.6827485380117,1331.296783625731,1368,291
20,121,464.59914712153517,188.21677327647478,1407,290
20,122,469.6709183673469,1187.4119897959183,1568,288
20,123,467.5538793103448,127.73060344827586,928,309
20,124,479.15293296089385,574.6662011173185,1432,310
20,111,427.96149447197865,966.9062142584827,2623,302
20,126,478.701976284585,752.4189723320158,1265,330
20,128,488.9753086419753,148.61443494776827,1053,328
20,130,499.04908835904627,1314.787517531557,1426,331
20,131,493.3392461197339,175.19955654101994,451,327
20,132,503.3228285933897,1242.0891621829362,1301,319
20,133,513.8070351758794,550.3824120603015,1990,318
20,134,508.44212218649517,1005.6117363344051,1244,317
20,135,507.62016965127236,908.5918944392083,1061,316
20,136,519.6726246472248,1289.334901222954,1063,314
20,139,525.3386454183267,814.8764940239043,1004,333
20,140,529.8485915492957,356.993661971831,1420,93
20,141,531.3509615384615,115.8573717948718,1248,190
20,72,258.6031128404669,1035.9367704280155,1028,395
20,127,482.6237918215613,55.98736059479554,1345,329
20,109,417.1517792302106,435.3921568627451,1377,303
20,137,526.0145303580696,188.3933575505968,1927,313
20,107,402.13318025258326,841.9827784156142,871,332
20,108,409.93470286133527,1339.0660308143802,1363,305
20,75,258.55970149253733,1195.407960199005,402,352
20,76,266.7891344383057,971.7762430939226,1086,351
20,80,292.625,776.4384146341464,1640,344
20,82,298.3409316154609,1014.8830525272547,1009,341
20,83,301.01161890007745,353.277304415182,1291,340
20,85,313.3705426356589,912.9914728682171,1290,339
20,86,318.6072485207101,399.2832840236686,1352,336
20,87,326.2462311557789,1286.1608040201006,1393,356
20,88,332.88321167883214,118.09717153284672,2192,364
20,89,325.59478672985784,761.7582938388625,844,335
20,90,328.9495192307692,1356.2179487179487,1248,374
20,91,331.7426408746846,170.94112699747686,1189,375
20,77,272.1358208955224,88.96641791044776,1340,349
20,94,353.74872231686544,73.8747870528109,1174,369
20,106,397.48985239852396,319.5765682656827,1084,342
20,92,343.42723004694835,204.96087636932708,1278,371
20,105,399.1837183718372,1181.7865786578657,1818,308
20,104,397.4625550660793,147.16409691629957,1816,358
20,103,388.6417112299465,1127.9180035650625,1122,359
20,102,389.2875816993464,789.5163398692811,1530,362
20,74,264.5022665457842,1067.7932910244788,1103,397
20,95,353.6962365591398,725.9955197132616,1116,377
20,99,373.52603231597845,41.44075403949731,1114,368
20,101,382.4190705128205,1289.2179487179487,1248,363
20,98,361.3758314855876,758.5753880266076,902,370
20,97,363.5226377952756,232.82677165354332,1016,367
20,96,361.2877005347594,150.46951871657754,935,365
21,174,663.5874730021599,336.6749460043197,926,5
21,173,663.8651911468813,982.2173038229377,1491,8
21,172,665.0206073752712,1353.0054229934924,1844,6
21,171,660.9589308996088,1196.367666232073,1534,12
21,190,738.5718849840256,271.7444089456869,1252,29
21,175,670.9810126582279,253.901547116737,1422,3
21,166,643.1164205039097,856.0981754995656,1151,18
21,165,645.1324786324786,185.1054131054131,1404,16
21,163,642.5785371702638,1235.3129496402878,1668,19
21,162,634.9606147934678,357.71565802113355,1041,45
21,170,655.3141435678749,911.0099502487562,1407,11
21,168,650.2871900826447,150.5568181818182,968,14
21,177,671.6069518716578,440.91889483065955,1122,7
21,178,684.8444034440345,88.09040590405904,1626,21
21,179,681.6754901960784,184.2156862745098,1020,23
21,180,684.6132339235787,1091.081081081081,1073,22
21,183,703.030603060306,697.6453645364536,1111,35
21,184,709.0533880903491,609.8275154004107,974,36
21,185,713.5830618892509,183.37459283387622,921,37
21,187,725.9969788519637,640.6646525679758,1324,44
21,188,735.5421618562535,1359.5874363327673,1767,31
21,161,630.6172761664565,1067.9407313997478,1586,73
21,189,734.1555392516508,1148.8488628026412,1363,30
21,176,671.1689795918368,711.955918367347,1225,2
21,182,702.02877070619,215.23278116826503,1147,41
21,147,587.7357584076871,895.2518874399451,1457,50
21,159,620.0567307692307,1105.2144230769231,1040,76
21,135,541.9954098360656,1223.3016393442622,1525,66
21,191,736.2848101265823,692.8122362869199,948,28
21,136,544.4623358673117,1026.2557014512786,1447,67
21,137,546.6933570581258,1086.215302491103,1686,62
21,138,550.386524822695,918.7127659574468,1128,61
21,139,551.5448207171315,485.296812749004,1004,389
21,140,558.735976065819,1315.7673896783845,1337,55
21,141,560.266106442577,568.4257703081232,1071,60
21,142,563.2889469103568,1147.4891209747607,1149,56
21,143,565.6701728024042,708.8031555221638,1331,58
21,144,571.792547834844,329.1752265861027,993,53
21,160,631.1996148908858,819.9634146341464,1558,47
21,145,579.6053459119497,1348.1658805031448,1272,52
21,148,599.0652797704448,1313.393830703013,1394,81
21,149,602.1148036253776,1159.5173716012084,1324,71
21,150,601.939553219448,1037.8961892247044,761,91
21,151,603.7148399612028,258.83026188166826,1031,89
21,152,606.0530063291139,332.9493670886076,1264,87
21,153,608.9425454545454,382.0770909090909,1375,84
21,154,608.996705107084,717.7932454695223,1214,83
21,155,609.8124467178176,622.8576300085251,1173,92
21,156,609.7945344129555,1214.091093117409,988,82
21,157,617.650956284153,1351.0840163934427,1464,85
21,158,620.720367278798,557.8714524207012,1198,77
21,146,584.4908512330946,1101.2068416865552,1257,51
21,192,739.7848970251716,724.4656750572083,874,27
21,226,916.2058823529412,1229.7986425339366,1326,108
21,194,757.649377593361,826.7752420470263,1446,69
21,229,914.0780821917808,1349.558904109589,730,110
21,231,920.9501411100658,357.36876763875824,1063,104
21,232,931.4775465498357,265.9852135815991,1826,103
21,233,931.0495540138751,519.3468780971259,1009,100
21,234,939.3163922691482,624.1088045812455,1397,96
21,235,943.8620895522388,1292.4579104477612,1675,97
21,236,945.9112291350531,1339.357359635812,1318,101
21,237,944.3850710900474,711.3388625592418,844,117
21,238,950.1681931723564,844.2123230641132,1201,118
21,239,955.0958310774229,1110.1651326475364,1847,138
21,240,954.4696569920844,83.39050131926122,1137,116
21,241,954.218,1223.704,1000,136
21,242,952.2946859903382,1253.6859903381642,828,137
21,243,974.8893719806763,34.96376811594203,2070,133
21,245,972.9501915708812,397.4850574712644,1305,134
21,246,974.8470219435736,160.95047021943574,1595,127
21,247,973.3268671193016,916.992240543162,1031,132
21,248,976.6609880749575,723.0894378194208,1174,126
21,249,988.1248808388942,73.3117254528122,1049,130
21,250,1017.0055928411633,637.1437360178971,1788,379
21,251,1017.0536626916524,484.63373083475295,1174,119
21,252,1017.6207529843894,180.81175390266299,1089,120
21,133,544.4590586718247,81.64474532559639,1551,65
21,228,921.1347342398022,108.55809641532757,1618,106
21,227,915.8483263598326,1320.0439330543934,956,107
21,225,904.9285281647486,1271.3846153846155,1651,140
21,224,904.8236895847515,571.0633083730429,1469,113
21,195,757.8623188405797,1092.8922101449275,1104,94
21,197,762.7525849335303,628.4047267355983,1354,159
21,198,764.3850533807829,141.29822064056938,1405,162
21,199,769.0490998363339,706.8617021276596,1222,161
21,200,786.6084452975048,582.4606525911709,1042,155
21,201,786.4611872146119,849.0719178082192,876,154
21,202,803.9228791773779,1187.3393316195372,1556,147
21,203,808.0355029585799,625.4260355029586,1352,145
21,205,816.7374136229023,839.7423494570583,1013,152
21,206,829.5700687466949,1126.9312533051295,1891,185
21,207,828.204,444.84066666666666,1500,176
21,193,753.8413055711874,58.9893078221722,1777,25
21,208,823.8967441860465,1287.607441860465,1075,166
21,210,832.268085106383,373.1063829787234,940,146
21,211,834.9970282317979,199.56612184249627,1346,186
21,212,844.2531468531469,1321.337062937063,1430,391
21,213,861.4386852085967,337.570796460177,1582,174
21,214,857.2378419452888,1273.119300911854,1316,187
21,216,855.1973684210526,1237.6734449760766,836,177
21,217,864.6866506794564,298.5115907274181,1251,172
21,219,871.2325769854133,587.9837925445705,1234,170
21,220,879.0838926174497,1303.9068791946308,1192,175
21,221,882.555260831123,539.0574712643678,1131,142
21,222,882.743137254902,1239.6029411764705,1020,168
21,209,832.445411392405,715.2863924050633,1264,184
21,132,538.7916666666666,738.701867816092,1392,188
21,125,519.8937893789379,1289.7668766876689,1111,314
21,130,530.6500351370345,360.59311314125085,1423,93
21,38,162.94423440453687,426.54347826086956,1058,205
21,39,169.62857142857143,1176.2104761904761,1050,201
21,40,174.88566013897662,565.1231838281743,1583,203
21,41,183.90697674418604,103.80398671096346,1806,198
21,42,186.39268051434223,39.64985163204748,1011,195
21,43,192.57687927107062,977.497722095672,1756,193
21,44,188.21144278606965,1239.3598673300166,1206,194
21,45,188.38206627680313,446.8840155945419,1026,383
21,46,193.99110122358175,894.9282536151279,1798,192
21,48,197.8914246196404,254.81673582295988,1446,200
21,49,203.3924505692031,370.9802276812463,1669,214
21,50,203.5,1283.6087570621469,1416,224
21,51,209.78254649499286,662.7181688125894,1398,232
21,52,206.49507389162562,1171.0110837438424,812,233
21,53,211.21253175275191,600.6325148179509,1181,230
21,54,217.10928143712576,58.28368263473054,1336,229
21,55,216.47230769230768,128.48615384615385,1300,226
21,56,218.2768115942029,727.9347826086956,1380,228
21,57,215.48872180451127,832.5864661654135,1064,227
21,58,216.14514514514514,440.08708708708707,999,225
21,59,222.69201877934273,405.69577464788733,1065,235
21,61,237.96548748921484,461.55047454702327,1159,221
21,62,243.6990407673861,1156.9772182254196,1668,218
21,35,145.86545454545455,826.8412121212122,825,209
21,34,150.4546561168594,707.8228849665246,1643,285
21,33,137.0470500373413,154.0067214339059,1339,237
21,32,135.5033962264151,1359.7162264150943,1325,212
21,131,532.2586466165413,450.41203007518794,1330,258
21,8,40.358768406961175,897.7068273092369,1494,249
21,9,42.756557377049184,199.61967213114755,1220,259
21,10,49.41746794871795,389.7451923076923,1248,246
21,11,65.60879961740794,1331.5777140124342,2091,240
21,12,57.3188622754491,691.7208083832336,1336,248
21,13,57.736339982653945,642.4353859496964,1153,239
21,14,62.55254461335096,864.7680105750165,1513,241
21,15,91.1785940468651,400.9335022165928,1579,272
21,16,98.04715568862275,647.6122754491018,1336,282
21,17,98.56751592356687,143.9904458598726,1570,275
21,64,248.81422692533803,775.2245737801294,1701,216
21,18,99.2722433460076,1106.4053231939163,1315,281
21,20,103.43783303730018,952.8206039076376,1126,277
21,21,103.92668957617411,1143.2451317296677,873,276
21,22,108.48557213930349,607.1253731343284,1005,283
21,23,112.40205371248025,823.2053712480252,1266,271
21,24,119.87667071688944,864.1014580801944,1646,270
21,25,121.84853051996986,922.9050489826677,1327,269
21,26,121.11937172774869,670.1434554973822,955,274
21,27,124.78934169278998,29.557366771159874,1595,267
21,28,127.46158984635939,439.5464261857047,1497,263
21,29,130.46644518272424,193.25847176079733,1505,264
21,30,134.31292517006804,1287.253270538985,1911,260
21,19,106.91098265895954,706.7052023121387,1730,278
21,65,252.95956547978275,243.82558841279422,1657,236
21,37,161.9688747007183,858.2960893854748,1253,208
21,67,271.513353115727,89.81379821958457,1348,349
21,102,427.565784114053,967.9560081466395,2455,302
21,104,428.6773957571324,220.70446232626188,1367,300
21,105,428.9371804236669,761.1614317019722,1369,299
21,106,425.2087542087542,904.2424242424242,891,301
21,107,429.6362799263352,123.47421731123389,1086,298
21,108,429.6229260935143,186.3499245852187,663,307
21,109,447.7065637065637,1104.06435006435,1554,294
21,110,448.80930537352555,1223.0222804718217,1526,293
21,111,455.60820244328096,1258.0689354275742,1146,292
21,112,462.7622478386167,1332.4236311239192,1388,291
21,113,464.5138790035587,189.088256227758,1405,290
21,100,416.3402674591382,436.57578008915306,1346,303
21,114,469.1096075778078,1187.1353179972937,1478,288
21,116,478.1778880226789,575.5591778880226,1411,310
21,117,477.6088379705401,753.5605564648118,1222,330
21,119,482.00745712155106,56.82326621923937,1341,329
21,120,498.2659202239328,1315.0496850944717,1429,331
21,121,502.7025830258303,1243.081918819188,1355,319
21,122,513.267362924282,551.1644908616188,1915,318
21,123,507.9243765084473,1006.5937248592115,1243,317
21,124,507.2139491046183,910.0631479736098,1061,316
21,126,525.0040609137055,189.58172588832488,1970,313
21,128,524.711,816.112,1000,333
21,66,266.0945179584121,973.242911153119,1058,351
21,115,468.2607655502392,128.35287081339712,836,309
21,99,409.00522388059704,1339.7888059701493,1340,305
21,129,530.04,115.64326530612244,1225,190
21,70,288.33497191011236,1192.6432584269662,1424,346
21,98,401.6499429874572,843.0353477765109,877,332
21,71,292.31347773766544,777.5938628158844,1662,344
21,73,300.2168284789644,355.5598705501618,1236,340
21,74,297.86128364389236,1016.0610766045548,966,341
21,76,313.0832672482157,914.5709754163363,1261,339
21,77,317.6115160349854,400.43002915451893,1372,336
21,78,325.85370741482967,1288.1663326653306,1497,356
21,80,325.4478808705613,762.352806414662,873,335
21,81,328.36399064692125,1357.58924395947,1283,374
21,82,330.44750254842,171.7940876656473,981,375
21,83,328.63452914798205,52.80269058295964,446,373
21,79,332.3311976343026,118.48299655002464,2029,364
21,85,353.35274261603377,74.7789029535865,1185,369
21,97,397.1774647887324,148.0569014084507,1775,358
21,84,343.064,204.8968,1250,371
21,95,388.773261065944,1129.3170731707316,1107,359
21,94,387.9914134742404,791.1043593130779,1514,362
21,93,381.721198156682,1290.8563748079878,1302,363
21,96,398.48914769719426,1182.4266807834833,1889,308
21,90,361.64906490649065,152.35643564356437,909,365
21,89,360.74971297359355,758.5717566016074,871,370
21,88,363.1990291262136,233.1252427184466,1030,367
21,86,353.0689655172414,726.7114337568058,1102,377
21,91,373.0470162748644,42.9122965641953,1106,368
22,178,665.5381355932203,333.9936440677966,944,5
22,166,637.3426966292135,356.29026217228466,1068,45
22,167,644.322853688029,1233.3754534461912,1654,19
22,169,647.4427586206897,182.33724137931034,1450,16
22,171,645.3301886792453,855.1481132075472,1060,18
22,172,652.2828054298642,147.58257918552036,884,14
22,173,657.4901408450704,909.0204225352113,1420,11
22,174,662.577221228384,1194.7710196779965,1677,12
22,175,667.0695652173913,1351.5488491048593,1955,6
22,258,1018.9186351706037,614.6797900262467,381,379
22,179,673.3034734917733,252.70871419865935,1641,3
22,193,741.1014492753624,269.46666666666664,1380,29
22,181,673.706407137064,710.2222222222222,1233,2
22,182,687.2337894110649,86.19274241522903,1681,21
22,183,684.5930232558139,183.12790697674419,1032,23
22,184,687.2138248847926,1087.4506912442396,1085,22
22,186,704.3516572352465,213.8148746968472,1237,41
22,187,707.444921316166,690.3719599427754,1398,35
22,188,711.0794117647059,606.6725490196078,1020,36
22,189,716.2976744186046,181.28255813953487,860,37
22,190,725.0501029512698,845.751544269046,1457,32
22,191,728.1394025604552,638.3342816500711,1406,44
22,165,632.8886241810602,1066.3031566408577,1679,73
22,192,737.7367816091954,1358.2051724137932,1740,31
22,180,673.7736156351791,438.8941368078176,1228,7
22,164,633.1650758001123,818.5609208309938,1781,47
22,151,589.2592087312415,893.7912687585266,1466,50
22,162,622.4570397111913,555.1927797833935,1385,77
22,137,539.0664634146342,735.844512195122,1640,188
22,138,543.7772842639594,1221.530456852792,1576,66
22,139,548.7335660267597,79.31122745782432,1719,65
22,140,546.632625994695,1024.0729442970821,1508,67
22,141,549.7641325536063,1084.0638401559454,2052,62
22,142,553.6497373029772,483.28809106830124,1142,389
22,143,552.4199288256227,917.0275800711744,1124,61
22,144,561.2150537634409,1313.8077956989248,1488,55
22,145,561.985046728972,566.8934579439252,1070,60
22,146,567.805066854328,707.3553835327234,1421,58
22,147,565.3055062166962,1145.1163410301954,1126,56
22,163,622.2308420056764,1103.500473036897,1057,76
22,148,573.5414585414585,327.1178821178821,1001,53
22,150,586.9741019214704,1100.1052631578948,1197,51
22,152,601.3966642494561,1311.3640319071792,1379,81
22,153,604.4235552304316,1157.592538405267,1367,71
22,154,604.4228243021347,1033.0722495894909,1218,91
22,155,606.5558912386707,254.39350453172204,1324,89
22,156,608.0983102918586,331.11443932411674,1302,87
22,157,611.0355227882037,381.1239946380697,1492,84
22,158,611.5307629204266,715.4602132895816,1219,83
22,159,612.1623036649214,620.9136125654451,1146,92
22,160,612.056157635468,1211.270935960591,1015,82
22,161,620.0693568726356,1348.265447667087,1586,85
22,149,581.4524207011686,1346.236227045075,1198,52
22,194,741.5673187571922,722.2393555811277,869,27
22,254,1019.4769085768144,179.2507068803016,1061,120
22,196,755.9890230515916,57.0867178924259,1822,25
22,229,917.1694352159468,1318.7386489479513,903,107
22,230,923.6461446503288,104.90197250448297,1673,106
22,232,917.1537450722733,1347.3363994743759,761,110
22,233,923.4608294930875,353.46912442396314,1085,104
22,234,933.6485774499473,263.24288724973655,1898,103
22,235,932.9478976234004,516.7861060329068,1094,100
22,236,933.7616974972797,548.5603917301414,919,102
22,237,941.5938130464021,622.2104909213181,1487,96
22,238,945.8563443264394,1291.5231973169368,1789,97
22,239,948.7447956823439,1337.106399383192,1297,101
22,240,946.3672768878719,708.8443935926773,874,117
22,228,917.8778801843318,1228.2665130568357,1302,108
22,241,952.0917361637604,842.724033358605,1319,118
22,243,954.1149110807114,1251.7879616963064,731,137
22,244,957.6785714285714,81.32051282051282,1092,116
22,245,956.679797979798,1221.9979797979797,990,136
22,246,976.7994687915007,33.80965028773794,2259,133
22,247,975.0057761732852,394.7848375451264,1385,134
22,248,976.8189024390244,159.09024390243903,1640,127
22,250,975.486183074266,914.5716753022452,1158,132
22,251,978.5805687203791,721.1927330173776,1266,126
22,252,991.3336566440349,72.80892337536372,1031,130
22,253,1019.0611570247934,483.27768595041323,1210,119
22,136,535.0268700072621,448.4429920116195,1377,258
22,242,957.395061728395,1108.0612139917696,1944,138
22,195,740.0427135678392,690.4572864321608,796,28
22,227,907.0613460393091,1270.1804645622394,1679,140
22,225,884.5014985014985,1237.984015984016,1001,168
22,197,758.1533596837945,827.3573122529644,1265,69
22,198,760.1733102253033,1091.454939341421,1154,94
22,200,764.6765601217656,626.9931506849315,1314,159
22,201,767.2009504412763,139.97623896809233,1473,162
22,202,770.7998442367601,704.7967289719626,1284,161
22,203,788.6769953051643,580.5023474178404,1065,155
22,204,788.8086021505376,843.5956989247312,930,154
22,205,806.0849114233354,1185.7226634086744,1637,147
22,206,810.5489655172414,623.5862068965517,1450,145
22,208,819.5982053838485,837.4855433698904,1003,152
22,209,830.8243371212121,1125.5317234848485,2112,185
22,226,903.1515689757252,571.563055062167,1689,113
22,210,830.3514950166114,443.4996677740864,1505,176
22,212,834.1164179104478,713.6940298507462,1340,184
22,213,837.8810679611651,194.87135922330097,1236,186
22,214,834.906852248394,369.33940042826555,934,146
22,215,845.4424050632912,1321.5727848101267,1580,391
22,216,858.351523742027,1269.0616583982992,1411,187
22,217,863.5381277123373,334.8536887786733,1613,174
22,218,857.175796178344,1234.5681528662421,785,177
22,219,868.2625754527163,291.82645875251507,1988,172
22,222,866.2431077694235,559.453634085213,399,170
22,223,879.1585788561525,1300.733102253033,1154,175
22,224,884.3410652920962,537.3453608247422,1164,142
22,211,826.2450592885375,1286.0355731225297,1012,166
22,135,533.0340681362726,359.20841683366734,1497,93
22,176,665.9377311960543,981.3335388409371,1622,8
22,133,526.6748768472906,813.9339901477832,1015,333
22,40,164.1873479318735,856.5912408759124,1233,208
22,41,164.02757352941177,425.65257352941177,1088,205
22,42,171.0817120622568,1174.0097276264592,1028,201
22,43,177.18630475015422,563.0549043800123,1621,203
22,44,185.94557477110885,102.02187182095625,1966,198
22,45,194.29158215010142,975.7210953346856,1972,193
22,46,188.2570593962999,37.79065238558909,1027,195
22,47,190.4277456647399,1237.9702725020645,1211,194
22,48,196.03709508881923,893.6050156739811,1914,192
22,49,190.9717247879359,446.0885956644675,1061,383
22,50,196.1868365180467,1201.3885350318471,1413,213
22,38,147.9581589958159,824.4205020920502,956,209
22,51,199.85332369942196,251.98049132947978,1384,200
22,54,205.26512226512227,1283.5250965250966,1554,224
22,55,211.86529528865296,661.4120769741207,1507,232
22,56,207.79548306148055,1167.8331242158092,797,233
22,57,213.782995951417,598.6801619433198,1235,230
22,58,218.66691616766468,55.71556886227545,1336,229
22,59,218.67996930161166,127.22716807367613,1303,226
22,60,217.25088028169014,829.9779929577464,1136,227
22,61,221.83369486623283,726.4005784526391,1383,228
22,62,220.50991189427313,433.53083700440527,908,225
22,63,225.2174348697395,402.37174348697397,998,235
22,52,193.16007194244605,416.0431654676259,556,384
22,66,245.00319659030367,1156.327117741076,1877,218
22,37,152.74776386404292,705.8998211091234,1677,285
22,35,137.49245147375987,1357.823148813803,1391,212
22,134,532.3145285935085,115.31993817619784,1294,190
22,9,25.76997840172786,754.305615550756,926,254
22,10,42.54721549636804,896.2003631961259,1652,249
22,11,44.994299674267104,197.65635179153094,1228,259
22,13,59.2753164556962,689.6974683544304,1580,248
22,14,68.23976023976024,1330.040959040959,2002,240
22,15,59.665264928511355,639.7855340622372,1189,239
22,16,64.65389696169089,862.4636723910172,1514,241
22,17,93.15192878338279,399.4142433234421,1685,272
22,18,99.43655589123867,645.9138972809668,1324,282
22,19,101.28753180661577,141.5553435114504,1572,275
22,36,139.21795800144824,152.64011585807387,1381,237
22,20,101.31768158473955,1105.3528980190756,1363,281
22,22,104.85674676524954,951.4482439926063,1082,277
22,23,106.24885321100918,1141.1433486238532,872,276
22,24,110.58210332103322,603.0618081180812,1084,283
22,25,113.63746958637469,821.7712895377128,1233,271
22,26,121.5170731707317,862.3310975609756,1640,270
22,27,123.55784819454679,921.4436256448047,1357,269
22,28,123.06134969325153,667.6298568507158,978,274
22,29,126.91603053435115,26.830299471520846,1703,267
22,30,128.10157194679564,438.96916565900847,1654,263
22,32,132.56361239288069,192.00461437046803,1517,264
22,33,135.50434338272868,1286.1333673990803,1957,260
22,21,108.92825848849945,705.171412924425,1826,278
22,67,242.01397379912663,458.37816593886464,1145,221
22,12,51.70627306273063,387.2590405904059,1355,246
22,70,254.7472841623785,242.2744425385935,1749,236
22,105,403.94906444906445,840.6029106029106,962,332
22,106,411.15390070921984,1338.045390070922,1410,305
22,107,418.59336697909157,434.4441240086518,1387,303
22,108,429.1737680622453,966.5220452019266,2699,302
22,111,431.00625434329396,218.88047255038222,1439,300
22,112,431.02633451957297,758.914590747331,1405,299
22,113,427.98547717842325,902.5726141078839,964,301
22,114,431.6019230769231,121.93076923076923,1040,298
22,115,449.4438271604938,1102.1975308641975,1620,294
22,116,454.44200626959247,1221.7579937304076,1595,293
22,117,457.3346153846154,1258.173076923077,1040,292
22,104,400.71958762886595,1180.8737113402062,1940,308
22,118,464.1548797736917,1330.8330975954739,1414,291
22,120,470.9903474903475,1184.565637065637,1554,288
22,121,471.051602814699,133.1704456606724,1279,309
22,122,479.5135764158262,751.3708301008534,1289,330
22,124,484.04408523144747,55.302718589272594,1361,329
22,125,499.9680989583333,1313.35546875,1536,331
22,126,504.71470805617145,1241.3695491500368,1353,319
22,127,513.8001863064742,550.5183977643223,2147,318
22,128,509.89214908802535,1004.6122125297383,1261,317
22,130,522.3839854413103,1287.4331210191083,1099,314
22,69,252.14098750743605,772.227245687091,1681,216
22,131,527.958543417367,186.64313725490197,1785,313
22,119,466.2970225127088,187.73928830791576,1377,290
22,103,399.2164021164021,146.83280423280422,1890,358
22,129,509.28706326723324,907.5873465533522,1059,316
22,101,390.26411543287327,789.6486825595985,1594,362
22,102,390.068661971831,1127.2315140845071,1136,359
22,73,267.5639312977099,1067.0114503816794,1048,397
22,74,260.7032520325203,1190.4756097560976,492,352
22,75,268.15303176130897,970.0904716073147,1039,351
22,76,273.6932471264368,88.15517241379311,1392,349
22,78,291.7962085308057,1190.849018280298,1477,346
22,79,294.9662201514269,776.7204426324986,1717,344
22,81,302.33815028901734,353.00361271676303,1384,340
22,82,299.9242590559824,1013.2623490669594,911,341
22,84,314.9727414330218,911.9797507788162,1284,339
22,85,320.2340425531915,398.76889214966985,1363,336
22,86,327.6937931034483,1285.363448275862,1450,356
22,71,260.50987432675043,1035.5368043087972,1114,395
22,88,331.03783783783786,170.2911196911197,1295,375
22,100,383.6476683937824,1289.339748334567,1351,363
22,87,334.44772727272726,117.18545454545455,2200,364
22,98,374.6934763181412,40.457551385165324,1119,368
22,97,365.30139720558884,232.30439121756487,1002,367
22,96,362.6123110151188,757.2213822894169,926,370
22,72,267.68351199591626,1228.8667687595712,1959,284
22,94,355.3897435897436,723.9145299145299,1170,377
22,93,356.44471744471747,73.64782964782965,1221,369
22,91,344.48438690022846,204.88042650418888,1313,371
22,90,327.56271981242674,760.2790152403282,853,335
22,89,330.25592417061614,1355.350710900474,1266,374
22,95,362.6649642492339,149.26557711950971,979,365
23,158,620.6644423260248,1104.2221163012393,1049,76
23,159,630.3667273831209,1066.8063145112326,1647,73
23,160,630.8835978835979,818.936507936508,1701,47
23,161,635.2769953051643,356.6826291079812,1065,45
23,162,642.2968460111317,1234.6765615337044,1617,19
23,164,645.6016597510373,182.5926694329184,1446,16
23,165,643.6353591160221,855.1298342541437,1086,18
23,167,650.4110756123536,148.0436634717785,939,14
23,168,655.0043041606887,909.7460545193687,1394,11
23,169,659.8548683404777,1196.6595223515003,1633,12
23,171,664.0293350717079,981.8148631029987,1534,8
23,173,663.57003257329,335.41802388707924,921,5
23,175,671.6571920757967,440.09646856158486,1161,7
23,176,672.5647249190938,711.0606796116505,1236,2
23,178,682.3871595330739,183.55836575875486,1028,23
23,179,685.0236071765817,1088.5514636449482,1059,22
23,181,702.0490033222592,214.58637873754154,1204,41
23,182,704.090622537431,695.4672970843184,1269,35
23,184,710.344277673546,610.0966228893058,1066,36
23,157,620.5490506329114,556.9810126582279,1264,77
23,187,735.8780068728522,1358.8064146620848,1746,31
23,170,664.8156365557317,1352.0787110406761,1893,6
23,177,684.4855942376951,86.78211284513806,1666,21
23,143,579.6849315068494,1347.187751813054,1241,52
23,155,610.2849846782431,1212.6465781409602,979,82
23,130,530.9813535911602,359.91367403314916,1448,93
23,188,738.7644787644788,271.1420849420849,1295,29
23,131,533.3691860465116,449.95348837209303,1376,258
23,132,536.3944615384615,736.1046153846154,1625,188
23,133,541.8015513897867,1222.4104718810602,1547,66
23,134,546.8110893032384,1084.4931305201178,2038,62
23,135,547.0389755011136,79.68095768374165,1796,65
23,136,544.8289835164835,1025.1023351648353,1456,67
23,137,550.4268846503179,917.7883742052679,1101,61
23,138,558.7489361702128,1314.6893617021276,1410,55
23,139,560.0325358851675,567.6545454545454,1045,60
23,140,563.3778761061947,1146.403539823009,1130,56
23,141,565.9004491017964,708.2747005988024,1336,58
23,142,571.4539007092199,328.23302938196554,987,53
23,144,584.817605075337,1100.9302141157812,1261,51
23,145,586.8730741012472,894.9669845928099,1363,50
23,146,599.0937718684395,1312.3505948215536,1429,81
23,148,602.3698940998487,1158.5173978819969,1322,71
23,149,602.7013888888889,1034.0520833333333,1152,91
23,150,603.9416180150125,255.34445371142618,1199,89
23,151,606.0046985121378,331.88018794048554,1277,87
23,153,608.9058823529411,716.4142857142857,1190,83
23,154,610.452528837622,621.5465838509317,1127,92
23,156,618.1847968545217,1349.5419397116646,1526,85
23,189,736.3396648044693,691.7821229050279,895,28
23,218,916.0412213740458,1229.0801526717557,1310,108
23,191,753.8856981981982,58.083333333333336,1776,25
23,223,921.3880308880309,355.5260617760618,1036,104
23,224,931.5912996777658,263.97744360902254,1862,103
23,225,932.0694736842105,548.8452631578947,950,102
23,226,931.7626613704072,517.6732869910626,1007,100
23,227,939.5334742776603,623.0944326990839,1419,96
23,228,944.1923515981736,1291.7003424657535,1752,97
23,229,946.818113772455,1338.0351796407185,1336,101
23,230,944.1515837104073,710.14592760181,884,117
23,231,950.14765625,843.425,1280,118
23,232,955.4306296691569,1108.7785485592317,1874,138
23,222,914.5632333767927,1348.1668839634942,767,110
23,233,954.4247787610619,1222.6755162241889,1017,136
23,235,954.8476104598737,81.66456266907123,1109,116
23,236,974.8032859680284,34.229129662522205,2252,133
23,237,972.829992576095,395.9569413511507,1347,134
23,238,974.7926153846154,159.86707692307692,1625,127
23,240,973.231684981685,915.967032967033,1092,132
23,241,976.4409385113269,722.4781553398059,1236,126
23,242,988.6867704280156,73.25972762645914,1028,130
23,244,1017.5998293515358,483.9377133105802,1172,119
23,245,1017.5382462686567,179.92350746268656,1072,120
23,129,530.2982045277128,116.64090554254489,1281,190
23,234,952.2359413202934,1252.6540342298288,818,137
23,221,921.5689865689866,106.59279609279609,1638,106
23,219,915.6471215351812,1318.9754797441365,938,107
23,217,905.0260972716488,1270.9311981020167,1686,140
23,192,755.1897810218978,827.0170316301703,1233,69
23,193,758.1384892086331,1092.011690647482,1112,94
23,194,762.0857966834895,627.6575342465753,1387,159
23,195,764.1082437275986,139.80716845878135,1395,162
23,196,768.8331983805668,705.8582995951417,1235,161
23,197,786.6831119544592,581.5882352941177,1054,155
23,198,786.2451539338655,841.9863169897377,877,154
23,199,804.0732002419843,1186.6569872958257,1653,147
23,200,808.6393917451122,624.4699493120927,1381,145
23,202,817.1309644670051,838.805076142132,985,152
23,204,828.4471760797342,444.05382059800667,1505,176
23,205,825.0505836575876,1287.1828793774318,1028,166
23,206,832.1507381507381,714.5773115773115,1287,184
23,207,832.6550308008214,372.09856262833677,974,146
23,208,836.3661417322835,196.76692913385827,1270,186
23,209,844.184633710542,1324.4151280524122,1679,391
23,210,856.3115241635687,1271.0126394052045,1345,187
23,211,862.4312883435583,332.3901840490798,1630,174
23,212,855.2634803921569,1236.3394607843138,816,177
23,213,877.2620232172471,1302.3018242122719,1206,175
23,214,882.4608013937283,538.5270034843205,1148,142
23,215,882.3601941747572,1239.0990291262135,1030,168
23,216,901.2224137931034,573.2994252873564,1740,113
23,190,740.421875,723.2463942307693,832,27
23,128,524.7233201581028,815.1146245059289,1012,333
23,185,714.1822222222222,182.49444444444444,900,37
23,125,524.9164937759336,189.97302904564316,1928,313
23,35,150.7245195107746,706.0297029702971,1717,285
23,36,146.54410080183277,824.9243986254296,873,209
23,38,161.94374009508715,857.3526148969889,1262,208
23,39,162.69446883230904,426.23617208077263,1139,205
23,40,169.39092664092664,1175.050193050193,1036,201
23,41,175.20140216698533,564.3441682600383,1569,203
23,42,183.51257861635222,102.65146750524109,1908,198
23,43,192.3507462686567,976.1432835820896,2010,193
23,44,187.7206611570248,1238.6884297520662,1210,194
23,45,185.996015936255,38.80278884462152,1004,195
23,33,134.99348298334542,1358.154960173787,1381,212
23,46,194.12427409988385,894.3548199767712,1722,192
23,49,197.9233498935415,253.18310858765082,1409,200
23,51,203.24338983050848,1283.3986440677966,1475,224
23,52,209.44319775596074,661.9796633941094,1426,232
23,53,206.1875761266748,1169.5420219244822,821,233
23,54,211.4133219470538,599.7796754910333,1171,230
23,55,217.01926040061633,55.93605546995377,1298,229
23,56,216.47335907335906,127.81467181467181,1295,226
23,57,219.7511177347243,727.9411326378539,1342,228
23,58,216.19163424124514,828.8005836575876,1028,227
23,59,219.02115158636897,433.930669800235,851,225
23,47,189.5977653631285,446.25698324022346,1074,383
23,60,223.58365019011407,402.78897338403044,1052,235
23,31,133.8682604272635,1286.5742624618515,1966,260
23,29,126.12314098750744,440.0077334919691,1681,263
23,126,520.6690909090909,1288.47,1100,314
23,8,24.40498812351544,755.6627078384798,842,254
23,9,40.76879343019583,896.7959570435881,1583,249
23,10,42.9983498349835,198.81600660066007,1212,259
23,11,49.3902627511592,388.61360123647603,1294,246
23,12,57.310667498440424,690.7504678727386,1603,248
23,13,65.56708860759494,1329.732658227848,1975,240
23,14,57.79322328410078,641.3223284100782,1151,239
23,15,61.77561955793704,863.0261219022103,1493,241
23,16,91.49186256781194,400.03435804701627,1659,272
23,30,130.12847682119207,191.83576158940397,1510,264
23,17,97.69680851063829,646.7758358662614,1316,282
23,19,99.62527716186253,1106.0857354028085,1353,281
23,20,106.08051082731815,705.9405885619101,1801,278
23,21,102.81083562901745,951.9302112029385,1089,277
23,22,104.15227272727273,1142.3193181818183,880,276
23,23,108.60776699029127,605.395145631068,1030,283
23,24,112.78850758180367,822.535514764565,1253,271
23,25,119.73044009779952,863.4394865525672,1636,270
23,26,120.33438155136268,669.6802935010483,954,274
23,27,121.73029366306028,922.8902627511592,1294,269
23,28,124.70621468926554,28.806654111738858,1593,267
23,18,98.1076030927835,142.44007731958763,1552,275
23,62,243.298355076574,1156.4066931366988,1763,218
23,34,136.49707602339183,152.44444444444446,1368,237
23,65,249.18983466013472,773.4280465401102,1633,216
23,98,397.2335297268345,146.95018746652383,1867,358
23,99,398.97523709167547,1181.7112750263436,1898,308
23,100,401.378835978836,841.3629629629629,945,332
23,101,409.61739130434785,1338.9188405797101,1380,305
23,102,416.50882352941176,435.5764705882353,1360,303
23,106,428.9714086471409,219.4560669456067,1434,300
23,107,428.8867924528302,759.9716981132076,1378,299
23,108,426.7190426638918,904.047866805411,961,301
23,110,447.5655430711611,1103.049313358302,1602,294
23,111,452.3502135448444,1221.640634533252,1639,293
23,97,387.98670212765956,1128.3173758865248,1128,359
23,112,455.10869565217394,1258.203804347826,1104,292
23,114,464.1044117647059,188.1779411764706,1360,290
23,115,468.24318936877074,1184.2691029900332,1505,288
23,116,469.1340206185567,127.06071019473082,873,309
23,117,476.9855810008482,752.7862595419847,1179,330
23,119,482.15758468335787,56.00147275405008,1358,329
23,120,498.1761174116077,1313.4229486324216,1499,331
23,121,502.9708242159008,1242.0816921954777,1371,319
23,122,511.53333333333336,552.1031630170316,2055,318
23,123,508.1981981981982,1005.4971334971335,1221,317
23,64,240.73566308243727,457.64516129032256,1116,221
23,113,462.389318341532,1331.4462403373154,1423,291
23,96,388.22100515463916,790.2461340206186,1552,362
23,109,429.7230910763569,122.58601655933762,1087,298
23,124,507.2944015444015,908.8600386100386,1036,316
23,66,252.71873165002935,242.94010569583088,1703,236
23,95,381.3180811808118,1290.839114391144,1355,363
23,68,266.0708884688091,971.9688090737241,1058,351
23,69,259.2323943661972,1193.718309859155,426,352
23,70,271.5904761904762,88.8058608058608,1365,349
23,72,289.56626506024094,1191.2844712182061,1494,346
23,73,292.375664500886,777.0891907855877,1693,344
23,75,300.1964965727342,354.4310738766184,1313,340
23,76,298.06546990496304,1014.7465681098205,947,341
23,78,312.4407319013524,913.3237867939539,1257,339
23,79,318.04229607250755,399.642749244713,1324,336
23,80,325.5411844792376,1286.5616065350578,1469,356
23,67,263.3209562563581,1229.3626653102747,1966,284
23,82,325.53739930955123,761.5247410817032,869,335
23,81,332.66242661448143,117.53082191780823,2044,364
23,92,360.6162402669633,758.2258064516129,899,370
23,91,363.1450827653359,232.6095423563778,1027,367
23,90,361.29260089686096,151.41928251121075,892,365
23,89,353.4783808647654,726.0045998160074,1087,377
23,93,372.7437722419929,41.687722419928825,1124,368
23,86,342.411583011583,204.7212355212355,1295,371
23,84,328.54537597234224,170.63958513396716,1157,375
23,83,328.35238095238094,1356.3015873015872,1260,374
23,87,354.3012244897959,74.43265306122449,1225,369
24,167,644.7543859649123,854.7553606237817,1026,18
24,158,621.6859070464768,555.9790104947526,1334,77
24,159,621.4194792671167,1103.0703953712632,1037,76
24,160,631.365315852205,1066.0119189511322,1678,73
24,161,632.1147269718698,818.5444015444016,1813,47
24,162,636.0714285714286,355.600185528757,1078,45
24,157,619.2183098591549,1349.0128040973111,1562,85
24,163,640.7046599496222,1235.719773299748,1588,19
24,166,646.8655804480652,181.99321113374066,1473,16
24,168,651.5099557522124,147.18473451327435,904,14
24,175,672.1485207100592,252.05562130177515,1690,3
24,170,661.1263579188108,1199.309891366495,1749,12
24,171,665.9712673165726,1351.2062596203182,1949,6
24,172,664.8539682539682,981.5123809523809,1575,8
24,174,664.8379237288135,334.21080508474574,944,5
24,176,672.8452674897119,439.0748971193416,1215,7
24,177,672.3675078864353,710.5283911671925,1268,2
24,178,685.2188054405677,86.14665878178593,1691,21
24,179,683.9261418853256,182.8843537414966,1029,23
24,180,686.410632447296,1087.666361136572,1091,22
24,156,611.3296258847321,1211.268958543984,989,82
24,169,656.1083676268861,908.9465020576132,1458,11
24,155,611.6663669064748,620.8120503597122,1112,92
24,130,526.1919770773638,814.1365807067813,1047,333
24,153,610.3064952638701,381.00608930987823,1478,84
24,182,702.9236947791164,214.03694779116466,1245,41
24,131,532.0217835262083,359.2974812797822,1469,93
24,132,532.1874027993779,116.93701399688958,1286,190
24,133,534.5386235955057,449.36587078651684,1424,258
24,134,536.1226468910439,735.1620079863092,1753,188
24,135,542.724293059126,1221.6066838046272,1556,66
24,136,547.5161588180979,1083.545244690674,2166,62
24,137,547.6718913270637,79.31922675026124,1914,65
24,138,545.9422554347826,1023.836277173913,1472,67
24,139,551.2660054102795,916.9621280432823,1109,61
24,140,559.5263879369431,1314.6888279643592,1459,55
24,141,560.6666666666666,567.0318840579711,1035,60
24,142,564.3413333333333,1145.4382222222223,1125,56
24,143,566.8651766402307,707.7555875991349,1387,58
24,144,572.3045685279188,327.40406091370556,985,53
24,145,580.7630057803468,1346.6226259289842,1211,52
24,146,585.8239043824701,1100.617529880478,1255,51
24,147,588.4690831556503,894.0170575692964,1407,50
24,148,600.1179378531074,1311.872175141243,1416,81
24,149,603.0610252237592,1033.0447518307567,1229,91
24,150,603.6777108433735,1158.0331325301204,1328,71
24,151,604.2472440944882,254.548031496063,1270,89
24,152,606.9908256880734,331.32415902140673,1308,87
24,154,610.1093489148581,715.6936560934892,1198,83
24,184,711.6723518850987,609.2118491921005,1114,36
24,241,990.0646766169154,72.79701492537313,1005,130
24,186,723.6619318181819,845.6576704545455,1408,32
24,217,906.03,1270.3882352941177,1700,140
24,218,917.1587301587301,1228.5532879818595,1323,108
24,219,916.1244588744589,1318.3852813852814,924,107
24,221,914.9746666666666,1347.2053333333333,750,110
24,222,922.9094749547374,105.34158117079059,1657,106
24,223,922.5849952516619,353.89363722697055,1053,104
24,224,932.6053599579611,262.6190225959012,1903,103
24,226,932.7259120673526,517.2076707202993,1069,100
24,227,940.4674965421854,622.0186721991702,1446,96
24,228,945.2660098522167,1291.503010399562,1827,97
24,216,883.5898203592815,1237.9650698602795,1002,168
24,229,947.5891415994131,1337.351430667645,1363,101
24,231,951.2264860797592,842.6621519939804,1329,118
24,232,956.4768349817804,1108.1592920353983,1921,138
24,233,955.0946065428824,1223.9000884173297,1131,136
24,234,956.5325987144168,81.03397612488521,1089,116
24,235,975.6864587782999,33.5070482699701,2341,133
24,236,973.9496717724289,395.10284463894965,1371,134
24,237,975.7756838905775,159.1580547112462,1645,127
24,238,974.5288461538462,914.9737762237762,1144,132
24,240,977.3485086342229,721.9207221350078,1274,126
24,128,521.6492194674013,1287.7355371900826,1089,314
24,230,945.3858267716536,708.8762654668167,889,117
24,215,884.9534679543459,538.4064969271291,1139,142
24,214,877.3101374570447,1300.3573883161512,1164,175
24,212,856.510101010101,1234.8977272727273,792,177
24,187,736.8808022922636,1358.1077363896848,1745,31
24,188,740.3025830258302,270.3630996309963,1355,29
24,189,737.6447219069239,690.7219069239501,881,28
24,190,741.566985645933,722.4138755980862,836,27
24,191,754.8974789915966,57.42240896358543,1785,25
24,192,756.0501174628034,826.299138606108,1277,69
24,193,759.0165649520488,1091.5571054925895,1147,94
24,194,763.0876436781609,627.0876436781609,1392,159
24,195,765.2343304843305,138.76495726495727,1404,162
24,196,769.901821060966,705.1528107680126,1263,161
24,197,788.0418215613383,580.6040892193308,1076,155
24,198,787.7758241758241,841.5978021978023,910,154
24,199,805.2355740630577,1186.1326591314694,1681,147
24,200,809.4042253521127,623.7704225352113,1420,145
24,202,818.6083418107834,837.7965412004069,983,152
24,204,829.4625082946251,443.386197743862,1507,176
24,205,825.6105675146771,1286.2485322896282,1022,166
24,206,829.2092198581561,373.85224586288416,846,146
24,207,833.3110266159696,713.9558935361217,1315,184
24,208,837.4747557003258,194.371335504886,1228,186
24,209,844.8378830083566,1324.276323119777,1795,391
24,210,856.7275320970043,1269.0777460770328,1402,187
24,211,864.0715166461159,332.0462392108508,1622,174
24,185,715.686996547756,181.74798619102415,869,37
24,127,525.3554363725012,189.83568990736225,2051,313
24,65,242.0775623268698,456.17174515235456,1083,221
24,125,507.68726235741445,907.884030418251,1052,316
24,35,151.6787172011662,706.401166180758,1715,285
24,36,147.62349066959385,824.0998902305159,911,209
24,38,162.5338106603023,856.7700875099443,1257,208
24,39,164.25686448184234,425.466784765279,1129,205
24,40,170.29440154440155,1174.1785714285713,1036,201
24,41,176.3023551877785,563.4945894334819,1571,203
24,42,184.73181818181817,101.8949494949495,1980,198
24,43,193.08087535680303,975.5304471931494,2102,193
24,44,188.88694929343308,1237.8778054862844,1203,194
24,45,186.86574531095755,37.895360315893384,1013,195
24,34,137.57822638788753,151.9041095890411,1387,237
24,46,194.8818129661503,894.1279403327596,1743,192
24,48,195.5896527285613,1201.3947554925585,1411,213
24,49,198.85187914517317,252.10685335298453,1357,200
24,51,204.324395029431,1283.1824722040549,1529,224
24,52,210.1581081081081,661.704054054054,1480,232
24,53,206.72527472527472,1168.1575091575091,819,233
24,54,212.90179333902648,599.0435525192144,1171,230
24,55,218.12471655328798,54.39606953892668,1323,229
24,56,217.611326609775,127.34212567882079,1289,226
24,57,217.8358925143954,828.0930902111324,1042,227
24,58,221.2032640949555,727.2151335311572,1348,228
24,47,190.8028846153846,444.7076923076923,1040,383
24,33,135.77912794853466,1357.2051465332381,1399,212
24,31,134.7013118062563,1285.9979818365287,1982,260
24,30,131.32663989290495,191.34404283801874,1494,264
24,243,1018.3125,483.1566666666667,1200,119
24,8,24.967567567567567,755.9005405405405,925,254
24,9,41.676710608914,896.5160075329567,1593,249
24,10,43.64185277088503,198.22167080231597,1209,259
24,11,50.499620349278665,387.63933181473044,1317,246
24,12,58.05677114133649,689.9136605558841,1691,248
24,13,58.54295532646048,640.1675257731958,1164,239
24,14,62.225893459204315,862.677680377613,1483,241
24,15,66.05495075168481,1328.0217729393469,1929,240
24,16,92.25014925373134,399.36059701492536,1675,272
24,17,98.49050873196659,646.25284738041,1317,282
24,18,99.5530253741054,141.1893298633702,1537,275
24,19,100.40043604651163,1105.4375,1376,281
24,20,107.23659480375898,705.4892205638474,1809,278
24,21,102.93826005612722,951.0860617399438,1069,277
24,22,105.19265033407572,1141.465478841871,898,276
24,23,109.65019011406844,603.7661596958175,1052,283
24,24,113.75201938610662,821.7447495961228,1238,271
24,25,120.52625,862.34625,1600,270
24,26,120.99895178197065,669.1855345911949,954,274
24,27,122.66615969581748,922.4448669201521,1315,269
24,28,125.85263796240146,27.408732565191023,1649,267
24,29,127.16513233601842,439.2600690448792,1738,263
24,59,220.33447880870563,432.42153493699885,873,225
24,126,508.837037037037,1004.5218106995885,1215,317
24,60,224.65,401.3558823529412,1020,235
24,64,243.83260393873084,1155.8998905908097,1828,218
24,99,389.11032656663724,1127.369814651368,1133,359
24,100,397.8523735002608,146.5607720396453,1917,358
24,101,399.70165460186143,1180.8645294725957,1934,308
24,102,402.56768100734524,840.308499475341,953,332
24,103,410.70793882010196,1338.142024763292,1373,305
24,104,417.45116618075804,434.6268221574344,1372,303
24,108,429.9724517906336,218.55165289256198,1452,300
24,109,429.99009200283086,759.0580325548478,1413,299
24,110,428.79282868525894,903.5776892430279,1004,301
24,111,430.47402597402595,122.11873840445269,1078,298
24,98,389.17914267434423,789.4081893793986,1563,362
24,112,448.49014778325125,1102.2610837438424,1624,294
24,114,456.2156862745098,1257.5266106442577,1071,292
24,115,463.41266527487824,1330.9318023660403,1437,291
24,116,465.00586940572265,187.53044754218635,1363,290
24,117,468.6324395029431,1182.822759973839,1529,288
24,118,470.13473053892216,127.06387225548902,1002,309
24,120,478.6193969030155,751.6039119804401,1227,330
24,121,483.13458755426916,55.25542691751085,1382,329
24,122,498.9484126984127,1312.5992063492063,1512,331
24,123,504.02332361516034,1241.3214285714287,1372,319
24,124,512.4750356633381,551.1583452211127,2103,318
24,113,454.14360770577935,1220.586690017513,1713,293
24,97,382.65188470066516,1290.3562453806355,1353,363
24,95,373.5921739130435,40.77739130434782,1150,368
24,94,364.2551724137931,232.45320197044336,1015,367
24,66,250.44892966360857,771.8409785932722,1635,216
24,67,253.71255060728745,242.31463273568536,1729,236
24,69,265.00935960591136,1228.3083743842365,2030,284
24,70,259.2011385199241,1189.7609108159393,527,352
24,71,267.0315186246418,970.4603629417383,1047,351
24,72,267.36285714285714,1066.8295238095238,1050,397
24,73,272.5692640692641,88.23160173160173,1386,349
24,75,290.79429329794294,1190.28599867286,1507,346
24,76,293.32655432887856,776.630447414294,1721,344
24,78,301.2278481012658,353.62918838421444,1343,340
24,79,299.2644539614561,1013.3832976445397,934,341
24,81,313.86009538950714,912.4507154213037,1258,339
24,82,319.0060015003751,398.7981995498875,1333,336
24,83,326.7951890034364,1285.7024054982817,1455,356
24,84,333.9059266227658,116.72812793979304,2126,364
24,85,329.66798732171156,170.03565768621237,1262,375
24,86,326.61226851851853,760.8217592592592,864,335
24,87,329.56682769726245,1355.3244766505636,1242,374
24,88,343.53684210526313,204.6172932330827,1330,371
24,89,349.8406055209261,75.79964381121995,1123,369
24,91,354.3185520361991,725.0678733031674,1105,377
24,92,361.6525515743757,757.5124864277959,921,370
24,93,361.6781354051054,150.33296337402885,901,365
24,244,1018.2911985018727,179.0739700374532,1068,120
