frame,label,centroid_y,centroid_x,area,track_id
0,11,22.612244897959183,999.4747583243824,931,0
0,255,720.6515151515151,1092.6019283746557,726,2
0,254,716.7216494845361,767.0824742268042,776,3
0,253,709.4044585987261,555.7324840764331,628,4
0,252,713.25234375,404.628125,1280,5
0,251,702.7043248014122,691.7643424536628,1133,6
0,257,733.5356083086053,659.3508902077151,1348,7
0,250,701.0839416058394,738.1414233576643,1096,8
0,247,693.9175152749491,342.23625254582487,982,9
0,246,690.2889830508475,924.8008474576271,1180,10
0,244,684.0034965034965,958.7412587412588,858,11
0,243,683.8315565031983,246.49466950959487,938,12
0,242,682.8169811320755,1026.5481132075472,1060,13
0,240,672.060917721519,518.5601265822785,1264,14
0,249,698.9039855072464,793.1884057971015,1104,15
0,239,669.0902184235517,1206.0978157644824,1053,16
0,258,735.0785791173305,741.6899892357374,929,17
0,260,740.8151735270379,807.6166263115416,1239,18
0,276,766.599550056243,1186.0517435320585,889,19
0,275,766.6272469252601,1296.1892147587512,1057,20
0,274,762.6270996640537,1216.141097424412,893,21
0,273,756.7518796992481,920.640350877193,798,22
0,272,759.1383647798742,1130.380503144654,954,23
0,271,759.0281469898358,435.66067240031276,1279,24
0,259,736.471838469713,1153.1764080765142,941,25
0,270,756.3832116788321,219.56447688564478,822,26
0,268,754.4849537037037,82.19328703703704,864,27
0,266,747.7695652173913,551.1619565217392,920,28
0,265,746.3695431472081,248.39593908629442,985,29
0,264,743.1269841269841,691.3531746031746,756,30
0,263,743.3400537634409,49.318548387096776,744,31
0,262,745.4643584521385,20.167006109979635,982,32
0,269,757.9319571865443,352.5382262996942,1308,33
0,238,657.0311041990668,639.9424572317263,643,34
0,237,659.9230118443317,611.5329949238578,1182,35
0,236,649.2744252873563,664.6968390804598,696,36
0,208,594.9654874892149,312.82053494391715,1159,37
0,207,589.7140019860973,924.4458788480636,1007,38
0,206,588.6179640718562,1044.5365269461079,835,39
0,205,585.0950118764846,405.61757719714967,842,40
0,204,586.8670260557053,797.8256963162623,1113,41
0,203,581.6186107470511,272.34338138925295,763,42
0,209,596.5248838752489,630.136695421367,1507,43
0,202,585.0963855421687,131.42469879518072,1328,44
0,200,576.6981132075472,1150.2424528301888,1060,45
0,198,575.3628447024673,1114.1262699564586,1378,46
0,197,573.7544014084507,851.8661971830986,1136,47
0,196,568.374358974359,700.9461538461538,780,48
0,195,570.2338461538461,187.36410256410255,975,49
0,194,569.4626209322779,336.37203166226914,1137,50
0,201,584.0908419497785,1204.877400295421,1354,51
0,210,590.08269525268,979.071975497703,653,52
0,211,594.3485838779957,1273.79302832244,918,53
0,212,594.9112903225806,1087.3467741935483,744,54
0,235,652.744053282588,86.10561370123692,1051,55
0,234,648.2700087950748,216.1301671064204,1137,56
0,233,642.2773037542662,1254.8899317406144,1172,57
0,231,634.8092209856916,1218.074721780604,629,59
0,230,635.6463742166518,517.2264995523724,1117,60
0,229,628.5889175257732,476.39561855670104,776,61
0,225,620.7297551789077,883.4661016949152,1062,62
0,224,621.7434819175778,339.63246425567706,1189,63
0,223,617.3545527800161,663.1257050765512,1241,64
0,222,615.2472613458528,1320.605633802817,1278,65
0,221,608.7460148777895,196.29649309245482,941,66
0,220,607.3919372900336,1002.3460246360582,893,67
0,219,605.753493013972,252.87325349301398,1002,68
0,215,603.381893860562,76.5681581685744,961,69
0,279,769.9968847352025,274.4382139148494,963,70
0,282,778.494085532302,1262.2229299363057,1099,71
0,283,779.432933478735,635.1908396946565,917,72
0,284,779.0818897637795,178.79055118110236,635,73
0,345,974.4456035767511,1163.9627421758569,671,74
0,344,970.4712153518124,1071.6439232409382,469,75
0,343,977.5496558505408,636.7512291052115,1017,76
0,342,969.6864175022789,684.9671832269827,1097,77
0,340,964.9772727272727,1095.224025974026,616,78
0,339,967.1199421965318,103.07369942196532,692,79
0,346,979.0922266139657,146.3425559947299,759,80
0,338,964.4347389558233,274.4969879518072,996,81
0,333,948.2714708785785,1045.1559723593286,1013,82
0,332,946.85303514377,814.814696485623,939,83
0,330,938.9007314524556,83.09613375130617,957,84
0,329,941.0292230933713,125.1375623663578,1403,85
0,328,931.05625,1200.71125,800,86
0,327,932.5532139093783,1149.6259220231823,949,87
0,337,963.0029027576197,1019.1494920174165,689,88
0,347,984.6675257731958,1134.3049828178694,1164,89
0,348,987.399721448468,63.99791086350975,1436,90
0,349,989.5159386068477,118.70720188902007,847,91
0,366,1022.751677852349,806.9154362416108,745,92
0,365,1018.573476702509,1358.3297491039427,837,93
0,364,1013.1117578579743,400.1001164144354,859,94
0,363,1013.3129836629407,1272.1435941530524,1163,95
0,362,1013.6060606060606,1097.2883379247016,1089,96
0,361,1007.9548611111111,152.05439814814815,864,97
0,360,1001.2144702842377,662.2286821705426,774,98
0,359,1003.9900332225914,618.7541528239203,903,99
0,358,1001.1131221719457,734.9196832579186,884,100
0,357,997.4295392953929,767.2357723577236,738,101
0,354,994.837528604119,798.0045766590389,874,102
0,353,994.9957492029755,236.89160467587672,941,103
0,352,995.7269230769231,1058.2759615384616,1040,104
0,351,994.703947368421,489.01503759398497,1064,105
0,350,993.3973063973064,873.8585858585859,1188,106
0,326,930.9038997214485,1012.8300835654596,718,107
0,193,564.2577181208054,1251.765100671141,745,108
0,324,917.2556818181819,345.7855113636364,704,109
0,322,913.2576736672052,549.6025848142165,1238,110
0,300,836.3949313621964,853.0876451953537,947,111
0,299,828.4043767840152,777.0951474785918,1051,112
0,298,825.3585365853659,588.3073170731707,820,113
0,296,825.697461928934,820.7939086294416,985,114
0,295,819.0192307692307,147.32051282051282,624,115
0,294,812.3785166240409,265.19053708439895,782,116
0,301,837.94375,171.615,800,117
0,293,804.2809706257982,21.365261813537675,783,118
0,291,802.5512367491166,1289.1987632508833,1132,119
0,290,801.0298661174047,1237.9866117404738,971,120
0,289,794.4261658031088,1319.9935233160622,772,121
0,288,794.0879237288135,663.146186440678,944,122
0,287,789.8478099480327,395.5003711952487,1347,123
0,286,784.511224489796,694.2418367346938,980,124
0,292,801.7279335410177,51.4257528556594,963,125
0,303,843.2976744186046,434.0581395348837,860,126
0,305,852.6444652908068,280.14446529080675,1066,127
0,306,849.9590043923865,1206.8067349926794,683,128
0,321,901.8091068301226,129.45971978984238,1142,129
0,320,900.5526802218114,1356.3678373382625,1082,130
0,319,895.5888767720829,465.78298800436204,917,131
0,318,895.1780487804878,1309.2959349593496,1230,132
0,317,892.3,902.2329896907216,970,133
0,316,893.0196721311476,497.5016393442623,915,134
0,315,888.4617414248021,776.4551451187335,758,135
0,314,888.7318007662835,630.383141762452,783,136
0,312,883.9660056657224,1264.7209631728044,706,138
0,311,877.7772151898735,1236.7075949367088,790,139
0,310,875.5,525.9761904761905,1008,140
0,309,874.8967741935484,824.1881720430108,930,141
0,308,858.8140845070423,1183.556338028169,710,142
0,307,853.7476076555024,577.7464114832536,836,143
0,323,918.9667077681875,914.5782983970407,811,144
0,192,568.3781094527363,80.83996683250415,1206,145
0,280,773.4443430656934,1074.0857664233577,1096,146
0,190,544.8139204545455,411.02982954545456,704,147
0,74,175.9090047393365,863.296682464455,1055,148
0,73,172.13418079096044,253.10169491525423,708,149
0,72,170.98207547169812,670.822641509434,1060,150
0,71,167.73822463768116,95.86413043478261,1104,151
0,70,161.91721854304635,616.2566225165563,604,152
0,69,165.3528735632184,64.20689655172414,870,153
0,75,175.12590799031477,35.58111380145279,826,154
0,68,160.00735294117646,642.1808823529411,680,155
0,64,151.558,1258.65,1000,157
0,63,152.61468721668177,1082.2257479601087,1103,158
0,62,142.02161383285303,324.98270893371756,694,159
0,61,146.66608996539793,788.098615916955,1156,160
0,60,143.5481171548117,440.72489539748955,956,161
0,66,152.49576783555017,1226.7811366384522,827,162
0,77,183.9115789473684,475.47052631578947,950,163
0,78,188.92105263157896,738.7231968810917,1026,164
0,79,189.0089485458613,595.8333333333334,894,165
0,102,240.15073529411765,207.47610294117646,544,166
0,100,232.17067003792667,1257.9734513274336,791,167
0,98,229.0354066985646,668.8918660287081,1045,168
0,97,229.22037914691944,53.503159557661924,1266,169
0,95,227.06772009029345,1107.948833709556,1329,170
0,93,217.22727272727272,590.6398601398602,572,171
0,92,219.83652875882947,558.0272452068617,991,172
0,90,209.11046511627907,618.2311046511628,688,173
0,89,207.1804697156984,282.3411619283066,809,174
0,88,201.77744209466263,1168.643504531722,993,175
0,87,201.90640895218718,399.68463886063074,983,176
0,86,198.6892523364486,250.28855140186917,856,177
0,84,198.33410138248848,1221.60599078341,868,178
0,83,197.50913621262458,114.77242524916943,1204,179
0,82,193.38293444328824,309.9573361082206,961,180
0,58,135.46091370558375,1170.789847715736,985,181
0,103,244.6590413943355,601.5555555555555,918,182
0,57,134.00097751710655,236.2218963831867,1023,183
0,55,125.09168241965973,710.187145557656,1058,184
0,29,57.88429752066116,741.00826446281,726,185
0,28,56.015151515151516,1290.5664335664335,858,186
0,27,55.79502487562189,1205.3860696517413,1005,187
0,26,62.455357142857146,628.9564732142857,1792,188
0,23,47.205683355886336,762.7428958051421,739,189
0,22,47.47406733393994,674.4485896269335,1099,190
0,30,62.38747731397459,314.00453720508165,1102,191
0,20,39.37635379061372,474.49548736462094,1108,192
0,18,37.32282157676349,1104.6755186721991,1205,193
0,17,30.807142857142857,322.36785714285713,840,194
0,15,30.059165858389914,565.0358874878758,1031,195
0,14,24.85,1315.8078125,640,196
0,13,25.370741482965933,1265.3356713426854,998,197
0,191,560.385863267671,940.0115874855156,863,198
0,19,35.11830985915493,972.5098591549296,710,199
0,34,72.74001774622893,780.4800354924579,1127,200
0,35,70.75478468899522,1068.9318181818182,836,201
0,36,76.79619260918253,1229.9473684210527,893,202
0,53,121.17461538461538,762.5484615384615,1300,203
0,52,117.49220272904483,1062.85477582846,1026,204
0,51,108.04586241276172,1324.5942173479561,1003,205
0,50,105.7126969416126,830.8007414272474,1079,206
0,49,105.46516393442623,410.9405737704918,976,207
0,48,104.93522626441882,201.80479148181013,1127,208
0,47,103.68828828828829,1160.7801801801802,1110,209
0,46,102.11800699300699,474.5244755244755,1144,210
0,45,95.30952380952381,612.1476190476191,630,211
0,43,96.50090744101634,650.5607985480943,1102,212
0,41,94.60244115082824,509.512641673932,1147,213
0,40,93.34903280067283,581.820857863751,1189,214
0,39,90.25690890481064,283.82088024564996,977,215
0,38,81.89863325740319,1263.6287015945331,878,216
0,37,82.13919052319842,49.32280355380059,1013,217
0,56,121.84592592592593,460.81925925925924,675,218
0,105,248.86066452304394,543.6141479099679,933,219
0,12,24.069375619425173,620.9217046580773,1009,220
0,170,489.99120492524185,1081.1530343007917,1137,221
0,106,247.34622144112478,185.55711775043937,569,222
0,169,486.25745454545455,595.0923636363636,1375,223
0,168,482.09722222222223,65.92948717948718,936,224
0,166,468.48070175438596,1116.3649122807017,855,225
0,165,470.2698145025295,1051.8465430016863,1186,226
0,164,465.80347448425624,214.78935939196526,921,227
0,162,463.33304423243715,95.02341717259324,1153,229
0,160,441.6019522776573,953.6930585683297,922,230
0,157,427.7120181405896,832.5578231292517,882,231
0,155,425.54862579281183,417.0158562367865,946,232
0,154,420.5833333333333,1273.8232931726907,996,233
0,152,411.48602794411175,1139.9700598802394,1002,234
0,151,411.2304189435337,618.1138433515483,1098,235
0,161,451.02477477477476,1248.0292792792793,888,236
0,150,404.4020618556701,940.4033505154639,776,237
0,172,488.0288582183187,561.267252195734,797,238
0,174,491.6969147005445,907.557168784029,551,239
0,189,544.2969502407705,254.9967897271268,623,240
0,188,544.3613916947251,167.84175084175084,891,241
0,187,542.5703703703704,1031.015873015873,945,242
0,186,536.6896551724138,1209.1401557285874,899,243
0,185,530.8225629791895,1103.881708652793,913,244
0,183,526.1689497716895,1238.447488584475,876,245
0,173,494.7503987240829,797.2695374800638,1254,246
0,182,513.128068303095,62.56136606189968,937,247
0,180,511.57724425887267,542.1440501043842,958,248
0,179,502.7001023541453,393.14636642784035,977,249
0,178,500.83860045146724,1112.7505643340858,886,250
0,177,500.1612515042118,436.0481347773767,831,251
0,176,494.4299634591961,1150.3702801461632,821,252
0,175,491.2836468885673,931.0231548480463,691,253
0,181,512.8490945674044,262.3782696177062,994,254
0,149,403.2790322580645,849.3112903225806,620,255
0,159,434.8946684005202,271.6436931079324,769,256
0,146,389.9475935828877,1283.6823529411765,935,257
0,123,323.7631041524847,395.3287950987066,1469,258
0,122,313.2160087719298,557.9100877192982,912,259
0,121,302.62702702702705,816.9810810810811,740,260
0,120,303.4173669467787,497.1185807656396,1071,261
0,119,301.1408163265306,1118.7357142857143,980,262
0,147,399.07744874715263,813.4495064540623,1317,263
0,117,299.5877777777778,702.2966666666666,900,264
0,116,293.9556786703601,791.2008310249307,722,265
0,115,291.21,1316.4144444444444,900,266
0,113,290.37754010695187,628.8994652406417,935,267
0,112,283.4215053763441,394.4129032258065,930,268
0,111,278.7739288969918,919.436645396536,1097,269
0,110,263.92563081009297,429.1899070385126,753,270
0,109,262.55852156057495,77.90965092402465,974,271
0,108,253.60251572327044,387.8389937106918,795,272
0,124,321.6556603773585,462.42452830188677,848,273
0,126,330.27546501328607,1259.0389725420725,1129,274
0,118,300.4920273348519,366.871298405467,878,275
0,128,337.86575562700966,342.4646302250804,1244,276
0,127,328.9040511727079,801.8571428571429,938,277
0,144,382.47066666666666,651.268,750,278
0,143,384.10113339145596,1055.7733217088055,1147,279
0,141,376.2081526452732,1021.5602775368603,1153,280
0,140,375.25762439807386,1113.7512038523275,1246,281
0,138,365.72913992297816,703.9537869062901,779,282
0,137,360.35766423357666,799.6986444212722,959,283
0,145,387.14220183486236,1196.0126146788991,872,284
0,135,356.2269372693727,643.7158671586716,542,285
0,134,357.5580474934037,676.5778364116095,758,286
0,133,351.2966841186736,619.0523560209424,573,287
0,132,348.72207084468664,1211.3269754768392,734,288
0,130,344.851755526658,306.8686605981795,769,289
0,129,339.3325387365912,1314.6984505363528,839,290
0,136,359.9759326113117,391.3513838748496,831,291
1,248,716.258600237248,765.4519572953736,843,3
1,247,709.157980456026,554.8078175895765,614,4
1,246,712.8731563421829,403.54646017699116,1356,5
1,245,701.8893617021276,690.8102127659574,1175,6
1,244,700.3264781491002,735.2973436161096,1167,8
1,242,698.2559523809524,793.3724489795918,1176,15
1,237,683.9989626556016,245.1908713692946,964,12
1,239,685.4655737704918,959.7726775956285,915,11
1,238,688.7857142857143,924.3712715855573,1274,10
1,236,682.4611913357401,1025.4593862815884,1108,13
1,235,671.674486803519,517.1121700879766,1364,14
1,234,668.9175531914893,1205.2109929078015,1128,16
1,233,661.6222038111019,609.6288318144159,1207,35
1,241,693.6548672566372,341.40511307767946,1017,9
1,250,720.605614973262,1091.3208556149732,748,2
1,191,568.9048780487805,335.53333333333336,1230,50
1,252,735.6936127744511,739.3323353293413,1002,17
1,270,767.6565934065934,1297.2289377289378,1092,20
1,269,765.9489685124864,1185.054288816504,921,19
1,268,760.6148148148148,1215.635978835979,945,21
1,267,760.4712755598831,1129.9308666017528,1027,23
1,266,756.5538089480049,919.7726723095526,827,22
1,264,758.6219956300073,435.70575382374363,1373,24
1,263,757.4170305676856,351.4701601164483,1374,33
1,262,754.1195652173913,80.71195652173913,920,27
1,260,746.2980472764646,550.2661870503597,973,28
1,259,742.7075,49.54,800,31
1,258,745.084452975048,19.17658349328215,1042,32
1,256,741.6428571428571,692.5827067669173,798,30
1,255,739.4571657325861,807.9463570856685,1249,18
1,254,736.8397737983034,245.08482563619228,1061,29
1,253,735.1196834817013,1151.656775469832,1011,25
1,251,733.2026936026936,658.2767676767677,1485,7
1,232,656.3861538461539,639.3261538461538,650,34
1,192,569.728,186.351,1000,49
1,230,652.2345013477089,85.40071877807726,1113,55
1,205,595.5741042345277,311.0675895765472,1228,37
1,204,590.6788899900891,923.1645193260654,1009,38
1,203,588.3380952380952,1043.9535714285714,840,39
1,202,594.7632361689471,628.9958358120167,1681,43
1,201,584.6048951048951,404.9778554778555,858,40
1,200,586.4420600858369,796.2206008583692,1165,41
1,206,594.0572687224669,1272.874449339207,908,53
1,199,580.0337224383917,271.23216601815824,771,42
1,197,584.0359861591695,1204.0878892733565,1445,51
1,196,575.1079393398751,1151.7778768956289,1121,45
1,195,575.4753424657534,1114.4171232876713,1460,46
1,194,572.7579983593109,851.2616899097621,1219,47
1,193,568.5268817204301,698.9498207885305,837,48
1,273,769.7697368421053,272.7161654135338,1064,70
1,198,585.0043891733724,130.03803950256034,1367,44
1,207,594.8854166666666,1086.7942708333333,768,54
1,211,600.1324422843256,952.3037667071688,823,52
1,212,603.9115384615385,74.82307692307693,1040,69
1,229,648.1327800829876,215.13775933609958,1205,56
1,228,645.2321857485989,1254.9407526020816,1249,57
1,226,632.971870604782,1216.6371308016878,711,59
1,225,634.2151162790698,516.1594684385382,1204,60
1,224,627.25390625,476.1106770833333,768,61
1,221,617.7765273311898,1237.218649517685,622,293
1,220,620.763181411975,882.6237712243075,1119,62
1,219,621.9353582554517,338.101246105919,1284,63
1,218,614.8800298062594,1319.4172876304024,1342,65
1,217,610.70964360587,1002.4287211740042,954,67
1,216,615.4833333333333,663.2869565217392,1380,64
1,215,607.6609029779058,195.37463976945244,1041,66
1,213,605.4200956937799,252.5799043062201,1045,68
1,231,649.7234600262124,664.7627785058978,763,36
1,274,772.6732929991357,1075.6802074330164,1157,146
1,315,899.8224215246637,1354.780269058296,1115,130
1,276,773.8089887640449,1339.8022471910112,890,294
1,339,973.5993883792049,1163.4495412844037,654,74
1,338,970.7292929292929,1070.7656565656566,495,75
1,337,976.5279850746268,636.4244402985074,1072,76
1,336,970.0319865319865,685.9545454545455,1188,77
1,335,964.8200636942676,1094.9761146496814,628,78
1,333,965.985401459854,101.45547445255474,685,79
1,340,978.7646310432569,145.9732824427481,786,80
1,332,964.3275862068965,1018.472148541114,754,88
1,327,947.2956167176351,814.0642201834862,981,83
1,326,947.5710116731517,1044.2295719844358,1028,82
1,324,938.4833333333333,81.065625,960,84
1,323,940.5186693822131,125.32315003394433,1473,85
1,322,932.5624365482233,1148.4142131979695,985,87
1,321,930.5053892215569,1199.8934131736528,835,86
1,331,964.2930367504836,273.6257253384913,1034,81
1,320,930.9421383647799,1012.9396226415095,795,107
1,341,984.2377952755905,1133.28031496063,1270,89
1,343,988.5494117647058,117.27058823529411,850,91
1,360,1023.0482398956975,805.7301173402868,767,92
1,358,1012.2083333333334,398.8377192982456,912,94
1,357,1013.0617495711836,1096.5771869639793,1166,96
1,356,1011.4668246445498,1272.0710900473935,1266,95
1,355,1008.195652173913,151.55606407322654,874,97
1,354,1001.3563218390805,660.690932311622,783,98
1,342,987.1364846870839,62.79094540612517,1502,90
1,353,1003.3530066815144,617.7461024498887,898,99
1,350,997.0451612903225,766.2709677419355,775,101
1,349,998.2293333333333,1059.3706666666667,1125,104
1,347,994.7846790890269,235.6801242236025,966,103
1,346,993.5933263816476,798.1209593326381,959,102
1,345,993.8286713286714,488.3618881118881,1144,105
1,344,993.5315955766192,871.7725118483412,1266,106
1,351,1000.6402569593148,733.6638115631691,934,100
1,318,918.7082405345211,912.184855233853,898,144
1,317,917.2893617021276,344.822695035461,705,109
1,316,912.5581210191083,549.3017515923567,1256,110
1,291,827.8747731397459,775.9219600725953,1102,112
1,289,825.004965243297,820.0307845084409,1007,114
1,288,818.6592797783934,264.084487534626,722,116
1,287,818.3653846153846,146.39743589743588,624,115
1,286,803.9613526570048,20.468599033816425,828,118
1,285,803.6426202321725,1287.2985074626865,1206,119
1,292,826.7704728950404,593.0980392156863,867,113
1,284,801.018147086915,51.94269340974212,1047,125
1,282,797.0221674876848,1320.142857142857,812,121
1,281,794.0081300813008,662.5884146341464,984,122
1,280,783.4694471387003,694.5935984481087,1031,124
1,279,780.4480620155039,178.168992248062,645,73
1,278,785.135265700483,394.944099378882,1449,123
1,277,778.549896049896,634.0259875259875,962,72
1,283,801.0561471442401,1237.5275895450145,1033,120
1,293,835.7279187817259,852.4578680203045,985,111
1,297,842.7704545454545,433.2852272727273,880,126
1,299,847.7977386934673,1206.8090452261306,796,128
1,314,900.7998317914214,128.6963835155593,1189,129
1,313,894.5567951318459,463.579107505071,986,131
1,312,892.9534643226474,496.7600827300931,967,134
1,311,894.7909896602658,1308.129246676514,1354,132
1,310,890.9426934097421,901.9493791786056,1047,133
1,309,888.5446428571429,775.5854591836735,784,135
1,308,888.6020408163265,629.530612244898,784,136
1,306,878.8092643051771,1266.566757493188,734,138
1,305,877.4224037339557,1236.8658109684948,857,139
1,304,874.0600858369098,823.0118025751073,932,141
1,303,875.2450142450142,525.7958214624881,1053,140
1,302,858.4836415362731,1182.1522048364154,703,142
1,301,853.6939953810623,577.054272517321,866,143
1,300,852.6726926736442,278.45385347288294,1051,127
1,275,776.4328231292517,1261.3971088435374,1176,71
1,190,563.9165596919127,1250.6996148908856,779,108
1,108,263.73056994818654,428.5064766839378,772,270
1,188,560.75,939.4407327586207,928,198
1,74,183.2572864321608,475.34773869346736,995,163
1,73,174.9952606635071,34.323459715639814,844,154
1,72,171.8342541436464,252.15745856353593,724,149
1,71,175.42387543252596,862.1730103806228,1156,148
1,70,170.97435897435898,670.4535809018568,1131,150
1,69,161.340206185567,615.1529209621993,582,152
1,75,186.9231473010064,739.384263494968,1093,164
1,68,166.79595278246205,96.1424957841484,1186,151
1,66,158.16042780748663,641.2754010695187,748,155
1,64,152.58904109589042,1225.7271689497718,876,162
1,62,150.7956064947469,1258.473734479465,1047,157
1,61,152.71591908531224,1080.896218117854,1137,158
1,60,141.92972181551977,324.1800878477306,683,159
1,67,163.71803278688526,63.36612021857923,915,153
1,76,180.29861111111111,764.8217592592592,432,295
1,77,184.60643015521063,787.6674057649667,902,296
1,78,188.14834024896265,594.7354771784233,964,165
1,102,246.42571127502634,600.6606954689147,949,182
1,100,240.34628378378378,208.41722972972974,592,166
1,98,231.94988066825775,1256.9630071599045,838,167
1,96,228.9164396003633,667.7502270663034,1101,168
1,94,228.87481031866466,52.53034901365706,1318,169
1,93,227.36146272855134,1106.8403656821379,1422,170
1,92,217.71890145395798,590.3861066235864,619,171
1,89,218.83580705009277,556.7337662337662,1078,172
1,88,208.7027417027417,617.97113997114,693,173
1,86,201.4490785645005,398.5625606207565,1031,176
1,85,198.79236812570147,249.06397306397307,891,177
1,84,200.68971962616823,1169.214953271028,1070,175
1,83,198.1030701754386,1220.877192982456,912,178
1,81,198.58744038155803,113.89904610492846,1258,179
1,80,194.1906653426018,310.01588877855016,1007,180
1,59,147.6507806080526,788.1544782251437,1217,160
1,103,249.35828343313372,542.4321357285429,1002,219
1,56,135.46857142857144,1171.1314285714286,1050,181
1,54,126.75716845878136,710.1532258064516,1116,184
1,28,62.9140625,312.98871527777777,1152,191
1,26,55.758278145695364,1289.650110375276,906,186
1,25,62.62106350025813,626.2178626742385,1937,188
1,24,55.38262476894639,1204.746765249538,1082,187
1,21,48.04328523862375,760.7502774694783,901,189
1,20,47.76282590412111,673.407905803196,1189,190
1,32,72.58340248962655,780.0439834024896,1205,200
1,19,39.66119770303528,473.39130434782606,1219,192
1,17,36.97900466562986,1103.5443234836703,1286,193
1,13,28.014642549526272,563.2592592592592,1161,195
1,12,25.099343955014056,1264.3758200562324,1067,197
1,11,22.903096903096902,999.3406593406594,1001,0
1,10,22.882579403272377,620.279114533205,1039,220
1,189,567.9015748031496,80.51889763779528,1270,145
1,18,35.05865921787709,971.2905027932961,716,199
1,33,70.51925320886815,1067.8494749124854,857,201
1,34,77.43231441048034,1229.1484716157206,916,202
1,35,82.15569972196478,48.72474513438369,1079,217
1,53,121.68073136427567,461.57102672292547,711,218
1,51,121.14580369843527,761.3051209103841,1406,203
1,50,116.81404174573055,1062.1726755218217,1054,204
1,49,107.55287569573284,1324.1066790352504,1078,205
1,48,105.56463288521199,410.277145811789,967,207
1,47,105.26547921967769,830.0296861747244,1179,206
1,46,104.8109495295124,201.0350727117194,1169,208
1,45,103.1836917562724,1159.84229390681,1116,209
1,44,99.56566970091028,611.7126137841352,769,211
1,43,96.59977827050997,469.4068736141907,902,210
1,41,96.38376068376068,650.5863247863248,1170,212
1,39,94.07923269391159,508.5679733110926,1199,213
1,38,93.08839779005525,580.2138910812944,1267,214
1,37,89.90155945419103,282.47173489278754,1026,215
1,36,82.43934426229508,1263.2437158469945,915,216
1,55,133.8102466793169,235.49146110056927,1054,183
1,104,246.99146757679182,184.67235494880546,586,222
1,58,143.71146245059288,440.75790513833994,1012,161
1,107,262.5217391304348,76.8675429726997,989,271
1,168,483.92605633802816,560.3838028169014,852,238
1,167,486.85840108401084,595.4552845528456,1476,223
1,166,481.58225324027916,64.78564307078764,1003,224
1,164,467.4211123723042,1115.2803632236096,881,225
1,163,469.8498808578237,1049.2184273232724,1259,226
1,162,465.80669546436286,214.36933045356372,926,227
1,160,462.6475409836066,93.97049180327869,1220,229
1,158,440.9706457925636,953.3962818003914,1022,230
1,157,435.0859671302149,269.96965865992416,791,256
1,156,431.10755555555556,122.35555555555555,1125,297
1,155,428.21572794899043,830.6950053134963,941,231
1,153,425.5804828973843,416.3672032193159,994,232
1,152,421.0112888052681,1273.3226716839135,1063,233
1,159,451.2002129925453,1247.1054313099041,939,236
1,171,494.6846715328467,796.3700729927008,1370,246
1,172,491.1869158878505,904.5869158878505,535,239
1,173,494.2450638792102,1148.9349593495936,861,252
1,187,545.1241655540721,166.69292389853138,749,241
1,105,252.03855421686748,386.73975903614456,830,272
1,186,544.3727399165508,410.2058414464534,719,147
1,185,544.0900321543409,254.11093247588425,622,240
1,184,541.5330049261083,1029.8788177339902,1015,242
1,183,537.2053388090349,1206.958932238193,974,243
1,182,530.6220633299286,1103.3748723186925,979,244
1,181,526.0509209100759,1237.4225352112676,923,245
1,180,513.8698845750263,60.28541448058762,953,247
1,179,512.9314671814672,261.5550193050193,1036,254
1,178,509.3076208178439,541.4888475836432,1076,248
1,177,502.1592039800995,392.28855721393035,1005,249
1,176,499.8497807017544,1112.9024122807018,912,250
1,175,499.39289940828405,435.1337278106509,845,251
1,174,493.7130307467057,926.7320644216691,683,253
1,150,411.3018147086915,1138.9980897803248,1047,234
1,149,411.23890784982933,617.0443686006826,1172,235
1,169,489.3961952026468,1080.0306038047975,1209,221
1,119,303.2493827160494,819.5777777777778,810,260
1,124,330.198347107438,1258.0471074380166,1210,274
1,122,321.1647855530474,461.4356659142212,886,273
1,121,323.90554821664466,394.33487450462354,1514,258
1,120,312.7122002085506,556.7028154327425,959,259
1,118,301.2480916030534,1118.1173664122136,1048,262
1,117,299.5236559139785,701.7537634408602,930,264
1,126,337.55837173579107,341.4377880184332,1302,276
1,116,300.23177366702936,364.9194776931447,919,275
1,114,298.02869198312237,497.74852320675103,1185,261
1,113,291.2655246252677,1315.6017130620985,934,266
1,112,290.2,628.3686868686868,990,267
1,110,283.0285132382892,394.0458248472505,982,268
1,148,402.5241809672387,848.1029641185647,641,255
1,109,277.6741674167417,917.4284428442844,1111,269
1,115,294.07115628970774,791.8500635324016,787,265
1,127,338.93158494868874,1313.6385404789053,877,290
1,125,328.9531090723751,801.3710499490315,981,277
1,139,376.39018503620275,1019.8769106999196,1243,280
1,144,389.125,1282.8597560975609,984,257
1,143,387.12433011789926,1192.8220793140408,933,284
1,142,386.4469578783151,1054.99375975039,1282,279
1,141,381.531211750306,649.9400244798042,817,278
1,128,343.4890885750963,305.7650834403081,779,289
1,138,375.1123595505618,1112.5340823970037,1335,281
1,136,365.6870415647922,703.6540342298289,818,282
1,135,361.42412060301507,798.6221105527638,995,283
1,134,359.66550116550115,390.488344988345,858,291
1,133,356.7544080604534,675.2833753148615,794,286
1,132,352.4704684317719,647.0875763747454,491,285
1,131,350.90679304897316,619.5308056872038,633,287
1,130,348.6890410958904,1210.9657534246576,730,288
1,145,395.77233042310274,813.9039623908664,1489,263
1,147,402.8341288782816,938.2505966587112,838,237
2,241,699.693220338983,734.4398305084745,1180,8
2,240,697.5302127659575,793.0859574468085,1175,15
2,245,709.5815950920245,552.9950920245399,815,4
2,244,712.1304347826087,402.77879481311976,1311,5
2,239,693.5968169761273,1337.026525198939,754,298
2,242,702.328665568369,690.2405271828666,1214,6
2,238,693.2371916508539,340.38045540796963,1054,9
2,268,765.3114427860696,1185.129353233831,1005,19
2,235,684.9084287200833,958.9469302809573,961,11
2,234,682.914314516129,244.21572580645162,992,12
2,233,682.2508771929824,1024.8561403508772,1140,13
2,230,670.9588839941263,517.4948604992658,1362,14
2,229,668.2673702726473,1205.7088830255057,1137,16
2,246,715.9138121546962,764.8254143646409,905,3
2,228,660.4718844984802,609.322188449848,1316,35
2,237,687.0402298850574,926.0019157088122,1044,10
2,248,721.1363636363636,1090.3452088452088,814,2
2,267,758.6535141800247,1215.8828606658446,811,21
2,250,735.6393762183236,738.687134502924,1026,17
2,227,649.2920863309353,663.6374100719424,695,36
2,270,768.457249070632,1297.1524163568772,1076,20
2,266,760.3636363636364,1128.8059866962305,902,23
2,265,756.118171683389,919.025641025641,897,22
2,264,756.8271844660194,216.90582524271844,1030,26
2,263,758.044776119403,434.47985074626865,1340,24
2,262,757.0100619195047,351.2229102167183,1292,33
2,261,753.9563894523327,79.54969574036511,986,27
2,258,745.5051643192488,549.256338028169,1065,28
2,257,742.0763473053893,49.05239520958084,668,31
2,255,741.7693282636249,691.5804816223067,789,30
2,254,739.2528589580686,1354.151207115629,787,299
2,253,739.9287469287469,807.2276822276822,1221,18
2,252,736.6791393826005,244.2310570626754,1069,29
2,251,735.3633828996283,1150.013940520446,1076,25
2,249,732.6350777934937,657.7687411598303,1414,7
2,226,652.241592920354,84.27433628318585,1130,55
2,186,563.5230934479055,1250.4822771213749,931,108
2,224,645.668493150685,1254.5214611872145,1095,57
2,198,586.2868400315209,797.451536643026,1269,41
2,197,584.0178010471204,403.80314136125656,955,40
2,196,583.9363867684478,126.16030534351145,1179,44
2,195,583.4149013878744,1203.7962016070123,1369,51
2,194,579.0303738317757,270.59696261682245,856,42
2,193,574.7390527256479,1151.1268990169795,1119,45
2,192,575.6139534883721,1114.582945736434,1290,46
2,191,572.1417848206839,850.9549624687239,1199,47
2,190,569.6243854473943,185.13176007866272,1017,49
2,189,568.0769230769231,697.8783783783783,962,48
2,188,568.5272879932829,334.74139378673385,1191,50
2,187,567.3401471790679,79.62142273098937,1223,145
2,185,559.3045738045738,938.1299376299377,962,198
2,271,768.9246183206106,272.57824427480915,1048,70
2,184,544.5667539267016,252.59947643979058,764,240
2,199,588.2736196319019,1043.0319018404907,815,39
2,225,648.1312551271534,214.58654634946677,1219,56
2,200,594.4514321295143,628.7490660024906,1606,43
2,202,595.4354275741711,310.68411867364745,1146,37
2,223,633.2749003984064,1216.0239043824702,753,59
2,222,633.2668977469671,516.3821490467938,1154,60
2,221,627.7087845968713,474.5511432009627,831,61
2,218,618.7279202279202,1238.931623931624,702,293
2,217,620.4981981981982,881.7963963963964,1110,62
2,216,621.2696897374701,337.0517104216388,1257,63
2,215,614.5377492877493,1320.101851851852,1404,65
2,214,611.2430484037075,1001.0144181256437,971,67
2,213,616.1469933184856,663.1395694135115,1347,64
2,212,606.3094555873926,192.71489971346705,698,66
2,210,604.1886964448496,251.01823154056518,1097,68
2,209,603.6460176991151,73.81219272369715,1017,69
2,207,599.7710330138445,953.1160809371672,939,52
2,204,594.2525597269624,1086.4539249146758,879,54
2,203,593.704845814978,1271.7808370044054,908,53
2,201,590.5682692307693,921.748076923077,1040,38
2,272,772.4460370994941,1074.4426644182124,1186,146
2,358,1012.5978456014362,1096.0834829443447,1114,96
2,275,776.6856561546286,1261.7517802644963,983,71
2,339,975.5794306703398,635.6179981634527,1089,76
2,338,970.7741379310345,1069.0896551724138,580,75
2,337,972.3888354186718,682.7824831568817,1039,77
2,335,964.4405286343613,1094.0807635829663,681,78
2,332,963.7833182230281,271.59111514052586,1103,81
2,331,953.2895833333333,719.90625,960,300
2,328,947.3109004739337,1042.8398104265402,1055,82
2,327,946.6360887096774,813.0403225806451,992,83
2,326,940.1865509761388,678.5661605206074,922,301
2,325,938.7938325991189,81.09955947136564,1135,84
2,324,940.6305609284333,123.66408768536428,1551,85
2,323,927.9384615384615,1011.1472527472528,455,107
2,322,932.2802030456853,1147.3319796954315,985,87
2,321,930.4388888888889,1199.2377777777779,900,86
2,319,918.891581632653,915.0892857142857,784,144
2,340,973.6080892608089,1162.376569037657,717,74
2,318,917.3092269326684,343.59102244389027,802,109
2,341,977.0850801479655,145.84217016029592,811,80
2,343,986.546190155091,62.6136210384356,1483,90
2,183,544.4490797546013,410.0147239263804,815,147
2,362,1022.4025974025974,806.318772136954,847,92
2,359,1012.060606060606,397.6947250280584,891,94
2,357,1010.2125603864735,1270.8703703703704,1242,95
2,356,1008.3939698492462,150.6542713567839,995,97
2,355,1003.6508438818565,617.0590717299579,948,99
2,354,1001.1243576567317,660.2600205549846,973,98
2,353,1000.5220883534137,732.6154618473896,996,100
2,352,998.2696078431372,1059.1382352941177,1020,104
2,351,996.828331332533,765.3481392557023,833,101
2,350,994.3923395445134,235.07971014492753,966,103
2,348,992.6438356164383,797.145416227608,949,102
2,347,993.8311345646438,487.65435356200527,1137,105
2,346,992.8176470588236,871.1890756302521,1190,106
2,345,988.7085828343313,115.96606786427145,1002,91
2,342,983.6326180257511,1132.1527896995708,1165,89
2,274,773.5532150776053,1339.139689578714,902,294
2,316,912.1703767123288,547.5736301369863,1168,110
2,314,899.4486531986532,1354.313973063973,1188,130
2,291,827.6043668122271,775.5414847161572,1145,112
2,290,824.6124744376278,818.7627811860941,978,114
2,289,825.3122317596567,198.45171673819743,932,303
2,288,818.7736777367774,263.32349323493236,813,116
2,287,817.7364568081991,145.58711566617862,683,115
2,285,803.9501698754246,19.91166477916195,883,118
2,284,803.8024911032029,1287.0551601423488,1124,119
2,283,799.3261538461538,51.56307692307692,975,125
2,282,798.0046403712297,1320.0568445475637,862,121
2,281,800.1941564561735,1237.8586239396795,1061,120
2,280,793.6447368421053,662.495951417004,988,122
2,279,785.8477564102565,393.7435897435897,1248,123
2,278,783.1123809523809,693.9923809523809,1050,124
2,277,779.8088942307693,177.91826923076923,832,73
2,276,778.2734611503532,632.8546922300707,991,72
2,292,827.096463022508,593.9281886387996,933,113
2,315,901.221044045677,127.57504078303425,1226,129
2,293,835.7556427870461,851.3797841020609,1019,111
2,296,842.6732240437159,432.2448087431694,915,126
2,313,894.1455301455302,463.3056133056133,962,131
2,312,894.906015037594,1307.7954887218045,1330,132
2,311,892.8308605341247,496.45697329376856,1011,134
2,310,891.2275334608031,900.6204588910134,1046,133
2,308,888.2369337979094,774.7421602787457,861,135
2,307,888.4166666666666,628.4833333333333,900,136
2,306,877.4010217113665,1265.7828863346106,783,138
2,305,877.4713958810069,1236.2036613272312,874,139
2,304,874.7598499061913,524.829268292683,1066,140
2,303,873.9318885448916,822.1971104231167,969,141
2,302,857.7165450121654,1182.632603406326,822,142
2,301,853.6569579288026,576.3710895361381,927,143
2,300,852.5864374403056,277.0974212034384,1047,127
2,299,845.735401459854,1206.6678832116788,548,128
2,298,845.5658073270014,142.14518317503394,737,302
2,294,837.2996632996633,170.24915824915826,891,117
2,182,544.9054916985951,166.07024265644955,783,241
2,103,261.91509433962267,76.22830188679245,1060,271
2,180,537.109631147541,1205.767418032787,976,243
2,68,169.64254062038404,255.98818316100443,677,149
2,67,170.67387543252596,669.9991349480969,1156,150
2,66,167.18326693227093,96.04083665338645,1004,151
2,65,161.34019204389574,614.1700960219479,729,152
2,64,163.45419479267116,63.34811957569913,1037,153
2,63,158.47536231884058,641.2898550724638,690,155
2,61,152.68176914778857,1225.175836030205,927,162
2,60,150.7802093244529,1258.1579448144623,1051,157
2,59,151.57359500446032,1080.442462087422,1121,158
2,57,147.0635838150289,788.2526837324525,1211,160
2,56,141.74364896073902,323.1062355658199,866,159
2,55,141.66222645099904,441.4557564224548,1051,161
2,54,135.34055118110237,1170.833661417323,1016,181
2,53,133.5439856373429,234.80341113105925,1114,183
2,69,174.58927000879507,861.0114335971856,1137,148
2,52,121.54068716094032,465.3978300180832,553,218
2,70,175.1399798590131,32.72205438066465,993,154
2,73,184.4463768115942,786.3603864734299,1035,296
2,93,228.2069597069597,667.0677655677656,1092,168
2,92,228.93118922961855,51.70082273747195,1337,169
2,88,217.39642324888226,589.2548435171386,671,171
2,87,218.64537654909438,556.4938036224976,1049,172
2,86,207.91014120667523,616.7047496790757,779,173
2,85,206.56900212314224,280.02547770700636,942,174
2,83,200.86478873239437,397.7464788732394,1065,176
2,82,198.50304259634888,1220.7008113590264,986,178
2,81,198.72291666666666,247.67604166666666,960,177
2,80,198.56576728499158,1167.0910623946038,1186,175
2,79,197.9417781274587,113.78442171518489,1271,179
2,78,194.19398642095052,309.7187196896217,1031,180
2,77,189.66221765913758,198.59753593429159,974,304
2,75,187.3717805151176,593.6069428891377,893,165
2,74,186.86528497409327,739.7374784110535,1158,164
2,72,182.67461832061068,474.27958015267177,1048,163
2,94,233.35665694849368,1284.7424684159378,1029,309
2,51,127.33572710951526,707.9174147217235,1114,184
2,49,116.34249084249085,1061.7710622710622,1092,204
2,26,55.86423841059602,1288.8752759381898,906,186
2,25,55.848180677540775,737.8946047678795,797,185
2,24,55.015726179463456,1203.867715078631,1081,187
2,23,51.782051282051285,139.80769230769232,780,305
2,22,44.73271889400922,113.10599078341014,651,306
2,21,47.44271685761048,673.2037643207856,1222,190
2,20,43.25154130702836,762.4327990135635,811,189
2,19,39.24250214224507,472.5012853470437,1167,192
2,18,34.82608695652174,971.0615942028985,828,199
2,17,36.613821138211385,1102.489430894309,1230,193
2,14,29.53680981595092,319.6226993865031,978,194
2,13,28.054755043227665,566.0410662824207,1388,195
2,11,23.839154411764707,619.6332720588235,1088,220
2,10,21.54319654427646,998.792656587473,926,0
2,181,541.2178121974831,1029.272023233301,1033,242
2,27,63.286384976525824,623.625,1704,188
2,50,120.47019867549669,760.663723325975,1359,203
2,28,62.671628721541154,312.2127845884413,1142,191
2,32,72.53253012048192,779.7204819277108,1245,200
2,48,106.83714285714285,1323.64,1050,205
2,47,105.07599629286376,410.07506950880446,1079,207
2,46,104.81961762261014,828.9160432252702,1203,206
2,45,104.7737407101569,200.4054500412882,1211,208
2,44,103.37013574660634,1159.9773755656108,1105,209
2,43,96.28435517970402,467.7706131078224,946,210
2,41,95.6352422907489,649.4052863436124,1135,212
2,40,93.73288814691152,507.41819699499166,1198,213
2,39,94.80387931034483,581.0969827586207,1392,214
2,38,89.58141962421712,944.4467640918581,958,307
2,37,89.46883720930232,282.1460465116279,1075,215
2,36,82.7519042437432,1263.051142546246,919,216
2,35,81.72942206654992,47.69789842381786,1142,217
2,34,77.01184068891281,1228.654467168999,929,202
2,33,70.63774403470715,1067.5173535791757,922,201
2,30,58.11079545454545,1257.9488636363637,352,308
2,95,234.5512528473804,1253.9031890660592,878,167
2,12,24.886491557223266,1263.797373358349,1066,197
2,97,242.59267015706806,1218.6167539267017,955,310
2,156,450.4860103626943,1246.9098445595855,965,236
2,155,440.87521663778165,951.3327556325823,1154,230
2,154,434.78923253150055,269.205040091638,873,256
2,153,430.91126885536823,121.78349600709849,1127,297
2,152,427.8602261048304,829.6844809866393,973,231
2,151,425.88207094918505,416.1131351869607,1043,232
2,158,463.0999138673557,93.74332472006891,1161,229
2,150,426.1907356948229,350.63487738419616,1101,311
2,148,405.15384615384613,788.2782805429864,442,263
2,147,410.9166666666667,1138.4408914728683,1032,234
2,146,410.34017094017094,616.5188034188034,1170,235
2,145,402.36170212765956,846.9308510638298,752,255
2,144,402.81879194630875,937.5581655480985,894,237
2,141,388.5753694581281,1282.4551724137932,1015,257
2,149,420.4967741935484,1272.5271889400922,1085,233
2,159,466.18955512572535,214.31141199226306,1034,227
2,160,469.030794165316,1049.0591572123176,1234,226
2,161,467.2469410456062,1114.3882091212458,899,225
2,96,235.65942028985506,1332.6545893719806,828,312
2,178,525.784375,1236.1510416666667,960,245
2,175,512.0018315018315,259.739010989011,1092,254
2,174,508.3795493934142,540.4003466204506,1154,248
2,173,502.10511089681773,391.3191899710704,1037,249
2,172,499.8183783783784,1112.1794594594594,925,250
2,171,498.907995618839,434.00876232201534,913,251
2,170,494.55538461538464,926.9523076923077,650,253
2,169,493.8084415584416,1148.0963203463205,924,252
2,168,490.74449339207047,904.3450807635829,681,239
2,166,493.8926223520818,795.6464572680788,1369,246
2,165,489.3623813632442,1079.618636755824,1159,221
2,164,484.5937940761636,560.7588152327221,709,238
2,163,486.9972583961618,595.0404386566141,1459,223
2,162,481.09435797665367,64.31809338521401,1028,224
2,140,384.8343495934959,1192.1067073170732,984,284
2,139,384.0687747035573,1054.7193675889328,1265,279
2,176,513.8212890625,59.53125,1024,247
2,137,380.880081300813,1351.8658536585365,984,313
2,114,299.6713062098501,700.7740899357601,934,264
2,113,300.55534351145036,365.4083969465649,1048,275
2,111,293.819830713422,791.1535671100363,827,265
2,110,295.41112956810633,498.23671096345515,1204,261
2,109,290.7273631840796,1315.265671641791,1005,266
2,138,381.38461538461536,649.8925339366516,884,278
2,107,285.2832298136646,1163.4596273291925,805,314
2,106,283.0230607966457,393.9350104821803,954,268
2,105,277.04739776951675,916.8262081784386,1076,269
2,104,263.62279670975323,426.8425381903643,851,270
2,179,530.8716632443532,1102.5205338809035,974,244
2,102,251.85106382978722,386.0382978723404,940,272
2,101,246.88578680203045,184.32994923857868,788,222
2,99,245.92292490118578,600.3517786561265,1012,182
2,100,248.69064748201438,542.3247687564234,973,219
2,115,301.2926136363636,1117.247159090909,1056,262
2,116,302.64835164835165,818.9876373626373,728,260
2,108,289.852492370295,627.5422177009156,983,267
2,118,321.103802672148,460.51593011305243,973,273
2,136,376.2217465753425,1019.1909246575342,1168,280
2,117,312.4751269035533,555.6832487309645,985,259
2,133,365.2156177156177,702.7342657342657,858,282
2,132,361.5950334288443,798.127029608405,1047,283
2,131,358.9209486166008,389.9624505928854,1012,291
2,130,356.6140979689367,674.5937873357228,837,286
2,129,351.1860068259386,646.3259385665528,586,285
2,134,374.4512578616352,1112.1430817610062,1272,281
2,127,348.2080378250591,1209.840425531915,846,288
2,125,343.9837962962963,304.9016203703704,864,289
2,124,338.37252747252745,1312.765934065934,910,290
2,123,337.4571865443425,341.1330275229358,1308,276
2,122,329.62728785357734,1257.2662229617304,1202,274
2,121,328.3576354679803,801.0068965517241,1015,277
2,119,323.4492282696994,394.1779041429732,1231,258
2,128,350.25068493150684,617.7972602739726,730,287
3,252,733.1645484949833,657.3364548494983,1495,7
3,251,721.1206030150754,1090.0904522613066,796,2
3,249,716.6109215017065,764.3902161547213,879,3
3,248,709.4784615384615,553.8492307692308,650,4
3,247,712.829090909091,401.97236363636364,1375,5
3,243,693.7513661202186,1336.8715846994535,732,298
3,245,700.0928270042194,734.3417721518987,1185,8
3,244,698.13127090301,792.1655518394649,1196,15
3,242,693.6848934198332,340.3021316033364,1079,9
3,240,685.2129237288135,959.1705508474577,944,11
3,239,688.7942768754833,923.4168600154679,1293,10
3,238,683.1384317521781,244.48305905130687,1033,12
3,246,702.252259654889,689.5710764174199,1217,6
3,253,735.5968448729185,242.57756354075372,1141,29
3,274,768.43709825528,1297.097337006428,1089,20
3,255,735.7649289099526,1151.1800947867298,1055,25
3,276,772.4844020797227,1072.6941074523397,1154,146
3,273,769.0871143375681,272.7313974591652,1102,70
3,271,765.8225152129818,1184.8640973630831,986,19
3,270,759.1269841269841,1216.0613756613757,945,21
3,269,760.541910331384,1128.817738791423,1026,23
3,268,756.6313416009019,918.7361894024802,887,22
3,267,757.2159434914228,217.25731584258324,991,26
3,266,758.4844315713251,434.0622737146995,1381,24
3,265,757.3630481667865,350.90869877785764,1391,33
3,264,754.0130260521042,79.3867735470942,998,27
3,262,746.7805825242718,549.2980582524272,1030,28
3,261,743.5786240786241,691.1474201474201,814,30
3,259,742.6046511627907,49.16925064599483,774,31
3,257,739.3157216494845,1353.840206185567,776,299
3,256,740.1051344743277,806.7220863895681,1227,18
3,254,736.1457925636008,738.1056751467711,1022,17
3,237,682.7066436583261,1024.5064710957722,1159,13
3,216,612.2300518134715,1001.3347150259067,965,67
3,234,669.0382608695652,1206.3660869565217,1150,16
3,205,594.0011210762332,1271.6434977578476,892,53
3,204,595.6088353413654,310.0538152610442,1245,37
3,202,591.0505514705883,921.2886029411765,1088,38
3,201,588.609375,1042.8245192307693,832,39
3,200,594.4932313125368,628.2077692760447,1699,43
3,199,586.1660958904109,795.0804794520548,1168,41
3,207,595.0526946107784,1085.5592814371257,835,54
3,198,584.1354279523293,403.7703141928494,923,40
3,196,584.1089655172414,1203.0193103448275,1450,51
3,195,578.9548611111111,270.8900462962963,864,42
3,194,575.0438981562775,1151.0667251975417,1139,45
3,193,575.9846153846154,1113.7034965034966,1430,46
3,277,775.8595258999122,1260.9315188762073,1139,71
3,192,572.9444444444445,851.1380952380953,1260,47
3,197,585.070536370316,127.70536370315943,1361,44
3,211,603.8342696629213,74.02153558052434,1068,69
3,212,605.1389645776567,251.91099000908264,1101,68
3,214,607.9724576271186,194.42266949152543,944,66
3,233,657.4352409638554,638.5753012048193,664,34
3,232,661.3505392912173,608.7634822804314,1298,35
3,231,649.921052631579,663.5567867036011,722,36
3,230,652.5179916317992,84.09539748953975,1195,55
3,229,648.5772870662461,214.32649842271294,1268,56
3,228,645.9339933993399,1254.1097359735973,1212,57
3,227,633.2898936170212,1215.8550531914893,752,59
3,225,633.728714524207,515.0383973288815,1198,60
3,224,627.7071428571429,474.8404761904762,840,61
3,222,618.1855345911949,1238.0361635220127,636,293
3,220,620.9718309859155,881.5827464788732,1136,62
3,219,621.332323996972,337.5367146101438,1321,63
3,217,614.7915168943206,1318.8871315600288,1391,65
3,215,615.7512332628612,662.4193093727978,1419,64
3,235,671.5863570391872,516.5304789550073,1378,14
3,278,774.1544359255203,1338.60569550931,913,294
3,319,913.0159616919393,547.5307262569833,1253,110
3,280,784.8986629134413,393.98240675580575,1421,123
3,343,974.0689655172414,1162.344827586207,696,74
3,342,969.5567970204842,1069.4003724394786,537,75
3,341,976.0512820512821,635.4014146772768,1131,76
3,340,971.2824427480916,684.1475826972011,1179,77
3,339,964.8245614035088,1094.453216374269,684,78
3,338,966.3790664780764,100.4978783592645,707,79
3,344,977.6230492196879,145.70228091236496,833,80
3,336,964.6411092985318,1017.7079934747145,613,88
3,334,954.4308012486993,719.108220603538,961,300
3,331,947.526740665994,812.9505549949546,991,83
3,330,947.819534883721,1043.1832558139536,1075,82
3,328,938.2509124087592,80.33941605839416,1096,84
3,327,940.7874365482234,124.18147208121827,1576,85
3,326,932.6,1147.2880829015544,965,87
3,335,964.4230406043437,272.82625118035884,1059,81
3,345,984.3203187250996,1132.0764940239044,1255,89
3,346,987.4355044699872,62.25798212005108,1566,90
3,347,990.130658436214,116.10390946502058,972,91
3,363,1022.872009569378,806.7093301435407,836,92
3,190,569.2469597754911,184.87652011225444,1069,49
3,361,1012.5665236051502,397.62982832618025,932,94
3,360,1012.7585616438356,1095.777397260274,1168,96
3,359,1010.8455538221529,1271.063182527301,1282,95
3,358,1008.5977933801404,150.35606820461385,997,97
3,357,1003.783558792924,616.7596253902185,961,99
3,356,1001.5253164556962,659.8132911392405,948,98
3,355,1000.8351324828263,732.2374877330716,1019,100
3,354,997.0272835112693,764.982206405694,843,101
3,353,997.4037600716205,1058.4485228290064,1117,104
3,351,993.8221778221779,234.0989010989011,1001,103
3,350,993.0739644970414,797.3293885601578,1014,102
3,349,994.1545608108108,487.2364864864865,1184,105
3,348,993.6621835443038,870.6455696202531,1264,106
3,325,930.7440543601359,1199.1868629671574,883,86
3,279,778.6903353057199,633.0502958579882,1014,72
3,324,928.141196013289,1011.6129568106312,602,107
3,321,917.494708994709,343.75,756,109
3,294,827.6582417582417,593.921978021978,910,113
3,293,828.1131260794473,775.3367875647668,1158,112
3,292,825.403379091869,198.168954593453,947,303
3,291,824.7093596059113,819.2453201970443,1015,114
3,290,818.8841843088419,264.0473225404732,803,116
3,289,817.8453608247422,145.2120765832106,679,115
3,296,835.9961240310078,851.5019379844962,1032,111
3,288,804.1856823266219,19.64765100671141,894,118
3,286,801.2050092764379,1237.682745825603,1078,120
3,285,798.4616279069768,1319.5848837209303,860,121
3,284,799.0037700282752,51.528746465598495,1061,125
3,283,794.2912142152023,661.8440276406712,1013,122
3,282,781.1353482260184,177.38239159001313,761,73
3,281,782.103317535545,693.363981042654,1055,124
3,287,804.05094494659,1286.393590797042,1217,119
3,297,837.8313120176406,169.61962513781697,907,117
3,299,842.4257641921397,431.9192139737991,916,126
3,301,845.3468057366363,1206.0951760104304,767,128
3,318,899.9522154648132,1353.6542137271938,1151,130
3,317,901.2745411013567,127.2609736632083,1253,129
3,316,894.5602766798419,462.9100790513834,1012,131
3,315,895.4079221681724,1307.4683808200139,1439,132
3,314,893.1300893743794,496.1310824230387,1007,134
3,313,891.2235294117647,900.5511312217194,1105,133
3,312,888.4894366197183,774.4107981220657,852,135
3,311,888.6601382488479,628.1036866359447,868,136
3,309,876.9384816753927,1265.857329842932,764,138
3,308,877.5382022471911,1235.9730337078652,890,139
3,307,874.209939148073,822.1754563894523,986,141
3,306,875.0406137184116,525.0027075812275,1108,140
3,305,857.8100775193799,1181.423772609819,774,142
3,304,854.2510504201681,575.8403361344538,952,143
3,303,852.7654093836246,277.0064397424103,1087,127
3,322,919.4285714285714,913.4849939975991,833,144
3,189,568.7371382636655,334.61977491961414,1244,50
3,191,568.2216035634743,697.9855233853007,898,48
3,187,567.7000771010023,79.48496530454896,1297,145
3,73,183.1343984962406,474.3016917293233,1064,163
3,72,175.633909287257,32.60259179265659,926,154
3,71,175.25495262704564,860.9698535745048,1161,148
3,70,171.01526717557252,252.64885496183206,786,149
3,69,171.16309012875536,669.7510729613734,1165,150
3,68,161.2731411229135,613.8725341426403,659,152
3,74,187.17710196779964,738.5017889087657,1118,164
3,67,166.9277108433735,95.37263339070569,1162,151
3,65,158.55302013422818,640.5422818791947,745,155
3,63,153.12065217391304,1224.8423913043478,920,162
3,62,152.5725593667546,1079.8988566402813,1137,158
3,61,150.68592730661697,1257.6607642124884,1073,157
3,60,147.71143085531574,787.494004796163,1251,160
3,59,142.22800925925927,323.8703703703704,864,159
3,66,163.83625730994152,62.19103313840156,1026,153
3,58,143.02226179875333,440.6447016918967,1123,161
3,75,186.24894957983193,789.875,952,296
3,77,185.6721649484536,765.3443298969072,485,295
3,98,236.31289910600256,1332.1558109833973,783,312
3,97,233.07142857142858,1255.3370535714287,896,167
3,95,228.77558348294434,666.749551166966,1114,168
3,93,229.12820512820514,51.322649572649574,1404,169
3,91,218.41017964071855,589.1332335329341,668,171
3,88,218.92265696087352,555.656050955414,1099,172
3,76,188.4659090909091,593.1632231404959,968,165
3,87,208.59892328398385,617.1063257065949,743,173
3,85,199.61642411642413,248.3950103950104,962,177
3,84,199.94986326344576,1168.574293527803,1097,175
3,83,201.39729729729729,397.7009009009009,1110,176
3,81,198.60739979445015,1220.071942446043,973,178
3,80,195.13425925925927,309.7990740740741,1080,180
3,79,198.23243243243243,113.80617760617761,1295,179
3,86,206.72505307855627,279.68152866242036,942,174
3,56,135.69671361502347,1170.668544600939,1065,181
3,54,121.58309455587393,463.512893982808,698,218
3,53,128.06881533101046,707.3275261324042,1148,184
3,26,64.05194805194805,623.1527272727272,1925,188
3,25,56.35351351351351,1288.5037837837838,925,186
3,24,55.19220308250227,1203.8721668177698,1103,187
3,21,48.16921837228042,672.6647864625302,1241,190
3,20,44.5259900990099,762.0061881188119,808,189
3,19,35.60772104607721,970.3698630136986,803,199
3,27,57.29345088161209,738.896725440806,794,185
3,18,39.617293835068054,472.43314651721374,1249,192
3,14,29.37913741223671,318.987963891675,997,194
3,13,26.96323529411765,562.6437908496732,1224,195
3,12,24.997224791859388,1263.594819611471,1081,197
3,11,23.773743016759777,618.9748603351956,1074,220
3,10,22.203061224489797,998.5336734693877,980,0
3,188,564.0836158192091,1249.9016949152542,885,108
3,17,36.81185770750988,1102.1723320158103,1265,193
3,28,62.89934533551555,311.8175122749591,1222,191
3,32,72.94574898785424,778.5854251012146,1235,200
3,33,70.89345172031076,1067.1587125416204,901,201
3,51,121.2051649928264,759.9892395982783,1394,203
3,50,116.59763851044505,1061.273387829246,1101,204
3,48,105.92917847025495,409.97355996222853,1059,207
3,47,104.73193277310925,829.1840336134454,1190,206
3,46,105.08088235294117,200.1282679738562,1224,208
3,45,103.54504906333631,1158.9669937555755,1121,209
3,44,102.18905472636816,611.1281094527363,804,211
3,43,97.10886644219977,467.73625140291807,891,210
3,41,95.99657534246575,649.8099315068494,1168,212
3,39,94.2561851556265,507.31125299281723,1253,213
3,38,93.28506444275966,579.3229719484458,1319,214
3,37,90.08594449418084,281.7090420769919,1117,215
3,36,82.58905579399142,1262.2843347639484,932,216
3,35,82.17409948542024,47.45025728987993,1166,217
3,34,77.45315904139433,1227.983660130719,918,202
3,99,240.04404567699837,208.5872756933116,613,166
3,101,247.18609206660136,600.2154750244858,1021,182
3,55,133.96385542168676,234.55851979345954,1162,183
3,103,247.5049928673324,183.34522111269615,701,222
3,166,485.8024096385542,559.3530120481928,830,238
3,164,481.63177570093455,63.504672897196265,1070,224
3,162,467.5011086474501,1114.249445676275,902,225
3,161,469.33644133644134,1048.8344988344988,1287,226
3,160,466.19769673704417,214.30902111324377,1042,227
3,158,462.2888540031397,93.18053375196233,1274,229
3,169,494.780959198282,795.3249821045097,1397,246
3,157,451.06893004115227,1246.1769547325102,972,236
3,155,435.2258823529412,268.9364705882353,850,256
3,154,431.16597164303585,121.55296080066722,1199,297
3,153,429.22222222222223,830.6637168141593,1017,231
3,152,426.1073124406458,415.94017094017096,1053,232
3,151,425.9809090909091,350.5627272727273,1100,311
3,150,421.04591368227733,1272.2332415059689,1089,233
3,156,441.17733089579525,952.6755027422304,1094,230
3,170,490.8454258675079,903.897476340694,634,239
3,171,494.34433443344335,1147.983498349835,909,252
3,172,494.1923076923077,926.7159763313609,676,253
3,186,559.7182952182952,938.0446985446986,962,198
3,102,249.74243902439025,541.7853658536585,1025,219
3,185,545.780998389694,166.64734299516908,621,241
3,184,544.7024265644956,409.67816091954023,783,147
3,183,544.4518828451883,252.5202231520223,717,240
3,182,541.6654028436019,1029.1687203791469,1055,242
3,181,537.8071570576541,1205.1222664015904,1006,243
3,180,531.0895522388059,1101.939303482587,1005,244
3,179,526.2824742268041,1235.8247422680413,970,245
3,178,514.4626719056974,59.086444007858546,1018,247
3,177,512.8423383525244,260.27546501328607,1129,254
3,176,510.24624889673436,538.3671668137688,1133,248
3,175,502.0181124880839,391.4280266920877,1049,249
3,174,500.07567567567565,1112.4745945945947,925,250
3,173,499.43756906077346,434.12486187845303,905,251
3,148,411.46761904761905,1137.922857142857,1050,234
3,147,411.0016806722689,616.1957983193278,1190,235
3,167,490.25350949628404,1079.412881915772,1211,221
3,145,403.2377232142857,937.4598214285714,896,237
3,121,321.14863498483317,460.35894843276037,989,273
3,120,323.7208361429535,393.85165205664197,1483,258
3,119,312.82828282828285,555.350505050505,990,259
3,118,303.0279187817259,818.4568527918782,788,260
3,117,301.37464522232733,1117.9517502365184,1057,262
3,115,300.1458128078818,363.9261083743842,1015,275
3,114,293.8284671532847,790.5097323600974,822,265
3,112,291.2247191011236,1314.4422880490297,979,266
3,111,286.1243093922652,1163.529005524862,724,314
3,110,289.9230769230769,626.7140039447731,1014,267
3,109,283.0705882352941,393.59019607843135,1020,268
3,108,277.8703870387039,916.7344734473447,1111,269
3,107,263.6807511737089,427.193661971831,852,270
3,106,262.61038961038963,75.76066790352505,1078,271
3,104,251.38585209003216,385.6870310825295,933,272
3,123,330.1519805982215,1257.194826192401,1237,274
3,124,328.81928934010153,800.4467005076142,985,277
3,116,299.7782340862423,700.9928131416838,974,264
3,137,374.9902548725637,1111.6259370314842,1334,281
3,143,388.9103448275862,1281.847290640394,1015,257
3,141,386.12405446293496,1054.053706505295,1322,279
3,140,381.58024691358025,649.2267115600449,891,278
3,138,376.33037156704364,1019.0153473344103,1238,280
3,135,365.7390300230947,702.8013856812933,866,282
3,134,361.89635854341736,798.0700280112045,1071,283
3,125,337.51323529411764,340.6625,1360,276
3,133,359.7151767151767,389.64553014553013,962,291
3,131,351.1864111498258,645.897212543554,574,285
3,130,350.80494905385734,617.7292576419214,687,287
3,129,348.63568773234203,1209.1375464684015,807,288
3,128,344.9073856975381,305.00468933177024,853,289
3,126,338.78976034858385,1312.537037037037,918,290
3,132,356.98457888493476,674.2514827995255,843,286
3,142,386.86217616580313,1192.2031088082902,965,284
4,241,699.2808798646362,733.9966159052453,1182,8
4,242,702.1833740831296,689.3863080684597,1227,6
4,228,660.9142419601837,608.4877488514549,1306,35
4,244,709.3778371161549,552.388518024032,749,4
4,240,697.2255389718076,792.4875621890548,1206,15
4,245,716.1164835164835,764.1681318681319,910,3
4,243,712.1665433012583,401.820133234641,1351,5
4,239,693.8671052631579,1336.4434210526315,760,298
4,231,668.8100607111882,1205.566348655681,1153,16
4,237,689.5679468242245,921.1270310192024,1354,10
4,235,684.6516853932584,958.4126659856997,979,11
4,234,682.5029585798817,243.48323471400394,1014,12
4,233,682.2960413080895,1024.2857142857142,1162,13
4,230,671.0826743350108,516.6894320632639,1391,14
4,246,721.3304878048781,1089.6304878048782,820,2
4,238,693.2413145539906,339.8920187793427,1065,9
4,248,732.6266300617708,657.0837336993823,1457,7
4,266,758.0413223140496,1215.8724911452184,847,21
4,250,735.5078585461689,737.7681728880157,1018,17
4,227,649.6732117812062,661.7615708274894,713,36
4,267,765.1962524654832,1184.7850098619328,1014,19
4,269,768.3664192949907,272.50927643784786,1078,70
4,265,760.2172088142707,1128.0514165792235,953,23
4,264,755.9581497797357,918.3248898678414,908,22
4,263,756.9960975609756,216.82926829268294,1025,26
4,262,758.0087463556852,433.98542274052477,1372,24
4,261,756.8482344102179,350.7490608564989,1331,33
4,260,753.3280159521436,78.78364905284147,1003,27
4,257,746.5951717734448,548.7632311977716,1077,28
4,256,743.6350931677018,48.74844720496895,644,31
4,255,742.6463414634146,691.1914634146342,820,30
4,253,739.1223733003708,1353.4672435105067,809,299
4,252,738.95,806.9033333333333,1200,18
4,251,735.9571558796719,1150.7730173199636,1097,25
4,249,733.7481617647059,241.65533088235293,1088,29
4,226,652.153512575889,83.66261925411969,1153,55
4,185,559.8406988694759,938.0791366906475,973,198
4,224,647.1163604549431,1254.3893263342081,1143,57
4,197,583.7995802728227,403.1563483735572,953,40
4,196,583.8272120200334,125.66026711185309,1198,44
4,195,583.6230551626592,1203.0035360678926,1414,51
4,194,578.5714285714286,269.93548387096774,868,42
4,193,574.4277108433735,1150.647160068847,1162,45
4,192,575.4322033898305,1113.6748844375963,1298,46
4,191,571.9321895424837,851.2434640522875,1224,47
4,190,567.7021716649431,697.1695966907963,967,48
4,189,569.111645813282,184.5563041385948,1039,49
4,188,568.4777227722773,334.0783828382838,1212,50
4,187,563.3872340425532,1249.8468085106383,940,108
4,186,567.020651310564,78.98649722001589,1259,145
4,184,544.4302325581396,251.98966408268734,774,240
4,183,544.9335142469471,165.5237449118046,737,241
4,270,767.7979610750696,1296.5625579240036,1079,20
4,198,586.247486465584,796.6976024748647,1293,41
4,199,588.2664233576643,1042.2846715328467,822,39
4,200,593.9632972322503,628.3104693140795,1662,43
4,201,591.0869565217391,921.4301572617946,1081,38
4,223,632.9479843953186,1215.8062418725617,769,59
4,222,632.9788314987298,515.1414055884843,1181,60
4,221,627.3515081206497,474.1566125290023,862,61
4,219,619.4181034482758,1239.6681034482758,696,293
4,217,620.513608428446,881.099209833187,1139,62
4,216,620.2244732576985,336.38816855753646,1234,63
4,215,612.6595528455284,1000.400406504065,984,67
4,225,648.0726978998384,214.29886914378028,1238,56
4,214,614.4947220267418,1319.256157635468,1421,65
4,212,605.6209335219236,192.2899575671853,707,66
4,210,603.3394941634241,73.42217898832685,1028,69
4,209,603.4436917866215,249.62743437764607,1181,68
4,206,597.6187433439829,953.7667731629393,939,52
4,204,594.4870056497175,1085.619209039548,885,54
4,203,593.3460674157303,1271.1696629213484,890,53
4,202,595.1089361702128,309.2748936170213,1175,37
4,213,615.8235294117648,662.5918663761801,1377,64
4,271,772.6620959843291,1081.4338883447601,1021,146
4,354,1010.1048451151707,1270.7164416203336,1259,95
4,273,775.2194860813704,1260.2098501070664,934,71
4,336,969.2452504317789,1068.5820379965458,579,75
4,335,971.001872659176,682.8483146067416,1068,77
4,334,966.0148760330578,99.07603305785123,605,79
4,333,964.4502923976609,1093.859649122807,684,78
4,332,961.9659367396594,1017.9416058394161,411,88
4,330,963.673196794301,271.4523597506679,1123,81
4,329,953.1640042598509,719.4781682641108,939,300
4,326,947.336439888164,1042.3504193849021,1073,82
4,325,946.8454452405323,812.3111566018424,977,83
4,324,938.916129032258,676.6881720430108,930,301
4,323,937.7970253718286,80.1819772528434,1143,84
4,322,940.4703254626676,123.34396936821953,1567,85
4,321,927.8340517241379,1010.6616379310345,464,107
4,320,932.297529538131,1146.621911922664,931,87
4,319,930.465038845727,1198.5571587125416,901,86
4,337,975.4963099630996,634.8856088560885,1084,76
4,338,973.6950354609929,1161.740425531915,705,74
4,339,976.4564958283671,145.53039332538737,839,80
4,340,983.3966386554622,1131.3789915966386,1190,89
4,182,544.1928306551298,409.5352286773795,809,147
4,359,1022.37775202781,805.2757821552723,863,92
4,356,1012.2554347826087,397.0228260869565,920,94
4,355,1012.3992963940193,1095.5795954265611,1137,96
4,353,1008.1136141038198,149.99314397649363,1021,97
4,352,1003.4667370644139,616.2967265047519,947,99
4,351,1000.934760448522,659.7054026503567,981,98
4,317,918.8841843088419,914.33499377335,803,144
4,350,1000.406746031746,731.9335317460317,1008,100
4,348,996.8682464454977,1057.9317535545024,1055,104
4,346,993.7722772277227,233.3861386138614,1010,103
4,345,992.10625,797.0104166666666,960,102
4,344,993.5557461406518,486.73070325900517,1166,105
4,343,992.8093699515347,870.1122778675283,1238,106
4,342,989.4074803149606,115.45374015748031,1016,91
4,341,986.6872160934458,62.035691109669045,1541,90
4,349,996.7780373831775,764.7558411214953,856,101
4,272,773.8062432723358,1338.4187298170075,929,294
4,316,917.3105968331304,343.1461632155907,821,109
4,313,901.1098546042003,126.67205169628433,1238,129
4,288,827.6310845431256,774.9735269000854,1171,112
4,287,825.2126315789474,197.80631578947367,950,303
4,286,823.8728557013118,818.8284561049445,991,114
4,285,818.7600487210718,263.90377588306944,821,116
4,284,817.6014814814815,144.27851851851852,675,115
4,283,803.6971046770601,19.324053452115812,898,118
4,282,802.7348484848485,1285.2306397306397,1188,119
4,281,797.9761363636363,1318.7954545454545,880,121
4,280,800.491308325709,1237.9368709972553,1093,120
4,279,796.7149950347567,50.99503475670308,1007,125
4,278,794.0236686390532,661.9408284023668,1014,122
4,277,789.5896122896854,394.7227505486467,1367,123
4,276,782.3513770180436,693.5574548907882,1053,124
4,275,780.3983050847457,176.9273607748184,826,73
4,274,778.1615763546798,632.4847290640394,1015,72
4,289,826.7566702241195,593.8708644610459,937,113
4,291,835.5252427184466,850.9533980582524,1030,111
4,292,837.2519001085776,169.3355048859935,921,117
4,294,842.5837837837838,431.2562162162162,925,126
4,312,899.226821192053,1353.7276490066224,1208,130
4,311,893.8915046059366,462.4779938587513,977,131
4,310,892.8955223880597,495.86169154228855,1005,134
4,309,894.5336164189667,1306.8174097664544,1413,132
4,308,891.0111835973905,899.8164026095061,1073,133
4,306,888.0412371134021,774.0435280641466,873,135
4,305,888.2547486033519,627.6223463687151,895,136
4,314,912.6575228595178,546.9767248545303,1203,110
4,304,875.1485788113695,1265.202842377261,774,138
4,302,873.7734693877551,821.7765306122449,980,141
4,301,874.7399635036496,524.4662408759124,1096,140
4,300,857.5061728395061,1181.5481481481481,810,142
4,299,853.3442105263158,575.6389473684211,950,143
4,298,852.4279026217229,276.65449438202245,1068,127
4,297,845.6212319790302,140.6867627785059,763,302
4,296,843.8529862174579,1205.728943338438,653,128
4,303,877.0646992054484,1235.5811577752554,881,139
4,181,540.9489603024575,1028.8638941398865,1058,242
4,118,312.3,554.938,1000,259
4,179,531.067,1101.848,1000,244
4,70,169.52332361516034,255.00145772594752,686,149
4,69,170.54961173425366,669.4719585849871,1159,150
4,68,167.0,95.19038461538462,1040,151
4,67,161.24291497975707,613.4858299595141,741,152
4,66,162.84280303030303,62.308712121212125,1056,153
4,65,157.9586305278174,640.7674750356633,701,155
4,63,152.6350053361793,1224.496264674493,937,162
4,62,150.09176029962546,1257.387640449438,1068,157
4,60,151.59265734265733,1079.5349650349651,1144,158
4,59,147.017199017199,787.4619164619164,1221,160
4,58,141.6575654152446,322.8623435722412,879,159
4,57,143.0497051390059,440.36394271272115,1187,161
4,56,135.56924546322827,1170.473734479465,1047,181
4,55,133.67832167832168,234.22552447552448,1144,183
4,54,121.49393414211438,465.97746967071055,577,218
4,71,174.69991326973113,860.9254119687771,1153,148
4,72,175.0793969849246,31.79095477386935,995,154
4,73,182.37924528301886,474.01603773584907,1060,163
4,74,186.55339805825244,738.5710503089144,1133,164
4,93,228.48118668596237,51.12301013024602,1382,169
4,92,226.86535662299855,1105.6470160116448,1374,170
4,90,218.75513196480938,588.7712609970674,682,171
4,88,218.4671052631579,555.5855263157895,1064,172
4,87,207.9135959339263,616.005082592122,787,173
4,86,206.12253374870198,279.46105919003116,963,174
4,84,201.03302752293578,397.0889908256881,1090,176
4,53,127.95318021201413,706.964664310954,1132,184
4,83,199.44078269824922,247.15962924819775,971,177
4,81,198.5530303030303,1167.2053872053873,1188,175
4,80,198.03228285933898,113.27978478093775,1301,179
4,79,194.32831608654752,309.76763875823144,1063,180
4,78,188.39830508474577,791.2764830508474,944,296
4,77,188.21555555555557,592.1844444444445,900,165
4,76,189.4525993883792,197.79204892966362,981,304
4,75,184.05182341650672,766.2687140115163,521,295
4,82,198.4879518072289,1220.1787148594378,996,178
4,94,228.01994560290117,666.4134179510426,1103,168
4,52,120.52401746724891,759.9650655021834,1374,203
4,50,106.50046168051708,1322.6315789473683,1083,205
4,26,56.21542227662179,737.6903304773562,817,185
4,25,54.84263494967978,1203.412625800549,1093,187
4,24,51.55597014925373,139.09701492537314,804,305
4,23,44.856702619414484,111.78582434514638,649,306
4,22,47.59934853420195,672.6848534201954,1228,190
4,21,42.91041162227603,761.7687651331719,826,189
4,19,39.21680672268908,472.0067226890756,1190,192
4,18,36.346278317152105,1101.8228155339805,1236,193
4,17,34.817535545023695,970.3234597156398,844,199
4,15,26.445414847161572,1327.2489082969432,687,196
4,14,29.084915084915085,318.2267732267732,1001,194
4,13,27.07010475423046,562.6164383561644,1241,195
4,12,24.688372093023254,1263.2651162790698,1075,197
4,11,23.591536338546458,618.8758049678013,1087,220
4,180,537.3138832997988,1204.6448692152917,994,243
4,27,55.95642701525055,1288.0272331154683,918,186
4,28,63.68080357142857,622.328125,1792,188
4,29,62.600341588385994,311.6063193851409,1171,191
4,31,57.806267806267805,1257.210826210826,351,308
4,49,102.43835616438356,610.3576864535769,657,211
4,48,104.92165898617512,409.6341013824885,1085,207
4,47,104.84811165845649,199.89326765188835,1218,208
4,46,103.44021257750221,1159.0876882196635,1129,209
4,45,104.14021830394627,828.5113350125945,1191,206
4,44,96.45680345572354,466.76673866090715,926,210
4,42,95.12065972222223,649.5277777777778,1152,212
4,51,116.21043165467626,1061.203237410072,1112,204
4,41,93.70409836065573,506.8081967213115,1220,213
4,39,94.11318051575931,579.8345272206303,1396,214
4,38,89.67555147058823,281.4944852941176,1088,215
4,37,82.66132478632478,1261.8985042735044,936,216
4,36,81.70291095890411,47.05565068493151,1168,217
4,35,77.02169197396964,1227.6301518438179,922,202
4,34,70.52427184466019,1066.779935275081,927,201
4,33,72.36088379705402,778.6162029459902,1222,200
4,40,89.60732984293193,944.0261780104712,955,307
4,95,233.036866359447,1284.2313364055299,1085,309
4,10,22.110994764397905,998.8565445026178,955,0
4,98,235.70833333333334,1331.8995098039215,816,312
4,155,440.79319371727746,951.6989528795812,1146,230
4,154,434.77073732718895,268.65668202764977,868,256
4,153,429.1127744510978,830.2085828343313,1002,231
4,152,430.7734375,121.23090277777777,1152,297
4,151,425.6840607210626,416.18026565464896,1054,232
4,150,425.5627272727273,349.9572727272727,1100,311
4,149,420.69485294117646,1271.8933823529412,1088,233
4,148,406.25657894736844,790.4100877192982,456,263
4,147,410.59423076923076,1137.2105769230768,1040,234
4,146,410.46644295302013,615.9840604026846,1192,235
4,145,402.4531043593131,846.3051519154558,757,255
4,144,403.15384615384613,937.2197802197802,910,237
4,142,388.39012584704744,1281.510164569216,1033,257
4,141,386.57951219512194,1192.5229268292683,1025,284
4,140,386.2449922958398,1053.62249614792,1298,279
4,156,450.36642784032756,1246.0491299897647,977,236
4,157,462.4515859766277,93.01836393989983,1198,229
4,159,465.88083889418493,214.22497616777883,1049,227
4,160,469.195530726257,1048.1747805267357,1253,226
4,97,234.3071748878924,1253.9204035874438,892,167
4,176,513.9646365422396,58.287819253438116,1018,247
4,175,512.1369740376007,259.1181736794987,1117,254
4,174,509.1359060402685,537.9169463087248,1192,248
4,173,499.77777777777777,1112.0331196581196,936,250
4,172,501.59691417550624,390.74927675988425,1037,249
4,171,498.7718340611354,433.7008733624454,916,251
4,139,381.3765227021041,648.937984496124,903,278
4,170,494.7371512481645,926.4229074889868,681,253
4,168,490.405325443787,903.6508875739645,676,239
4,166,493.786231884058,794.6869565217391,1380,246
4,165,485.14574898785423,559.2591093117409,741,238
4,164,489.7589134125637,1079.1714770797962,1178,221
4,163,486.6991441737986,594.0592495062541,1519,223
4,162,481.01131008482565,63.51272384542884,1061,224
4,161,466.82006543075244,1113.9029443838604,917,225
4,169,493.8884165781084,1147.6397449521785,941,252
4,138,380.4542772861357,1351.2133726647,1017,313
4,178,525.8854489164087,1235.3890608875129,969,245
4,135,374.5058004640371,1111.1755607115235,1293,281
4,114,300.16014897579146,364.3743016759777,1074,275
4,113,293.5618374558304,790.2414605418139,849,265
4,112,290.62660098522167,1314.5802955665024,1015,266
4,111,288.07027027027027,1163.8594594594595,740,314
4,110,294.42594075260206,497.7582065652522,1249,261
4,108,282.75254582484723,393.57739307535644,982,268
4,107,277.1855575868373,916.5950639853747,1094,269
4,106,263.44767441860466,426.41511627906976,860,270
4,105,261.89972401103955,75.39926402943883,1087,271
4,104,251.07253886010363,385.6145077720207,965,272
4,103,247.31914893617022,183.3729662077597,799,222
4,102,248.74317492416583,541.5197168857432,989,219
4,101,247.40078201368524,600.049853372434,1023,182
4,100,242.62857142857143,1218.169387755102,980,310
4,137,375.8959537572254,1018.4781172584641,1211,280
4,115,299.87486744432664,700.5906680805939,943,264
4,116,300.80837209302325,1117.8046511627906,1075,262
4,109,290.5482233502538,626.838578680203,985,267
4,99,238.2962962962963,208.51675485008818,567,166
4,134,365.67616875712656,702.4937286202965,877,282
4,117,302.91895604395603,818.4244505494505,728,260
4,133,361.74418604651163,797.7748837209302,1075,283
4,132,358.9134241245136,389.43677042801556,1028,291
4,131,356.32678983833716,674.0023094688222,866,286
4,130,350.5258064516129,644.9677419354839,620,285
4,128,348.05017502917156,1209.1633605600935,857,288
4,127,344.80369515011546,304.64896073903003,866,289
4,129,350.2530446549391,616.9052774018944,739,287
4,125,338.30620985010705,1312.1830835117773,934,290
4,124,337.1748304446119,340.4393368500377,1327,276
4,123,329.72089182493806,1256.954582989265,1211,274
4,122,328.3747474747475,800.3282828282828,990,277
4,120,323.26846153846157,394.03615384615387,1300,258
4,119,321.06218655967905,459.83851554663994,997,273
4,126,346.08544027898864,1356.768962510898,1147,315
5,238,696.9065573770491,792.3991803278689,1220,15
5,242,712.1562962962963,401.7562962962963,1350,5
5,241,699.625,905.265243902439,328,316
5,240,701.8828685258965,689.1776892430279,1255,6
5,239,699.1005818786367,733.3990024937656,1203,8
5,237,694.1459948320413,1335.9444444444443,774,298
5,227,660.489749430524,608.1958997722096,1317,35
5,235,687.2650485436893,924.7961165048544,1030,10
5,234,685.0183486238532,957.8226299694189,981,11
5,232,682.5815324165029,243.26915520628683,1018,12
5,231,682.1290598290599,1023.8230769230769,1170,13
5,229,670.162248995984,515.8530120481928,1245,14
5,228,668.2,1205.393103448276,1160,16
5,243,709.6478873239437,551.4903969270166,781,4
5,236,693.085501858736,339.40334572490707,1076,9
5,244,716.0739934711643,763.7747551686616,919,3
5,264,760.5767441860465,1128.1313953488373,860,23
5,247,732.6388308977035,656.9178844815588,1437,7
5,265,764.9815354713314,1184.418853255588,1029,19
5,226,649.9972413793104,661.0275862068966,725,36
5,263,758.3545108005083,1215.1168996188055,787,21
5,262,755.9682365826944,918.1325301204819,913,22
5,261,757.3774131274131,216.7972972972973,1036,26
5,260,757.9569970845481,433.86516034985425,1372,24
5,259,756.7960872836719,350.4830699774266,1329,33
5,245,721.3025210084033,1089.1020408163265,833,2
5,258,753.1836935166995,78.31532416502947,1018,27
5,255,743.1215106732349,48.68472906403941,609,31
5,254,742.2005012531329,691.2518796992481,798,30
5,252,738.9658952496954,1353.272838002436,821,299
5,251,739.1991666666667,806.8575,1200,18
5,250,736.1381461675579,1150.0614973262032,1122,25
5,249,735.2889771598808,737.1976166832175,1007,17
5,248,732.2479262672811,239.9889400921659,1085,29
5,256,746.8384201077199,548.4587073608618,1114,28
5,225,652.2327365728901,83.18670076726343,1173,55
5,204,593.6022598870056,1270.7728813559322,885,53
5,223,648.1127879269261,214.37251787132644,1259,56
5,197,583.9242579324463,402.9406345957011,977,40
5,196,583.9900908340214,125.29892650701899,1211,44
5,195,583.2627057981389,1203.0272011453114,1397,51
5,194,578.8497757847533,269.3419282511211,892,42
5,193,574.630360205832,1150.2718696397942,1166,45
5,192,574.952686447474,1113.2566158781074,1247,46
5,191,567.8092835519677,696.7679112008072,991,48
5,190,569.2917063870352,184.36606291706386,1049,49
5,189,568.303408146301,333.71986699916874,1203,50
5,188,570.5684877276326,851.5043547110056,1263,47
5,187,567.4527243589744,78.65464743589743,1248,145
5,186,563.5337423312883,1249.6063394683026,978,108
5,185,560.4109165808445,937.9773429454171,971,198
5,184,544.5299363057325,251.55286624203822,785,240
5,198,585.9420731707318,796.375762195122,1312,41
5,199,588.1886336154777,1041.9020556227329,827,39
5,200,593.9761613691932,628.5385085574572,1636,43
5,201,590.4377224199288,920.4804270462633,1124,38
5,222,632.8425196850394,1215.3018372703411,762,59
5,221,632.5794314381271,515.1948160535117,1196,60
5,220,627.5835294117647,473.5694117647059,850,61
5,218,619.8347457627119,1239.699152542373,708,293
5,217,620.7084775086505,880.5769896193772,1156,62
5,216,620.2587354409318,336.1863560732113,1202,63
5,215,612.7782178217822,999.4821782178218,1010,67
5,224,647.0698096101542,1254.713508612874,1103,57
5,214,614.3622985283812,1319.061667834618,1427,65
5,212,605.6306179775281,191.61376404494382,712,66
5,211,607.1899159663866,159.92268907563025,1190,318
5,210,604.6567425569177,249.9106830122592,1142,68
5,209,603.7130600571974,73.79504289799809,1049,69
5,205,597.1618381618382,954.4085914085914,1001,52
5,203,594.1989130434782,1085.1576086956522,920,54
5,202,595.4210076857387,309.30315969257043,1171,37
5,213,615.8364038319824,662.7450257921887,1357,64
5,267,768.236866359447,272.0018433179724,1085,70
5,312,893.3599160545646,461.408184679958,953,131
5,270,773.5554359526373,1337.6706135629709,929,294
5,338,975.5494912118409,634.6512488436633,1081,76
5,337,968.9676320272572,1067.9965928449744,587,75
5,336,972.214899713467,682.2626552053487,1047,77
5,334,964.3810218978102,1093.5021897810218,685,78
5,331,963.6701388888889,270.59809027777777,1152,81
5,330,953.2673575129534,718.7243523316063,965,300
5,327,947.2898289828983,1041.5220522052205,1111,82
5,326,946.7901606425703,811.9417670682731,996,83
5,325,940.0765086206897,677.3394396551724,928,301
5,324,940.4184576485461,122.62768647281922,1582,85
5,323,937.5709281961471,79.94220665499124,1142,84
5,322,927.6269662921349,1009.9955056179775,445,107
5,321,932.4673097534834,1146.3944265809218,933,87
5,320,930.3515283842795,1198.0229257641922,916,86
5,318,918.8525,914.19125,800,144
5,339,973.6503496503497,1161.4195804195804,715,74
5,340,976.6492271105826,145.3935790725327,841,80
5,341,983.3863060016906,1131.028740490279,1183,89
5,342,986.9544554455446,61.87986798679868,1515,90
5,361,1022.8890186915888,803.9392523364486,856,92
5,360,1020.5787847579815,1357.1596292481977,971,93
5,358,1011.9169435215947,396.1306755260244,903,94
5,357,1012.3955555555556,1095.1048888888888,1125,96
5,356,1008.7268292682927,149.44487804878048,1025,97
5,355,1009.5873015873016,1270.2309523809524,1260,95
5,354,1003.3647798742138,615.8658280922432,954,99
5,317,917.3308913308913,342.57142857142856,819,109
5,353,1000.8098591549295,659.5492957746479,994,98
5,351,996.5627157652474,764.409666283084,869,101
5,350,996.4900199600798,1057.9271457085829,1002,104
5,348,993.9482421875,232.6240234375,1024,103
5,347,991.9470954356847,796.8205394190871,964,102
5,346,993.2064676616916,870.0970149253732,1206,106
5,345,993.3857388316151,486.57560137457045,1164,105
5,344,989.4172447968285,115.39841427155599,1009,91
5,352,1000.4011916583912,731.498510427011,1007,100
5,268,767.3188824662814,1296.1734104046243,1038,20
5,315,913.703952901598,546.448275862069,1189,110
5,313,899.3430420711974,1353.6966019417475,1236,130
5,287,823.723,818.014,1000,114
5,286,817.809869375907,143.6865021770682,689,115
5,285,818.7209580838323,263.47185628742517,835,116
5,283,803.5,19.23076923076923,910,118
5,282,802.1912144702842,1284.3548664944014,1161,119
5,281,800.4118190212373,1237.9501385041551,1083,120
5,280,797.8886363636364,1317.9772727272727,880,121
5,279,795.6897918731418,50.989098116947474,1009,125
5,278,793.7988165680473,661.8579881656805,1014,122
5,277,792.5631768953068,394.50397111913355,1385,123
5,275,780.3549132947977,176.78381502890173,865,73
5,274,782.3600377002828,693.5881244109331,1061,124
5,273,777.8666007905139,631.850790513834,1012,72
5,272,775.8315539739027,1088.3831553973903,843,146
5,271,774.2450495049505,1258.6336633663366,808,71
5,288,825.2182952182952,197.6195426195426,962,303
5,289,827.5795744680851,774.851914893617,1175,112
5,290,827.167714884696,594.1729559748428,954,113
5,291,835.5548141086749,850.534795042898,1049,111
5,311,893.1082862523541,495.1591337099812,1062,134
5,310,894.2851063829787,1306.4517730496455,1410,132
5,309,891.1683720930232,899.1813953488372,1075,133
5,307,888.1508571428571,773.8308571428571,875,135
5,306,888.4042328042328,628.2317460317461,945,136
5,305,877.2022598870057,1235.2011299435028,885,139
5,304,874.4871794871794,1264.9397435897436,780,138
5,314,901.4171337069656,126.30984787830265,1249,129
5,303,874.8060384263495,524.2708142726441,1093,140
5,301,857.2404761904762,1181.4059523809524,840,142
5,299,853.3755186721992,575.045643153527,964,143
5,298,852.3607954545455,276.2907196969697,1056,127
5,297,846.0735483870968,140.38193548387096,775,302
5,296,843.1986970684039,1205.5879478827362,614,128
5,294,842.6051502145923,431.0203862660944,932,126
5,292,836.8128400435256,169.0739934711643,919,117
5,302,873.7341389728097,821.4038267875126,993,141
5,183,544.5160905840286,409.2812872467223,839,147
5,181,540.9167446211412,1028.4742750233863,1069,242
5,180,537.2579365079365,1204.015873015873,1008,243
5,71,175.29633300297323,31.527254707631318,1009,154
5,70,174.64804964539007,860.0789007092199,1128,148
5,68,169.55523672883788,255.02152080344334,697,149
5,67,170.4814189189189,668.9535472972973,1184,150
5,66,167.21323529411765,94.67542016806723,952,151
5,65,161.36291390728476,613.1165562913907,755,152
5,64,162.8555240793201,62.04627006610009,1059,153
5,63,157.51476793248946,640.5147679324895,711,155
5,61,152.6928721174004,1224.185534591195,954,162
5,60,150.5262664165103,1257.3198874296436,1066,157
5,59,151.38745704467354,1079.3737113402062,1164,158
5,57,147.31214802896218,787.2405470635559,1243,160
5,56,141.54574811625403,321.97093649085036,929,159
5,55,140.81437670609645,441.51137397634216,1099,161
5,54,135.66350710900474,1170.7289099526067,1055,181
5,72,182.36700648748842,473.8776645041705,1079,163
5,53,133.73958333333334,234.03385416666666,1152,183
5,73,186.6257562662057,738.3267070008643,1157,164
5,75,187.68309070548713,592.010078387458,893,165
5,94,227.69313113291705,666.0722569134701,1121,168
5,93,228.30489614243322,50.78486646884273,1348,169
5,91,226.90988372093022,1105.2521802325582,1376,170
5,90,218.46685878962535,588.2665706051873,694,171
5,88,218.36237256719184,555.2854494902688,1079,172
5,87,207.86117936117935,615.6965601965602,814,173
5,86,205.59034907597535,279.44147843942505,974,174
5,84,201.15689810640217,396.78990081154194,1109,176
5,83,199.62283384301733,246.5881753312946,981,177
5,82,198.4600389863548,1219.8538011695907,1026,178
5,81,198.33691481197238,112.91864927091328,1303,179
5,80,198.26111560226354,1166.5869037995149,1237,175
5,79,194.15237226277372,310.05930656934305,1096,180
5,78,189.54545454545453,792.3295454545455,968,296
5,77,189.86464646464646,197.7131313131313,990,304
5,74,184.5446584938704,766.6497373029772,571,295
5,52,128.1882145998241,706.0395778364116,1137,184
5,51,120.70436649964209,759.3242662848962,1397,203
5,50,116.29411764705883,1060.8867427568043,1139,204
5,25,55.89454545454546,736.8230303030304,825,185
5,24,54.767524401064776,1202.9893522626442,1127,187
5,23,51.52005012531328,138.468671679198,798,305
5,22,47.73642800944138,672.8237608182534,1271,190
5,21,44.16244411326379,111.30700447093889,671,306
5,20,42.46714456391876,761.4778972520908,837,189
5,19,39.308144416456756,471.55247691015956,1191,192
5,18,36.48910411622276,1101.4180790960452,1239,193
5,17,34.751732101616625,970.0127020785219,866,199
5,15,29.09126594700687,317.900883218842,1019,194
5,14,26.571428571428573,1326.8742857142856,700,196
5,13,24.26523702031603,999.0214446952596,886,0
5,12,24.773755656108598,1262.7737556561085,1105,197
5,11,27.907482993197277,565.265306122449,1470,195
5,182,544.9144654088051,165.0691823899371,795,241
5,26,56.27114967462039,1287.6963123644252,922,186
5,27,63.138578978273635,622.6136230182032,1703,188
5,28,62.807046979865774,311.32214765100673,1192,191
5,30,57.795918367346935,1256.5892857142858,392,308
5,49,106.7036036036036,1322.7324324324325,1110,205
5,47,104.97179253867152,409.21019108280257,1099,207
5,46,104.75551921504497,199.56663941128372,1223,208
5,45,103.40457343887424,1159.0598065083552,1137,209
5,44,105.10007639419405,826.5164247517189,1309,206
5,43,97.32146294513956,466.5851780558229,1039,210
5,41,95.68539325842697,649.1573033707865,1157,212
5,95,233.01436265709157,1283.8922800718133,1114,309
5,40,93.73937908496733,506.3970588235294,1224,213
5,38,89.48258196721312,943.4036885245902,976,307
5,37,89.7518315018315,281.03663003663,1092,215
5,36,82.6441393875396,1261.8500527983103,947,216
5,35,81.97967823878069,46.87468247248095,1181,217
5,34,77.09071274298056,1227.5043196544277,926,202
5,33,70.63375796178345,1066.6464968152866,942,201
5,32,72.49308755760369,779.3763440860215,1302,200
5,39,95.04683195592287,579.6225895316804,1452,214
5,96,234.4592511013216,1253.0991189427314,908,167
5,10,23.543399638336346,618.6482820976491,1106,220
5,99,242.94632206759442,1218.0039761431412,1006,310
5,97,235.4756242568371,1331.732461355529,841,312
5,156,462.56459731543623,92.87667785234899,1192,229
5,155,450.38329979879273,1245.7484909456741,994,236
5,154,434.90585533869114,268.2043628013777,871,256
5,153,430.67184801381694,120.77288428324698,1158,297
5,152,429.3232125367287,829.8589618021548,1021,231
5,151,425.8214607754734,349.78809738503156,1109,311
5,150,425.66324626865674,415.4570895522388,1072,232
5,149,420.8926296633303,1271.4331210191083,1099,233
5,148,405.9614561027837,790.2762312633834,467,263
5,147,410.5994263862333,1136.633843212237,1046,234
5,146,410.4777870913663,615.6320201173512,1193,235
5,145,402.33376123234916,845.982028241335,779,255
5,144,402.7236981934113,936.7481402763018,941,237
5,142,388.4910461828464,1281.056550424128,1061,257
5,158,465.9592803030303,214.51420454545453,1056,227
5,141,386.86982693754703,1053.3333333333333,1329,279
5,159,469.0622009569378,1047.8245614035088,1254,226
5,162,481.33458646616543,63.32142857142857,1064,224
5,179,531.046,1101.334,1000,244
5,178,525.9837067209776,1235.0845213849286,982,245
5,176,514.2826510721247,57.78654970760234,1026,247
5,175,512.270390070922,258.68617021276594,1128,254
5,174,508.8051409618574,537.4436152570481,1206,248
5,173,499.68004223864835,1111.8152059134109,947,250
5,172,501.65160075329567,390.3069679849341,1062,249
5,171,499.19810326659643,433.1285563751317,949,251
5,170,495.55703703703705,926.9185185185186,675,253
5,169,494.11715481171547,1146.9142259414225,956,252
5,168,490.5316091954023,903.7931034482758,696,239
5,166,493.69389204545456,794.6931818181819,1408,246
5,165,489.94248927038626,1078.5450643776824,1165,221
5,164,484.3859416445623,559.1750663129974,754,238
5,163,486.49237905897945,593.5904572564613,1509,223
5,160,466.5461293743372,1113.28525980912,943,225
5,140,386.0188679245283,1191.8735849056604,1060,284
5,157,460.0611057225994,247.5548011639185,1031,320
5,138,379.9371428571429,1351.3190476190475,1050,313
5,115,299.8816199376947,700.6635514018692,963,264
5,114,300.34232558139536,363.9079069767442,1075,275
5,113,293.3433874709977,789.8863109048724,862,265
5,112,294.48646496815286,497.04936305732485,1256,261
5,111,290.44896030245746,1314.273156899811,1058,266
5,110,290.82604373757454,626.6073558648111,1006,267
5,109,285.53688029020554,1161.7557436517534,827,314
5,108,282.9366700715015,393.26659856996935,979,268
5,107,277.24134790528234,916.2714025500911,1098,269
5,105,263.4633027522936,426.01261467889907,872,270
5,104,261.8693234476367,75.40778498609824,1079,271
5,103,250.94495412844037,385.592252803262,981,272
5,102,247.8075980392157,182.88235294117646,816,222
5,101,249.29780876494024,541.5836653386455,1004,219
5,139,381.22527472527474,648.9395604395604,910,278
5,116,300.71721677074044,1116.8563782337199,1121,262
5,117,302.5152777777778,818.0736111111111,720,260
5,100,247.38840579710146,599.6144927536232,1035,182
5,120,321.20530451866404,459.3899803536346,1018,273
5,119,312.2059405940594,554.630693069307,1010,259
5,136,374.6875,1111.0180722891566,1328,281
5,135,365.8105975197294,702.3776775648253,887,282
5,134,361.3284403669725,797.1825688073394,1090,283
5,133,358.98173076923075,389.175,1040,291
5,132,356.8401400233372,673.6977829638273,857,286
5,131,349.9873617693523,645.1437598736177,633,285
5,130,350.22119205298014,616.523178807947,755,287
5,137,376.1175972927242,1017.7893401015228,1182,280
5,128,346.0230496453901,1356.6320921985816,1128,315
5,127,344.72850678733033,303.9864253393665,884,289
5,126,338.0833333333333,1311.7263374485597,972,290
5,125,337.31368102796677,340.3764172335601,1323,276
5,124,329.70873786407765,1256.5056634304208,1236,274
5,123,327.91011235955057,800.2900919305414,979,277
5,129,347.9345372460497,1208.882618510158,886,288
5,121,323.17751004016066,393.48192771084337,1245,258
6,245,720.4220398593201,1089.7104337631888,853,2
6,244,715.7494505494506,764.1692307692308,910,3
6,243,708.8346333853355,553.0530421216848,641,4
6,242,712.4389410760034,403.7873612297182,1171,5
6,241,700.9263657957245,689.2319873317498,1263,6
6,240,698.551103843009,733.5519215044972,1223,8
6,236,688.4324942791762,922.116704805492,1311,10
6,238,696.7192556634304,792.3155339805825,1236,15
6,237,692.8079710144928,340.026268115942,1104,9
6,234,684.5458207452165,958.4088620342396,993,11
6,233,682.6963946869071,243.40607210626186,1054,12
6,232,681.8663900414938,1024.0448132780084,1205,13
6,230,669.8711808422792,516.6589595375723,1211,14
6,247,732.4810951760104,656.9680573663625,1534,7
6,239,693.6072821846554,1335.967490247074,769,298
6,248,731.3457943925233,239.82073067119796,1177,29
6,260,756.4518364518365,350.8260568260568,1443,33
6,250,735.3703024747938,1152.3767186067828,1091,25
6,271,771.6781115879828,1259.6188841201717,1165,71
6,269,768.1564685314685,272.35664335664336,1144,70
6,267,766.1965579710145,1296.8505434782608,1104,20
6,266,765.1694417238002,1184.5582761998041,1021,19
6,265,759.8310679611651,1128.8796116504855,1030,23
6,264,757.2431578947369,1215.9936842105262,950,21
6,263,755.8257080610022,918.4488017429194,918,22
6,262,757.2585227272727,217.2092803030303,1056,26
6,261,757.9556962025316,435.12798874824193,1422,24
6,259,752.7796116504854,79.04563106796117,1030,27
6,257,746.4921514312095,549.1015697137581,1083,28
6,255,741.6943127962086,691.7203791469194,844,30
6,253,740.6735483870967,49.77935483870968,775,31
6,252,738.4864197530865,1353.3777777777777,810,299
6,251,738.9597099113618,807.2554391619661,1241,18
6,249,734.4802494802494,737.6091476091476,962,17
6,229,668.2215669755686,1205.5779275484415,1187,16
6,182,544.5395348837209,166.43255813953488,645,241
6,227,659.8338192419825,607.9023323615161,1372,35
6,197,583.3316115702479,403.5919421487603,968,40
6,195,584.9875,794.33,1200,41
6,194,583.6838951310862,127.02846441947565,1335,44
6,193,583.1693548387096,1203.0262096774193,1488,51
6,192,578.0259301014656,270.1567080045096,887,42
6,191,574.1281618887015,1151.402192242833,1186,45
6,190,574.3923964697896,1113.090970807875,1473,46
6,189,570.2321568627451,852.8580392156863,1275,47
6,188,567.3029350104822,697.293501048218,954,48
6,187,568.0027347310847,185.03828623518686,1097,49
6,186,567.6808846761453,334.26777251184836,1266,50
6,185,563.2044025157232,1249.5503144654087,954,108
6,184,566.7414965986394,79.0204081632653,1323,145
6,183,552.9501018329939,937.9358452138492,982,198
6,272,774.9427272727273,1092.49,1100,146
6,198,593.6947129050596,627.7549744172826,1759,43
6,199,587.8359096313912,1042.5101070154578,841,39
6,200,594.8491008600469,309.36825645035185,1279,37
6,201,593.3637387387388,1271.3716216216217,888,53
6,226,651.6553398058253,83.62378640776699,1236,55
6,225,647.5963442498096,214.01980198019803,1313,56
6,224,646.7749796913079,1254.7587327376118,1231,57
6,223,632.91015625,1215.9440104166667,768,59
6,222,633.4649837133551,514.4959283387623,1228,60
6,221,626.4356321839081,474.50344827586207,870,61
6,219,618.5819295558958,1239.220520673813,653,293
6,228,656.707627118644,639.521186440678,708,34
6,217,620.5059221658206,881.2038917089678,1182,62
6,215,616.0059582919563,1002.4756703078451,1007,67
6,213,614.1023513139696,1318.3471645919778,1446,65
6,212,606.0901916572717,194.00112739571588,887,66
6,211,605.237030411449,251.92128801431127,1118,68
6,209,603.8067150635209,73.48003629764065,1102,69
6,208,614.8205289672544,662.4817380352645,1588,64
6,203,594.4659863945578,1084.5657596371882,882,54
6,216,619.90589198036,336.8281505728314,1222,63
6,273,773.1844349680171,1338.1236673773988,938,294
6,315,916.7346683354193,343.252816020025,799,109
6,275,782.016348773842,694.2261580381471,1101,124
6,337,972.851332398317,1162.258064516129,713,74
6,336,974.8759825327511,634.8480349344978,1145,76
6,335,967.7544483985765,1068.532028469751,562,75
6,334,970.6755852842809,684.2767558528428,1196,77
6,333,962.7695238095238,1017.5352380952381,525,88
6,332,965.624827586207,99.74758620689656,725,79
6,330,963.98891966759,1094.139889196676,722,78
6,329,963.6146953405018,272.60752688172045,1116,81
6,328,953.3164021164021,719.0232804232804,945,300
6,326,946.5908629441624,812.7401015228427,985,83
6,324,947.0798580301686,1043.1606033717835,1127,82
6,323,938.8368953880765,678.7165354330708,889,301
6,322,940.0111940298508,124.09888059701493,1608,85
6,321,936.9717223650385,79.86546700942588,1167,84
6,338,976.2152777777778,145.76388888888889,864,80
6,320,931.96,1147.0497297297297,925,87
6,339,983.3097072419106,1131.5385208012326,1298,89
6,341,989.5142857142857,115.84183673469387,980,91
6,357,1023.1763285024155,803.7596618357488,828,92
6,356,1020.4066736183524,1357.7726798748697,959,93
6,355,1011.8282402528978,397.13698630136986,949,94
6,354,1011.0401673640167,1095.2853556485356,1195,96
6,353,1009.5629742033384,1271.2746585735963,1318,95
6,352,1007.8667305848514,149.9137104506232,1043,97
6,351,1003.0353697749196,616.7181136120042,933,99
6,350,1000.437693099897,659.7136972193615,971,98
6,349,1000.0162991371045,731.7641418983701,1043,100
6,348,995.8041002277904,764.6275626423691,878,101
6,347,996.367506516073,1058.3718505647264,1151,104
6,345,993.314423076923,232.73846153846154,1040,103
6,344,991.9417840375587,797.3267605633803,1065,102
6,343,993.0393215111797,870.5065535851966,1297,106
6,342,992.687091503268,487.015522875817,1224,105
6,340,986.8587223587224,61.763513513513516,1628,90
6,274,777.5626185958255,632.5531309297912,1054,72
6,319,930.0757409440175,1198.6816684961582,911,86
6,316,918.603062426384,913.4263839811543,849,144
6,291,836.3997856377277,168.90032154340835,933,117
6,290,835.0483720930232,851.1106976744186,1075,111
6,288,826.5218317358892,595.2087326943557,939,113
6,287,827.1295379537954,775.1006600660066,1212,112
6,286,824.6300403225806,198.13709677419354,992,303
6,285,823.4865125240848,818.849710982659,1038,114
6,284,817.9685610640871,263.6819830713422,827,116
6,283,817.3371266002845,144.13513513513513,703,115
6,282,803.2847896440129,19.197411003236247,927,118
6,281,801.5980937251787,1284.3367752184274,1259,119
6,280,797.4285714285714,1318.320584926884,889,121
6,279,799.8931777378815,1237.975763016158,1114,120
6,278,793.9114631873252,50.90587138863001,1073,125
6,277,793.5149758454106,661.8714975845411,1035,122
6,276,794.3057103064067,393.5,1436,123
6,293,842.1077085533263,431.65047518479406,947,126
6,318,927.0668789808917,1011.4984076433121,628,107
6,294,842.2245922208281,1205.720200752823,797,128
6,297,851.8248490077654,275.6919758412424,1159,127
6,313,913.2565891472868,547.2581395348838,1290,110
6,312,900.4499612102405,126.78510473235066,1289,129
6,311,898.6407927332783,1353.7547481420313,1211,130
6,310,893.0117878192534,461.426326129666,1018,131
6,309,892.2528735632184,495.34674329501917,1044,134
6,308,893.6895034569453,1306.9805153991201,1591,132
6,307,890.3414855072464,899.866847826087,1104,133
6,306,887.6009174311927,774.0470183486239,872,135
6,304,887.2544247787611,627.4358407079646,904,136
6,303,876.5049614112459,1235.8026460859978,907,139
6,302,874.2375478927203,1265.9910600255428,783,138
6,301,873.3018682399213,821.5388397246804,1017,141
6,300,874.1502183406113,524.9013100436681,1145,140
6,299,856.5233415233415,1181.1879606879606,814,142
6,298,852.5965621840243,575.5278058645096,989,143
6,295,845.5570652173913,140.33423913043478,736,302
6,181,543.8849315068493,252.46986301369864,730,240
6,179,540.7490875912408,1028.713503649635,1096,242
6,178,537.0427599611273,1204.1885325558794,1029,243
6,68,170.25775656324583,252.28758949880668,838,149
6,67,170.1405990016639,669.1297836938436,1202,150
6,66,166.22638146167557,95.0650623885918,1122,151
6,65,160.68235294117648,613.3014705882352,680,152
6,64,162.04297994269342,62.21107927411652,1047,153
6,63,156.15163398692812,640.1202614379085,765,155
6,69,174.58664412510566,860.9247675401522,1183,148
6,61,152.23609653725077,1224.3252885624345,953,162
6,59,151.65209940017138,1079.808911739503,1167,158
6,58,146.62694704049844,787.7655763239875,1284,160
6,57,141.7027932960894,323.54301675977655,895,159
6,56,141.60559796437659,441.3350296861747,1179,161
6,55,135.0916590284143,1171.000916590284,1091,181
6,54,133.08009909165978,234.2749793559042,1211,183
6,60,150.16666666666666,1257.4327808471455,1086,157
6,70,174.13270637408567,32.298850574712645,957,154
6,71,182.0551038843722,474.7570009033424,1107,163
6,72,186.2358003442341,738.4432013769364,1162,164
6,91,231.01019541206458,1284.1214953271028,1177,309
6,90,226.48480662983425,1105.524861878453,1448,170
6,87,217.81650570676032,555.0184372256365,1139,172
6,85,208.43950617283951,615.7987654320988,810,173
6,84,204.6113936927772,279.7273652085453,983,174
6,83,200.41323971915747,247.45235707121364,997,177
6,82,200.91293103448277,397.2818965517241,1160,176
6,80,199.56681222707422,1168.1825327510917,1145,175
6,79,197.90927218344964,1219.9541375872384,1003,178
6,78,197.6394913986537,113.10097232610322,1337,179
6,77,193.81484716157206,310.83231441048036,1145,180
6,76,188.37871674491393,768.6948356807512,639,295
6,75,190.13137032842582,794.9184597961495,883,296
6,74,187.84228187919464,197.89709172259506,894,304
6,73,188.29640718562874,592.124750499002,1002,165
6,53,121.080547112462,465.09726443768994,658,218
6,52,128.05165114309906,705.8458933107536,1181,184
6,51,120.38958333333333,759.36875,1440,203
6,50,115.76060070671377,1061.1042402826856,1132,204
6,25,55.424947145877375,1288.2336152219873,946,186
6,24,54.32773851590106,1203.5883392226149,1132,187
6,23,49.879464285714285,137.95758928571428,896,305
6,22,47.561145510835914,672.6787925696594,1292,190
6,21,42.18821292775665,111.29847908745248,526,306
6,20,42.90762124711316,761.2875288683603,866,189
6,19,38.250385208012325,471.8828967642527,1298,192
6,18,34.57262905162065,970.1140456182472,833,199
6,17,35.74765625,1101.88671875,1280,193
6,15,26.16191904047976,1326.8230884557722,667,196
6,14,27.902255639097746,317.5216165413534,1064,194
6,13,23.7865055387714,999.5176233635448,993,0
6,12,24.115211521152116,1263.1512151215122,1111,197
6,11,25.990602975724354,562.0344557556774,1277,195
6,10,22.309649122807016,619.0833333333334,1140,220
6,26,63.36159346271706,622.1430030643514,1958,188
6,92,228.05870165745856,51.00207182320442,1448,169
6,27,56.04987834549878,737.6751824817518,822,185
6,32,71.73741285824941,778.9682416731216,1291,200
6,49,106.4122340425532,1322.35195035461,1128,205
6,48,104.95947136563876,409.7647577092511,1135,207
6,47,103.72030237580994,611.6414686825054,926,211
6,46,104.41501976284584,199.76600790513834,1265,208
6,45,102.55777584708949,1158.8801042571677,1151,209
6,44,102.89233278955955,829.0228384991843,1226,206
6,42,95.72709359605912,467.15566502463054,1015,210
6,41,95.28331936295055,649.6990779547359,1193,212
6,40,93.38,506.7069230769231,1300,213
6,38,92.40333091962346,578.5010861694425,1381,214
6,37,89.39772727272727,281.41783216783216,1144,215
6,36,81.48397104446742,1261.8314374353672,967,216
6,35,81.57166257166257,47.42751842751843,1221,217
6,34,77.05263157894737,1227.749731471536,931,202
6,33,70.1517094017094,1067.0288461538462,936,201
6,28,62.47764705882353,311.6243137254902,1275,191
6,93,227.75930735930737,666.408658008658,1155,168
6,180,544.0074812967581,409.45885286783044,802,147
6,96,235.08404384896468,1332.151035322777,821,312
6,156,457.84571966133586,248.0667920978363,1063,320
6,155,460.91819571865443,93.16819571865443,1308,229
6,154,450.0748502994012,1245.9051896207584,1002,236
6,153,434.2296476306197,269.1688942891859,823,256
6,152,428.9454887218045,830.1550751879699,1064,231
6,151,430.18506493506493,121.20535714285714,1232,297
6,150,425.04162812210916,416.5448658649399,1081,232
6,149,424.4751580849142,350.50948509485096,1107,311
6,148,420.57260273972605,1271.5333333333333,1095,233
6,146,410.1924882629108,1137.000938967136,1065,234
6,145,410.648538961039,615.9074675324675,1232,235
6,144,401.9652406417112,846.3355614973262,748,255
6,143,402.34318901795143,936.8606124604013,947,237
6,141,387.89801699716713,1280.8970727101039,1059,257
6,140,387.0712136409228,1192.2587763289869,997,284
6,158,468.5214814814815,1048.282962962963,1350,226
6,139,387.3703976435935,1054.058910162003,1358,279
6,159,466.10526315789474,1113.602105263158,950,225
6,162,486.46649810366625,594.275600505689,1582,223
6,95,232.59549356223175,1254.6931330472103,932,167
6,177,530.6480231436838,1101.6673095467695,1037,244
6,176,525.3607843137255,1235.5343137254902,1020,245
6,175,513.9422700587085,57.983365949119374,1022,247
6,174,511.91482112436114,259.4182282793867,1174,254
6,173,509.67116357504216,537.031197301855,1186,248
6,172,499.47489539748955,1112.7677824267782,956,250
6,171,500.9217719132894,391.0028275212064,1061,249
6,170,498.7106109324759,434.037513397642,933,251
6,169,493.62854144805874,1147.5204616998951,953,252
6,168,492.0808625336927,933.4366576819407,742,253
6,167,490.41797432239656,906.5292439372325,701,239
6,166,493.86643356643356,794.7615384615384,1430,246
6,164,490.204016064257,1078.974297188755,1245,221
6,163,484.6499402628435,558.0358422939069,837,238
6,161,480.83046237534,63.362647325475976,1103,224
6,138,380.78395721925136,648.9401069518717,935,278
6,157,465.24314442413163,214.17184643510055,1094,227
6,136,375.7450357426529,1018.383637807784,1259,280
6,113,299.32417061611375,363.4909952606635,1055,275
6,112,293.01033295063144,789.4626865671642,871,265
6,111,294.67156105100463,497.41653786707883,1294,261
6,110,290.4153696498054,1314.136186770428,1028,266
6,108,289.2981308411215,626.5,1070,267
6,107,282.3245033112583,393.8107852412488,1057,268
6,106,277.01393728222996,916.8327526132405,1148,269
6,105,262.88633754305397,426.99655568312284,871,270
6,104,261.7230910763569,75.5639374425023,1087,271
6,102,249.8465499485067,386.00926879505664,971,272
6,101,247.89156626506025,182.82463186077644,747,222
6,100,249.48053181386516,541.3570750237417,1053,219
6,99,245.73471307619943,600.2370649106302,1063,182
6,137,379.8534728829686,1350.7535680304472,1051,313
6,97,238.6629213483146,208.20545746388444,623,166
6,114,299.26429980276134,701.6173570019724,1014,264
6,115,300.6137184115523,1117.7211191335741,1108,262
6,109,286.20110192837467,1162.2217630853995,726,314
6,117,311.9559686888454,554.5900195694717,1022,259
6,135,374.3226042428676,1110.9809802487198,1367,281
6,116,302.3383647798742,818.2716981132075,795,260
6,132,361.20483005366725,797.8220035778176,1118,283
6,131,359.27893175074183,389.6330365974283,1011,291
6,130,356.3140311804009,674.1659242761692,898,286
6,129,349.1128526645768,645.1865203761755,638,285
6,128,350.12103746397696,616.956772334294,694,287
6,127,347.4963768115942,1208.9722222222222,828,288
6,133,366.20417124039517,703.2480790340286,911,282
6,124,337.697247706422,1311.9571865443424,981,290
6,123,336.54859611231103,340.3858891288697,1389,276
6,122,328.03039832285117,800.1509433962265,954,277
6,121,329.5238095238095,1256.9297423887588,1281,274
6,119,320.293893129771,460.0353053435114,1048,273
6,118,322.8055925432756,394.06724367509986,1502,258
6,126,344.0520833333333,304.6041666666667,864,289
7,238,709.1711079943899,551.5680224403927,713,4
7,237,712.0870265914585,402.02336825141015,1241,5
7,236,700.438149197356,689.0047214353164,1059,6
7,235,698.6465306122449,732.6710204081633,1225,8
7,234,696.4262948207171,792.6278884462151,1255,15
7,233,693.8167938931298,1335.3664122137404,786,298
7,232,692.897341888176,339.198900091659,1091,9
7,228,682.5105769230769,242.7596153846154,1040,12
7,229,684.6692836113837,957.7016683022571,1019,11
7,227,682.1853699085619,1023.8412302576891,1203,13
7,225,670.6859867938372,518.2663242846662,1363,14
7,224,668.6568296795953,1204.7403035413154,1186,16
7,223,658.4350515463917,637.1113402061856,485,34
7,239,715.7155080213904,763.751871657754,935,3
7,231,689.989898989899,919.7568542568542,1386,10
7,240,720.8537682789652,1089.0517435320585,889,2
7,242,730.9409131602507,239.2103849597135,1117,29
7,222,660.407709414381,607.1074870274277,1349,35
7,260,764.8952830188679,1184.159433962264,1060,19
7,259,760.3591160220994,1128.3160220994475,905,23
7,258,757.840613931523,1215.6221959858324,847,21
7,257,755.8510638297872,917.986170212766,940,22
7,256,757.6367041198502,216.9260299625468,1068,26
7,255,758.0405982905983,434.5178062678063,1404,24
7,241,732.5149105367793,656.9184890656063,1509,7
7,254,756.6746031746031,350.5093795093795,1386,33
7,250,746.3069936421435,548.5658492279746,1101,28
7,249,742.0179257362356,691.3277848911652,781,30
7,247,739.3037790697674,49.39970930232558,688,31
7,246,738.8179611650486,1352.6080097087379,824,299
7,245,738.9061990212072,806.9714518760196,1226,18
7,244,736.3115183246073,1151.479930191972,1146,25
7,243,734.7451381780962,737.1279426816786,977,17
7,253,753.0187192118227,78.18522167487684,1015,27
7,221,652.0298507462686,82.97180762852405,1206,55
7,182,562.8604427333975,938.0769971126083,1039,198
7,219,647.6975648075412,213.71170463472114,1273,56
7,195,583.6200607902736,402.83586626139817,987,40
7,194,585.48,796.085925925926,1350,41
7,193,583.4037520391518,125.42332789559543,1226,44
7,192,583.1056910569106,1202.4051490514905,1476,51
7,191,578.1288546255506,269.04185022026434,908,42
7,190,574.2461161079314,1150.716271463614,1223,45
7,189,574.5741737125288,1113.1483474250576,1301,46
7,188,567.3098591549295,696.6609657947686,994,48
7,187,568.8344308560677,184.7535277516463,1063,49
7,186,570.2311284046692,851.5330739299611,1285,47
7,185,567.9058728881738,333.6814159292035,1243,50
7,184,567.2786885245902,78.4153005464481,1281,145
7,183,563.078391959799,1249.372864321608,995,108
7,262,766.2870285188593,1296.4609015639373,1087,20
7,181,544.05,409.16309523809525,840,147
7,196,587.930177514793,1041.8994082840236,845,39
7,197,594.3172293364377,627.9610011641444,1718,43
7,198,595.3028052805281,308.60643564356434,1212,37
7,199,594.0982048574446,1084.6694825765576,947,54
7,218,633.3122580645161,1215.236129032258,775,59
7,217,633.3302598491199,514.6529756915339,1193,60
7,216,626.8211845102505,473.65261958997723,878,61
7,214,619.972602739726,1239.5931506849315,730,293
7,212,620.3720538720539,880.1178451178451,1188,62
7,211,619.7707979626485,335.9584040747029,1178,63
7,210,612.6207233626589,998.7556207233627,1023,67
7,220,648.1378122308355,1254.433247200689,1161,57
7,209,614.0767663043479,1318.7873641304348,1472,65
7,207,605.0066666666667,191.164,750,66
7,206,607.275624461671,159.34711455641687,1161,318
7,205,604.7844990548205,72.28638941398866,1058,69
7,204,604.0752688172043,249.27377998345742,1209,68
7,201,596.328007518797,953.6795112781955,1064,52
7,200,593.3149606299213,1270.7097862767155,889,53
7,208,616.0987394957983,663.0196078431372,1428,64
7,263,768.345013477089,271.3620844564241,1113,70
7,306,893.020120724346,460.7786720321932,994,131
7,265,773.354211663067,1337.5183585313175,926,294
7,331,967.8654781199351,1067.739059967585,617,75
7,330,972.2110694183865,682.6500938086303,1066,77
7,329,964.2383638928068,1093.74047954866,709,78
7,328,960.9487870619946,1017.4070080862533,371,88
7,327,965.8866995073892,98.23645320197045,609,79
7,325,963.4851063829788,270.8068085106383,1175,81
7,324,952.8989583333333,718.7479166666667,960,300
7,321,946.5434565434565,811.8921078921079,1001,83
7,320,946.96,1042.016,1125,82
7,319,939.6414686825054,678.1749460043196,926,301
7,318,940.2693266832918,122.97630922693267,1604,85
7,317,937.3558897243108,79.6516290726817,1197,84
7,316,932.2175824175824,1146.3945054945054,910,87
7,315,927.6260683760684,1010.0363247863248,468,107
7,314,930.1361702127659,1197.9882978723404,940,86
7,332,975.048401826484,634.1945205479452,1095,76
7,333,975.6508120649652,145.27610208816705,862,80
7,334,973.2583798882681,1161.5642458100558,716,74
7,335,983.215149073328,1130.9355358581788,1241,89
7,352,1021.1197604790419,1357.0688622754492,1002,93
7,351,1012.0929487179487,396.3076923076923,936,94
7,180,543.9948914431673,251.40613026819923,783,240
7,349,1009.0885296381832,1270.256351039261,1299,95
7,348,1008.1428571428571,149.4542857142857,1050,97
7,347,1003.3259726603575,615.9348054679285,951,99
7,346,1000.5298804780876,659.1952191235059,1004,98
7,312,918.6593673965937,914.0012165450122,822,144
7,345,999.9749518304432,731.0924855491329,1038,100
7,343,996.2367194780987,1057.8667287977632,1073,104
7,342,994.6575221238938,487.2920353982301,1130,105
7,341,993.7548638132296,232.2431906614786,1028,103
7,339,993.0720930232558,869.806976744186,1290,106
7,338,991.097,797.093,1000,102
7,337,989.1259765625,115.09375,1024,91
7,336,986.9654305468259,61.23695788812068,1591,90
7,344,996.1754780652418,764.2890888638921,889,101
7,264,771.6116504854369,1257.6893203883494,824,71
7,311,917.1301204819277,342.4168674698795,830,109
7,308,901.5857819905214,1353.824644549763,1055,130
7,283,825.1979487179487,197.66051282051282,975,303
7,282,819.7805676855895,818.3318777292576,916,114
7,281,818.3674911660777,262.94817432273265,849,116
7,280,817.4652482269504,142.75460992907801,705,115
7,278,803.3625541125541,18.88744588744589,924,118
7,277,801.5906821963395,1283.7054908485857,1202,119
7,276,800.1069849690539,1238.3333333333333,1131,120
7,275,797.8883977900553,1317.7977900552487,905,121
7,274,793.7714561234329,661.6827386692382,1037,122
7,273,793.7948473282443,50.45324427480916,1048,125
7,272,795.2868055555556,395.2909722222222,1440,123
7,270,780.2778402699663,176.42857142857142,889,73
7,269,781.7123034227567,693.7206290471786,1081,124
7,267,777.6385998107852,631.5279091769158,1057,72
7,266,775.8561296859169,1093.1185410334347,987,146
7,284,827.3995037220843,775.0454921422663,1209,112
7,285,826.3360910031024,594.5180972078593,967,113
7,287,835.0823311748381,850.3829787234042,1081,111
7,288,835.9087982832618,168.56437768240343,932,117
7,307,900.7942322681216,126.0701480904131,1283,129
7,305,892.5204841713222,494.9376163873371,1074,134
7,304,890.72,899.653023255814,1075,133
7,303,893.2117346938776,1306.0363520408164,1568,132
7,302,887.7894736842105,773.5554311310191,893,135
7,301,887.841081081081,626.9708108108108,925,136
7,299,877.0379609544468,1235.3796095444686,922,139
7,309,913.1235059760957,546.3179282868526,1255,110
7,298,874.3793969849246,1265.569095477387,796,138
7,296,874.2724077328646,524.5298769771529,1138,140
7,295,856.4739884393064,1180.9098265895955,865,142
7,294,852.5585858585858,574.9232323232324,990,143
7,293,852.1185661764706,275.7398897058824,1088,127
7,292,846.0784557907846,139.76463262764634,803,302
7,291,840.975443383356,1204.8362892223738,733,128
7,290,842.2789968652038,430.82027168234066,957,126
7,297,873.3080708661417,821.2293307086615,1016,141
7,350,1010.8256107834878,1094.502948609941,1187,96
7,179,544.409622886866,165.10533159947985,769,241
7,177,537.0173745173745,1203.7915057915059,1036,243
7,70,169.50412087912088,254.45741758241758,728,149
7,69,170.14070351758795,668.5778894472362,1194,150
7,68,167.24357541899442,94.36312849162012,895,151
7,67,160.80895915678525,612.9341238471674,759,152
7,66,162.2953081876725,62.54921803127875,1087,153
7,65,155.85654008438817,640.2461322081575,711,155
7,63,152.1027749229188,1223.7667009249742,973,162
7,61,150.1224122412241,1257.3906390639063,1111,157
7,60,151.32523051131602,1079.5901089689858,1193,158
7,59,147.2417840375587,787.6924882629108,1278,160
7,58,141.42994652406418,322.3529411764706,935,159
7,57,143.34327009936766,437.6549232158988,1107,161
7,56,135.76194852941177,1170.8051470588234,1088,181
7,55,123.42799188640974,466.5578093306288,493,218
7,54,133.48063973063972,233.8493265993266,1188,183
7,71,174.80206540447503,860.2418244406197,1162,148
7,53,128.37424892703862,705.5922746781116,1165,184
7,72,174.49653808110781,31.652818991097924,1011,154
7,74,186.20521739130436,738.2086956521739,1150,164
7,91,227.98351254480286,50.48243727598566,1395,169
7,90,227.22576079263976,1104.9079971691438,1413,170
7,89,218.09405501330968,555.170363797693,1127,172
7,87,208.2596153846154,615.7271634615385,832,173
7,86,204.94450050454085,279.26639757820385,991,174
7,85,200.84280639431617,396.5488454706927,1126,176
7,84,200.79484638255698,246.10109018830525,1009,177
7,83,198.06372549019608,1220.0480392156862,1020,178
7,82,198.28708133971293,1166.652312599681,1254,175
7,81,195.1037837837838,794.3027027027027,925,296
7,80,197.89426656738644,112.70737155621742,1343,179
7,79,190.84782608695653,768.0234113712374,598,295
7,78,193.95777178796047,310.4761904761905,1113,180
7,77,189.77319587628867,590.7958762886598,970,165
7,75,189.55040322580646,197.75504032258064,992,304
7,73,182.07657247037375,474.8131267092069,1097,163
7,52,120.55943060498221,759.2391459074734,1405,203
7,51,115.91184096802074,1060.80985306828,1157,204
7,50,105.64744429882045,611.1939711664483,763,211
7,25,55.50545454545455,736.1903030303031,825,185
7,24,54.542284219703575,1203.151700087184,1147,187
7,23,51.285714285714285,138.3721488595438,833,305
7,22,47.745113369820174,672.7443315089914,1279,190
7,21,42.57018813314038,110.99565846599131,691,306
7,20,42.164108618654076,761.0649350649351,847,189
7,19,38.14089068825911,471.4526315789474,1235,192
7,18,34.56136363636364,969.9056818181818,880,199
7,17,36.12905779889153,1101.2264449722882,1263,193
7,15,26.248933143669987,1327.0213371266002,703,196
7,14,28.256704980842912,317.0536398467433,1044,194
7,13,26.111602209944753,1000.0298342541437,905,0
7,12,27.41897720271103,564.0425138632163,1623,195
7,11,24.442222222222224,1262.7244444444445,1350,197
7,178,540.7265268915223,1028.26709206928,1097,242
7,26,56.11087645195354,1287.3020063357972,947,186
7,27,63.80842696629213,620.2775280898876,1780,188
7,28,62.773462783171524,311.09789644012943,1236,191
7,30,57.012953367875646,1256.6632124352332,386,308
7,49,106.53486319505737,1322.3212709620477,1133,205
7,48,104.90441839495041,409.04959422903516,1109,207
7,47,104.62740384615384,199.34535256410257,1248,208
7,46,103.28216123499142,1158.8404802744426,1166,209
7,45,103.42696629213484,827.7126805778491,1246,206
7,44,96.49683257918552,467.66696832579186,1105,210
7,42,95.19708654670094,648.8123393316196,1167,212
7,93,227.868258178603,665.8859416445623,1131,168
7,41,93.38321456848773,505.9350752177356,1263,213
7,38,94.36075522589346,578.8981793661497,1483,214
7,37,89.40794223826715,280.9196750902527,1108,215
7,36,82.21613236814892,1262.076525336091,967,216
7,35,81.9457429048414,46.67445742904842,1198,217
7,34,77.24193548387096,1227.4591397849463,930,202
7,33,70.58041237113402,1066.3494845360824,970,201
7,32,72.24240121580547,779.6793313069909,1316,200
7,39,89.36391437308869,943.1671763506625,981,307
7,94,231.84910485933503,1283.3111679454391,1173,309
7,10,23.124333925399643,618.696269982238,1126,220
7,97,238.22064056939502,208.14946619217082,562,166
7,155,458.6947867298578,247.65308056872038,1055,320
7,154,449.9284332688588,1245.5802707930368,1034,236
7,153,434.6456140350877,268.83391812865494,855,256
7,152,430.02963671128106,831.1175908221797,1046,231
7,151,430.33361558001695,120.53513971210839,1181,297
7,150,425.107047279215,349.80107047279216,1121,311
7,149,424.786301369863,415.2191780821918,1095,232
7,148,421.23118766999096,1270.7443336355395,1103,233
7,147,405.5900621118012,790.1635610766045,483,263
7,146,410.39241706161135,1136.5943127962084,1055,234
7,145,410.41399176954735,615.4971193415638,1215,235
7,144,402.01256281407035,845.1545226130653,796,255
7,143,401.99377593361,936.6742738589212,964,237
7,141,388.42883379247013,1280.408631772268,1089,257
7,140,385.9575892857143,1054.014136904762,1344,279
7,156,461.72682526661197,92.74241181296145,1219,229
7,157,465.64184731385484,214.14137606032045,1061,227
7,158,468.68512898330806,1047.5948406676782,1318,226
7,159,465.70030895983524,1113.2131822863028,971,225
7,96,234.90940366972478,1331.5745412844037,872,312
7,175,525.21484375,1235.3427734375,1024,245
7,174,514.2641509433962,56.90764647467726,1007,247
7,173,511.6675392670157,258.64659685863876,1146,254
7,172,509.46736502820306,536.9629331184528,1241,248
7,171,499.6334702258727,1112.3839835728952,974,250
7,170,501.1404335532516,390.31950989632423,1061,249
7,139,386.0249768732655,1191.432007400555,1081,284
7,169,498.76670201484626,433.2407211028632,943,251
7,167,490.7232620320856,906.1430481283422,748,239
7,166,490.012936610608,933.4010349288486,773,253
7,165,490.69134775374374,1078.5682196339435,1202,221
7,164,484.65234899328857,557.9167785234899,745,238
7,163,489.65732087227417,795.3021806853583,1284,246
7,162,486.61667744020684,593.6677440206852,1547,223
7,161,481.06654343807764,63.084103512014785,1082,224
7,168,493.71688574317494,1147.1314459049545,989,252
7,138,381.0744680851064,648.7946808510638,940,278
7,176,531.2009803921569,1101.1352941176472,1020,244
7,136,375.74183006535947,1017.4591503267974,1224,280
7,113,299.67543064369903,363.25385312783317,1103,275
7,112,293.07606263982103,789.1476510067114,894,265
7,111,294.5677165354331,496.70708661417325,1270,261
7,110,290.46132596685084,1314.1408839779006,1086,266
7,109,288.8816901408451,625.9474178403756,1065,267
7,108,284.5608028335301,1161.7272727272727,847,314
7,107,282.9384765625,393.783203125,1024,268
7,106,277.32955536181345,916.0680034873583,1147,269
7,104,263.13714285714286,425.66742857142856,875,270
7,103,261.7985414767548,75.12762078395625,1097,271
7,102,250.37025948103792,385.809381237525,1002,272
7,101,247.50120192307693,182.55889423076923,832,222
7,100,249.36623889437314,541.3563672260613,1013,219
7,99,243.390760346487,1217.7834456207893,1039,310
7,137,379.9234360410831,1350.9122315592904,1071,313
7,114,299.4724724724725,701.2492492492493,999,264
7,115,300.01063829787233,1117.2783687943263,1128,262
7,98,243.9683426443203,598.2364990689013,1074,182
7,117,312.01461988304095,554.2992202729044,1026,259
7,116,302.45303867403317,818.0055248618785,724,260
7,134,374.351976137211,1110.7710663683818,1341,281
7,133,366.745652173913,702.4815217391305,920,282
7,132,361.34290843806104,797.0825852782765,1114,283
7,131,359.1269990592662,389.0244590780809,1063,291
7,130,356.2446448703495,673.9007891770011,887,286
7,128,349.9211563731932,616.4178712220762,761,287
7,127,347.6957494407159,1208.5212527964206,894,288
7,129,349.1119402985075,645.0611940298508,670,285
7,125,344.80550774526677,1356.9251290877796,1162,315
7,124,337.749500998004,1311.7924151696607,1002,290
7,123,336.8361623616236,340.0162361623616,1355,276
7,122,329.3981117230527,1256.121951219512,1271,274
7,121,327.82448979591834,799.8724489795918,980,277
7,119,322.9396024464832,393.2117737003058,1308,258
7,118,320.62488038277513,459.24401913875596,1045,273
7,126,344.53452115812917,303.8028953229399,898,289
8,234,694.02125,1335.71,800,298
8,239,715.8505869797225,763.4439701173959,937,3
8,238,713.4851576994434,545.4489795918367,1078,4
8,237,712.3022922636103,401.2249283667622,1396,5
8,235,699.0299212598425,731.8811023622047,1270,8
8,233,697.0860299921073,792.2904498816101,1267,15
8,223,661.057705840957,606.8212526389866,1421,35
8,230,684.6682832201745,958.5906886517944,1031,11
8,229,688.0780780780781,922.0262762762762,1332,10
8,228,681.9035250463822,243.36363636363637,1078,12
8,227,682.3261044176706,1023.8971887550201,1245,13
8,225,671.0303239145417,520.1075120606479,1451,14
8,224,668.7119609438568,1204.2750203417413,1229,16
8,240,721.5541474654378,1089.2315668202764,868,2
8,232,693.0663677130045,339.7677130044843,1115,9
8,241,732.5361407919547,656.9038340666248,1591,7
8,249,744.0790697674419,691.3267441860465,860,30
8,243,736.2646801051709,1153.0841367221735,1141,25
8,222,652.7029795158287,84.39106145251397,1074,55
8,258,759.9659090909091,1128.3039772727273,1056,23
8,257,755.8,917.6447916666667,960,22
8,256,757.9090098126673,216.11685994647635,1121,26
8,255,756.8014505893019,1216.9954669084316,1103,21
8,254,758.3832092078537,434.55044008124577,1477,24
8,253,756.7255563047876,350.5637221847606,1483,33
8,252,752.9990157480315,79.0501968503937,1016,27
8,251,749.8964467005076,174.49238578680203,985,323
8,250,746.9673518742443,48.40145102781137,827,31
8,248,745.9525089605735,548.6756272401434,1116,28
8,247,742.6533613445379,18.80252100840336,952,32
8,246,739.7711797307996,1357.4061757719714,1263,299
8,245,739.318759936407,807.2702702702703,1258,18
8,244,735.0905263157895,737.16,950,17
8,242,731.2072072072073,239.3791973791974,1221,29
8,259,765.2405660377359,1184.159433962264,1060,19
8,199,594.8729463307776,1083.870755750274,913,54
8,220,647.9742813918306,213.82904689863844,1322,56
8,193,583.6573275862069,403.2747844827586,928,40
8,192,584.931196247068,794.1274433150899,1279,41
8,191,584.0641312453394,126.65398956002983,1341,44
8,190,583.506726457399,1202.4253683536194,1561,51
8,189,577.8795580110498,269.70939226519334,905,42
8,188,574.3397901533494,1151.908797417272,1239,45
8,187,574.4463937621832,1112.735542560104,1539,46
8,186,570.6165413533835,852.1330827067669,1330,47
8,185,567.1088082901555,697.0849740932642,965,48
8,184,569.0921739130434,185.13130434782607,1150,49
8,183,567.7492424242424,333.9901515151515,1320,50
8,182,563.4347389558233,1249.2309236947792,996,108
8,181,566.9561338289963,78.79851301115242,1345,145
8,180,563.7079812206573,938.3718309859155,1065,198
8,260,768.3040885860306,271.54940374787054,1174,70
8,194,594.5832878208629,627.2424904423813,1831,43
8,195,587.8683602771363,1042.2228637413396,866,39
8,196,595.2365019011407,308.5688212927757,1315,37
8,197,593.5868131868132,1270.9263736263736,910,53
8,219,647.5977742448331,1253.922893481717,1258,57
8,218,633.4190715181933,1215.9134253450438,797,59
8,217,633.2501954652072,513.8835027365129,1279,60
8,216,626.2647058823529,474.5169683257919,884,61
8,214,618.8536953242835,1239.2518853695324,663,293
8,212,620.9277688603531,880.2142857142857,1246,62
8,221,650.4676165803108,637.5427461139897,772,34
8,211,619.8657094594595,336.3268581081081,1184,63
8,208,614.373831775701,1317.9933244325769,1498,65
8,207,616.2403598971722,663.2769922879178,1556,64
8,206,602.9201520912547,187.99049429657794,526,66
8,205,606.0742659758204,251.50086355785837,1158,68
8,204,607.1054469273743,160.2667597765363,1432,318
8,203,604.041329739443,72.8733153638814,1113,69
8,198,594.8512869399428,953.4280266920877,1049,52
8,209,613.8536585365854,999.9512195121952,1066,67
8,261,767.3236331569665,1296.0414462081128,1134,20
8,305,917.020731707317,342.90365853658534,820,109
8,264,774.526678141136,1259.763339070568,1162,71
8,326,974.8321858864027,634.5481927710844,1162,76
8,325,966.5429071803853,1068.3134851138354,571,75
8,324,971.8221859706363,684.2724306688417,1226,77
8,323,966.1412429378531,99.17796610169492,708,79
8,322,962.4457831325301,1017.4176706827309,498,88
8,320,964.2466307277627,1094.3948787061995,742,78
8,319,963.8710526315789,272.76140350877193,1140,81
8,318,953.5387797311272,718.852119958635,967,300
8,315,946.4936211972522,812.4386653581943,1019,83
8,314,946.9809523809524,1042.7930735930736,1155,82
8,313,939.3390216154721,679.0511945392492,879,301
8,312,940.4462102689487,123.91442542787286,1636,85
8,311,937.1504201680672,79.39495798319328,1190,84
8,310,932.0369967355822,1146.9096844396083,919,87
8,327,972.5742296918768,1162.4649859943977,714,74
8,309,930.3113897596656,1198.5527690700105,957,86
8,328,976.0256124721603,145.52561247216036,898,80
8,330,987.3069544364508,61.27278177458034,1668,90
8,179,544.5129770992367,166.33893129770993,655,241
8,346,1021.0418794688458,1357.3186925434115,979,93
8,345,1012.1500513874614,397.1027749229188,973,94
8,344,1009.3744493392071,1271.127019089574,1362,95
8,343,1010.0596774193548,1094.6709677419356,1240,96
8,342,1008.0236071765817,149.79508970727102,1059,97
8,341,1003.5198744769874,616.5523012552301,956,99
8,340,1000.7757100881489,659.2575905974535,1021,98
8,339,1000.0,731.0774907749078,1084,100
8,338,995.9320175438596,764.1480263157895,912,101
8,335,995.0767284991568,1057.3575042158516,1186,104
8,334,993.3261074458059,232.42884071630536,1061,103
8,333,991.6415607985481,797.3248638838476,1102,102
8,332,991.5959214501511,869.4274924471299,1324,106
8,331,989.7660878447396,115.52093973442288,979,91
8,329,983.4388971684053,1131.467213114754,1342,89
8,263,775.2415985467757,1095.1453224341508,1101,146
8,308,927.2195488721804,1011.2586466165413,665,107
8,303,913.0190895741556,547.0484581497798,1362,110
8,281,836.0310237849018,168.21302998965874,967,117
8,279,825.9905857740586,594.9194560669456,956,113
8,278,827.224,774.7432,1250,112
8,277,825.0745526838966,198.16401590457255,1006,303
8,276,818.2283653846154,263.7668269230769,832,116
8,275,817.3286516853933,142.6306179775281,712,115
8,273,804.0696753760886,1283.9952494061758,1263,119
8,272,798.277238403452,1318.2254584681768,927,121
8,271,800.8969162995595,1237.3162995594714,1135,120
8,270,797.0633147113595,52.30540037243948,1074,125
8,269,794.9116022099447,662.3222836095764,1086,122
8,268,795.4393220338983,394.2135593220339,1475,123
8,267,781.1458094144662,179.6349024110218,871,73
8,266,780.7273542600897,694.4143497757848,1115,124
8,265,773.5614406779661,1337.6705508474577,944,294
8,282,835.5290957923008,850.4941808415398,1117,111
8,306,918.7078142695357,913.1370328425821,883,144
8,284,842.1896024464831,431.0652395514781,981,126
8,286,845.8733333333333,139.528,750,302
8,302,901.1166666666667,1355.2260416666666,960,130
8,301,900.4930981595093,126.37960122699387,1304,129
8,300,893.0575815738963,460.542226487524,1042,131
8,299,892.5581818181818,494.93545454545455,1100,134
8,298,887.8635863586359,773.7403740374037,909,135
8,297,887.9946524064171,627.0267379679144,935,136
8,295,893.6088235294118,1306.6664705882354,1700,132
8,294,888.8397873955961,899.3606681852696,1317,133
8,293,877.0223404255319,1235.827659574468,940,139
8,292,874.4721518987342,1266.3341772151898,790,138
8,291,873.4415954415955,821.2136752136752,1053,141
8,290,874.2830508474576,525.0118644067796,1180,140
8,289,856.8380952380952,1180.895238095238,840,142
8,288,852.6959064327485,575.2134502923976,1026,143
8,287,852.4089775561097,274.8861180382377,1203,127
8,285,840.9952718676122,1205.48463356974,846,128
8,178,544.1827956989247,251.92876344086022,744,240
8,94,238.06777108433735,208.53614457831324,664,166
8,176,540.9620141342756,1028.5167844522969,1132,242
8,70,186.24810765349034,738.1732548359967,1189,164
8,69,182.2645739910314,474.9674887892377,892,163
8,68,174.467758444217,31.880245649948822,977,154
8,67,174.94967532467533,860.7613636363636,1232,148
8,66,169.86774193548388,668.5653225806452,1240,150
8,65,166.90573012939,94.66266173752311,1082,151
8,71,188.02517162471395,197.29862700228833,874,304
8,64,160.72662889518415,612.7762039660057,706,152
8,62,154.5721583652618,639.5925925925926,783,155
8,60,151.6776180698152,1223.5841889117044,974,162
8,59,150.30357142857142,1257.2517857142857,1120,157
8,58,151.46224066390042,1079.5510373443983,1205,158
8,57,147.14761544284633,788.221801665405,1321,160
8,56,141.87008733624455,323.2412663755459,916,159
8,63,162.03741814780167,62.29092609915809,1069,153
8,72,190.40134099616859,590.2001915708812,1044,165
8,73,194.1625947767481,310.9368155012637,1187,180
8,74,198.12714285714284,113.04928571428572,1400,179
8,91,232.65082108902334,1283.8971477960242,1157,309
8,89,228.5621301775148,665.9332206255283,1183,168
8,88,228.26972353337828,50.70262980445044,1483,169
8,87,227.20953660174615,1104.7797179314975,1489,170
8,85,218.03236797274275,554.5979557069846,1174,172
8,83,208.3107476635514,616.2628504672897,856,173
8,82,205.8861386138614,279.33960396039606,1010,174
8,81,199.64085106382979,1168.1702127659576,1175,175
8,80,201.0559732664996,396.796992481203,1197,176
8,78,197.79880478087648,1220.1085657370518,1004,178
8,77,193.5503144654088,768.1415094339623,636,295
8,76,197.88899430740037,247.5056925996205,1054,177
8,75,196.67102396514161,794.9662309368192,918,296
8,55,142.4203758654797,438.65182987141446,1011,161
8,54,135.96,1171.0862222222222,1125,181
8,53,133.32984714400644,233.82783588093324,1243,183
8,52,124.06036745406824,464.54068241469815,762,218
8,27,63.24661654135338,311.2736842105263,1330,191
8,26,64.69423558897243,619.6952380952381,1995,188
8,25,56.245345016429354,738.250821467689,913,185
8,24,55.84747474747475,1287.2636363636364,990,186
8,23,54.54514480408859,1203.4488926746167,1174,187
8,22,50.45882352941177,137.80320855614974,935,305
8,21,47.80511662904439,672.5131677953349,1329,190
8,20,42.412962962962965,110.38703703703703,540,306
8,19,42.138442521631646,761.8343634116193,809,189
8,18,38.52584269662921,471.68314606741575,1335,192
8,17,34.99404052443385,969.7115613825983,839,199
8,16,36.274767801857585,1101.749226006192,1292,193
8,14,25.550074738415546,1326.657698056801,669,196
8,13,28.012738853503183,317.17288444040037,1099,194
8,10,23.15748709122203,618.8227194492255,1162,220
8,31,72.29593373493977,778.746234939759,1328,200
8,93,235.30851063829786,1331.9468085106382,846,312
8,32,70.4989604989605,1066.4656964656965,962,201
8,34,81.9808,47.0304,1250,217
8,51,128.27931596091204,705.7972312703583,1228,184
8,50,120.39919082939987,759.0330411328389,1483,203
8,49,115.91323024054982,1060.8290378006873,1164,204
8,48,106.92912621359223,612.3757281553399,1030,211
8,47,106.50389610389611,1322.2580086580087,1155,205
8,46,105.20296167247386,409.4033101045296,1148,207
8,45,104.64468580294802,199.4600465477114,1289,208
8,44,103.01875532821825,1158.4313725490197,1173,209
8,43,102.81839438815277,828.8682774746687,1283,206
8,41,97.29865125240848,467.771676300578,1038,210
8,40,95.41707317073171,649.6471544715447,1230,212
8,39,93.51788375558867,506.41579731743667,1342,213
8,37,92.74687065368568,577.6314325452016,1438,214
8,36,89.57573149741825,281.18244406196214,1162,215
8,35,81.65834165834166,1261.4335664335665,1001,216
8,33,77.57475083056478,1227.5404208194907,903,202
8,177,543.918918918919,409.2199017199017,814,147
8,12,25.72139303482587,999.747263681592,1005,0
8,96,244.79891304347825,598.695652173913,1104,182
8,153,458.59671532846716,248.0912408759124,1096,320
8,152,460.66966292134833,92.82996254681647,1335,229
8,151,450.25262154432795,1245.5004766444233,1049,236
8,150,434.6169451073986,269.381861575179,838,256
8,149,430.4796380090498,832.0425339366516,1105,231
8,148,430.1044176706827,120.66425702811244,1245,297
8,155,468.5841155234657,1047.865703971119,1385,226
8,147,423.41551540913923,414.33262486716256,941,232
8,145,419.14145810663763,1272.0130576713818,919,233
8,143,410.40575673166205,1136.8291550603528,1077,234
8,142,410.56793048973145,615.5418641390205,1266,235
8,141,401.70866141732284,845.3608923884515,762,255
8,140,402.4376899696049,936.7375886524823,987,237
8,138,388.630740393627,1280.2605435801313,1067,257
8,146,425.2165775401069,350.1470588235294,1122,311
8,156,465.22860020140985,1113.4159113796577,993,225
8,158,481.2776304155615,63.03978779840849,1131,224
8,159,487.165120593692,594.404452690167,1617,223
8,175,537.2752120640905,1203.8482563619227,1061,243
8,174,530.918691588785,1101.3439252336448,1070,244
8,173,525.0358829084041,1235.6440037771483,1059,245
8,172,514.372,57.007,1000,247
8,171,512.0709570957096,259.07508250825083,1212,254
8,170,510.5267423014587,536.4602917341978,1234,248
8,169,499.4332648870637,1113.1303901437373,974,250
8,168,501.01,390.56545454545454,1100,249
8,167,499.1570841889117,433.6570841889117,974,251
8,166,493.9528112449799,1147.3303212851406,996,252
8,165,491.25901201602136,933.4926568758344,749,253
8,164,490.5689655172414,906.4511494252873,696,239
8,163,495.37375083277817,795.2478347768155,1501,246
8,161,491.12893081761007,1078.6493710691823,1272,221
8,160,484.17760180995475,557.341628959276,884,238
8,137,387.65697674418607,1191.733527131783,1032,284
8,136,386.60863309352516,1054.6640287769785,1390,279
8,154,465.57936507936506,213.74779541446208,1134,227
8,134,380.524334251607,1350.358126721763,1089,313
8,112,300.30385288966727,1117.9824868651488,1142,262
8,111,299.56689124157845,701.7728585178056,1039,264
8,110,299.052534562212,362.2442396313364,1085,275
8,109,292.969298245614,788.7609649122807,912,265
8,108,294.61762509335324,496.95369678864824,1339,261
8,107,290.76768642447416,1313.7906309751434,1046,266
8,106,285.2019099590723,1162.7080491132333,733,314
8,113,302.5280487804878,817.9451219512196,820,260
8,105,289.47251773049646,626.3812056737588,1128,267
8,103,276.97554806070826,916.1618887015177,1186,269
8,102,263.0361173814898,426.34988713318285,886,270
8,101,261.92522522522523,75.3099099099099,1110,271
8,99,250.21901211556383,541.0382106244175,1073,219
8,98,249.48511904761904,385.9811507936508,1008,272
8,135,381.21894093686353,648.6822810590631,982,278
8,97,247.51085568326948,182.32694763729248,783,222
8,104,282.70109689213893,393.96069469835464,1094,268
8,114,312.1131351869607,554.0412272291467,1043,259
8,95,242.84259259259258,1217.0514403292182,972,310
8,116,320.7409470752089,459.6285979572888,1077,273
8,115,323.3318122555411,392.851368970013,1534,258
8,132,374.6503546099291,1110.6829787234042,1410,281
8,130,367.2867647058824,702.5840336134454,952,282
8,129,361.38903394255874,797.5787641427328,1149,283
8,128,360.0694980694981,389.0733590733591,1036,291
8,127,357.12373737373736,674.3118686868687,792,286
8,126,349.92887029288704,616.9818688981869,717,287
8,125,349.17469879518075,645.4352409638554,664,285
8,133,375.7268588770865,1018.1722306525038,1318,280
8,123,344.358708189158,304.2087658592849,867,289
8,122,344.53231292517006,1356.8707482993198,1176,315
8,121,338.2997002997003,1311.7312687312688,1001,290
8,120,336.80392156862746,339.98879551820727,1428,276
8,119,328.1686108165429,799.7433722163308,943,277
8,118,329.74166020170674,1256.3157486423584,1289,274
8,124,347.9035714285714,1208.479761904762,840,288
9,232,714.7231404958678,763.5351239669421,968,3
9,231,708.4627875507442,552.4005412719891,739,4
9,230,699.2330097087379,904.242718446602,309,316
9,229,698.4110135674382,731.5945730247406,1253,8
9,228,692.8461538461538,1335.6786600496278,806,298
9,217,660.2182596291013,607.2496433666191,1402,35
9,227,695.6762422360248,793.2111801242236,1288,15
9,223,685.030442804428,923.1263837638377,1084,10
9,224,684.0592592592593,957.7240740740741,1080,11
9,222,681.1566820276498,243.18986175115208,1085,12
9,221,681.3753026634382,1023.7635189669088,1239,13
9,219,667.4622950819672,1202.6926229508197,1220,16
9,218,669.6367892976589,520.6849498327759,1495,14
9,233,720.2463442069741,1089.3003374578177,889,2
9,226,692.1892376681615,339.58206278026904,1115,9
9,234,731.5279220779221,657.0805194805195,1540,7
9,242,748.9632936507936,174.30753968253967,1008,323
9,236,733.8859832635983,737.4037656903765,956,17
9,216,653.911475409836,87.9224043715847,915,55
9,250,760.2220982142857,1127.8783482142858,896,23
9,249,754.8653846153846,917.4463562753036,988,22
9,248,757.2765017667845,216.79328621908127,1132,26
9,247,755.0,1217.544,1000,21
9,246,757.5003498950315,434.62911126662,1429,24
9,235,729.7877480586712,239.73597929249354,1159,29
9,245,756.0745738636364,350.7776988636364,1408,33
9,243,747.9340175953079,48.8782991202346,682,31
9,241,744.0116883116883,690.8545454545455,770,30
9,240,744.5110326566637,548.0467784642542,1133,28
9,239,742.7532467532468,19.466533466533466,1001,32
9,238,738.3873015873016,807.0373015873016,1260,18
9,237,735.7729549248747,1151.3188647746244,1198,25
9,244,752.4299242424242,78.90625,1056,27
9,251,763.9479251423921,1183.4475183075672,1229,19
9,177,543.9029443838604,251.8669574700109,917,240
9,214,647.1986353297953,214.0037907505686,1319,56
9,191,583.7846820809249,795.349710982659,1384,41
9,190,582.9755905511811,125.84645669291339,1270,44
9,189,582.6517615176152,1202.8760162601627,1476,51
9,188,577.8823529411765,269.057734204793,918,42
9,187,573.841975308642,1151.7942386831276,1215,45
9,186,573.6048448145344,1113.7009841029524,1321,46
9,185,566.5937794533459,696.5485391140434,1061,48
9,184,568.6339928057554,185.2248201438849,1112,49
9,183,568.9246676514033,851.4667651403249,1354,47
9,182,566.7561361836896,334.1821060965954,1263,50
9,181,566.5405405405405,78.72432432432433,1295,145
9,180,562.4525407478428,1249.6260786193673,1043,108
9,179,562.6018867924528,937.9971698113208,1060,198
9,178,543.2689655172413,409.48850574712645,870,147
9,252,766.720802919708,1295.844890510949,1096,20
9,192,582.7350515463918,402.83092783505157,970,40
9,215,646.9289568345324,1254.8839928057555,1112,57
9,193,586.9229871645274,1041.9194865810969,857,39
9,195,594.108713692946,308.9269709543568,1205,37
9,213,633.047557840617,1215.6028277634962,778,59
9,212,630.986223662885,514.8468395461913,1234,60
9,211,626.9073660714286,474.9877232142857,896,61
9,210,619.2963951935915,1239.8891855807744,749,293
9,208,619.8091353996738,879.6810766721044,1226,62
9,207,618.1384015594542,335.8840155945419,1026,63
9,206,611.9933396764985,998.4119885823026,1051,67
9,205,615.6231783483692,664.0451075641915,1441,64
9,204,613.3828947368421,1319.0875,1520,65
9,203,604.7724957555179,250.06451612903226,1178,68
9,202,606.9706744868035,160.16862170087975,1364,318
9,201,604.0054054054054,73.59009009009009,1110,69
9,198,592.5010917030568,1270.8853711790393,916,53
9,197,593.411055276382,1084.4231155778893,995,54
9,196,594.6734333627537,954.0838481906443,1133,52
9,194,594.0293440736478,627.9746835443038,1738,43
9,253,767.4157105030891,271.6178287731686,1133,70
9,297,915.5480868665977,343.40124095139606,967,109
9,257,773.1153402537485,1258.5028835063438,867,71
9,319,973.844968268359,634.3916591115141,1103,76
9,318,972.7064631956912,147.43177737881507,1114,80
9,317,971.6783276450512,683.2107508532423,1172,77
9,316,965.3160453808752,1067.8946515397083,617,75
9,315,963.4842249657064,1094.4170096021949,729,78
9,312,962.8116182572614,270.52365145228214,1205,81
9,320,971.8672086720867,1161.9322493224931,738,74
9,311,952.1736947791164,719.285140562249,996,300
9,308,945.9869565217391,1041.468695652174,1150,82
9,307,945.4415954415955,812.0075973409307,1053,83
9,306,938.2753468516543,678.3810032017076,937,301
9,305,939.626874625075,122.57648470305939,1667,85
9,304,936.3052631578947,79.44534412955466,1235,84
9,303,931.2919954904171,1146.5806087936867,887,87
9,309,947.8182773109244,994.0115546218487,952,88
9,321,982.3293650793651,1131.1436507936507,1260,89
9,323,986.2940809968848,61.34517133956386,1605,90
9,324,988.6027649769585,115.4147465437788,1085,91
9,176,543.3321167883212,165.12530413625305,822,241
9,339,1022.2305986696231,804.160753880266,902,92
9,338,1020.1046153846154,1356.694358974359,975,93
9,337,1011.1748927038626,396.35836909871244,932,94
9,336,1009.3840520748577,1094.1017087062653,1229,96
9,335,1008.068530207394,149.52209197475202,1109,97
9,334,1008.2275541795666,1270.4458204334364,1292,95
9,333,1002.8012295081967,616.264344262295,976,99
9,332,1000.0084033613446,659.750700280112,1071,98
9,331,995.4501557632399,767.2009345794393,642,101
9,330,997.9281828073994,732.2252448313384,919,100
9,328,993.0086621751684,1057.1713185755534,1039,104
9,327,992.2950047125354,232.72478793590952,1061,103
9,326,990.2997987927565,796.3621730382293,994,102
9,325,991.0015372790161,869.206764027671,1301,106
9,302,926.8134490238612,1010.0889370932755,461,107
9,255,772.4688489968321,1337.1098204857444,947,294
9,301,929.3591549295775,1198.2243460764587,994,86
9,296,912.2021604938271,546.5061728395061,1296,110
9,274,824.7855731225296,593.6482213438735,1012,113
9,273,826.8986928104575,774.749183006536,1224,112
9,272,824.1882470119522,198.47011952191235,1004,303
9,271,817.3294528521536,263.46565774155994,859,116
9,270,816.749652294854,143.19471488178024,719,115
9,266,802.9730831973899,1283.310766721044,1226,119
9,275,834.2524101665206,849.7458369851008,1141,111
9,265,798.1460794844254,1317.9785177228787,931,121
9,263,796.2970946579194,55.35613870665417,1067,125
9,262,794.6348273328435,393.92432035268183,1361,123
9,261,792.6203259827421,662.4515819750719,1043,122
9,260,780.3544444444444,178.91444444444446,900,73
9,259,780.1779197080292,694.5501824817518,1096,124
9,258,775.4236725663717,1092.245575221239,904,146
9,264,799.8508928571429,1237.2973214285714,1120,120
9,276,836.1308793456033,168.85071574642126,978,117
9,277,837.7211155378486,1204.0212483399735,753,128
9,279,841.3907692307693,430.83076923076925,975,126
9,295,900.0419727177335,1354.8457502623294,953,130
9,294,900.1229508196722,126.2064083457526,1342,129
9,293,892.1651469098277,460.0557244174265,987,131
9,292,892.3813708260105,495.0536028119508,1138,134
9,290,886.8383027522935,774.1720183486239,872,135
9,289,887.4719673802242,627.4627930682976,981,136
9,288,892.3426165803108,1305.8413212435232,1544,132
9,287,876.3656480505796,1235.8250790305585,949,139
9,286,873.6821026282854,1266.3454317897372,799,138
9,285,873.5146551724138,524.8172413793103,1160,140
9,284,872.6186844613918,821.2354623450906,1049,141
9,283,855.6036036036036,1181.311936936937,888,142
9,282,852.0400782013685,575.2492668621701,1023,143
9,281,851.5550541516245,276.0658844765343,1108,127
9,280,845.5065554231228,138.8605482717521,839,302
9,299,918.245508982036,914.1065868263473,835,144
9,175,540.0791556728232,1028.3843447669306,1137,242
9,167,499.0,1112.9292214357938,989,250
9,173,530.9525616698293,1101.342504743833,1054,244
9,68,173.85714285714286,860.0,1155,148
9,67,167.6326530612245,94.01275510204081,784,151
9,66,168.89023405972557,668.2033898305085,1239,150
9,65,159.38949938949938,611.8608058608058,819,152
9,64,161.47459165154265,62.994555353901994,1102,153
9,63,154.26573426573427,639.5580419580419,715,155
9,69,173.77004830917875,31.77487922705314,1035,154
9,61,151.26805143422354,1223.6379821958458,1011,162
9,58,149.71063149480415,1079.549160671463,1251,158
9,57,146.78899082568807,788.3975535168196,1308,160
9,56,140.598,322.043,1000,159
9,55,140.4742268041237,439.61668228678536,1067,161
9,54,136.92478226444973,1167.5281076801266,1263,181
9,53,132.89408866995075,233.8752052545156,1218,183
9,60,149.29195804195805,1258.05506993007,1144,157
9,71,185.5665818490246,738.5139949109415,1179,164
9,72,188.83629191321498,197.7396449704142,1014,304
9,74,190.98050682261209,588.5458089668616,1026,165
9,91,234.2226179875334,1284.0881567230633,1123,309
9,89,227.31673819742488,665.8772532188841,1165,168
9,87,227.5,50.65007215007215,1386,169
9,86,226.4637268847795,1104.9722617354196,1406,170
9,85,217.36221837088388,555.3838821490468,1154,172
9,84,207.0359212050985,616.2050984936269,863,173
9,83,205.09579667644184,279.069403714565,1023,174
9,82,200.36113499570078,396.69733447979365,1163,176
9,81,198.550052687039,794.9420442571128,949,296
9,80,196.83219512195123,1219.8117073170731,1025,178
9,79,193.35409836065574,768.2786885245902,610,295
9,78,196.43672692673644,246.51379638439582,1051,177
9,77,197.41017733230532,1166.8057054741712,1297,175
9,76,196.4882179675994,112.63033873343151,1358,179
9,75,193.5619621342513,310.828743545611,1162,180
9,52,126.68629100084104,706.9268292682926,1189,184
9,92,234.113436123348,1332.089207048458,908,312
9,51,120.38870208473436,758.600537995965,1487,203
9,49,107.02141057934509,612.0251889168766,794,211
9,25,55.45380710659899,1287.233502538071,985,186
9,24,54.83018867924528,735.8066037735849,848,185
9,23,54.125217391304346,1203.188695652174,1150,187
9,22,51.520930232558136,139.6313953488372,860,305
9,21,47.01899696048632,673.1732522796352,1316,190
9,20,43.40940525587828,111.55601659751038,723,306
9,26,63.59928229665072,618.7870813397129,1672,188
9,19,41.66627771295216,761.5250875145857,857,189
9,17,37.270682730923696,471.4160642570281,1245,192
9,174,536.449567723343,1203.671469740634,1041,243
9,15,33.70105062082139,969.8175740210124,1047,199
9,13,27.755718206770357,316.93870082342175,1093,194
9,12,24.787114845938376,1326.8893557422969,714,196
9,10,22.869791666666668,619.1510416666666,1152,220
9,18,35.70653377630122,1001.8970099667774,903,0
9,27,62.95806962025316,311.75,1264,191
9,29,56.07710843373494,1256.9084337349398,415,308
9,31,72.00076628352491,779.6804597701149,1305,200
9,48,105.81597222222223,1322.056423611111,1152,205
9,47,104.45905923344948,409.42857142857144,1148,207
9,46,103.85188087774294,199.46943573667713,1276,208
9,45,103.5365671641791,827.2768656716418,1340,206
9,44,102.01878736122971,1158.932536293766,1171,209
9,43,94.76288659793815,466.72633552015,1067,210
9,41,94.41604010025063,648.9039264828739,1197,212
9,40,92.40916149068323,506.5217391304348,1288,213
9,39,94.00264900662252,578.851655629139,1510,214
9,38,87.52815013404826,945.2806076854334,1119,307
9,37,89.10858143607706,281.0893169877408,1142,215
9,36,81.9371833839919,1262.2279635258358,987,216
9,35,80.88139723801787,46.90982940698619,1231,217
9,34,76.58835978835978,1228.3195767195766,945,202
9,32,69.51988360814742,1066.4995150339475,1031,201
9,50,115.15815485996706,1060.9670510708402,1214,204
9,93,236.33934426229507,209.2,610,166
9,16,35.62980030721966,1101.121351766513,1302,193
9,95,243.86332179930795,1216.9714532871972,1156,310
9,149,449.2808671065033,1245.6258246936852,1061,236
9,148,433.7479954180985,268.3459335624284,873,256
9,147,430.1948051948052,832.0927643784787,1078,231
9,146,429.63197335553707,120.84762697751873,1201,297
9,145,424.7812223206377,349.90434012400357,1129,311
9,144,423.7868601986249,412.0297937356761,1309,232
9,150,460.85277554304105,93.19308125502816,1243,229
9,143,420.8605898123324,1271.01072386059,1119,233
9,141,409.62801484230056,1136.8246753246754,1078,234
9,140,409.80902497985494,615.6180499597099,1241,235
9,139,401.0465994962217,845.1801007556675,794,255
9,138,401.6236012207528,936.6419125127162,983,237
9,136,387.4986830553117,1279.9490781387183,1139,257
9,135,386.1331403762663,1054.8856729377712,1382,279
9,142,404.9546351084813,790.6252465483235,507,263
9,151,459.6954076850984,248.75913776944705,1067,320
9,152,464.252516010979,214.7483989021043,1093,227
9,153,467.9501116902457,1047.6902457185406,1343,226
9,94,243.94604316546761,598.9379496402878,1112,182
9,171,524.2977099236641,1235.4608778625955,1048,245
9,170,513.5082444228904,56.46362754607178,1031,247
9,168,508.90739299610897,536.9019455252918,1285,248
9,166,500.5968778696051,390.2323232323232,1089,249
9,165,498.47711781888995,433.5842259006816,1027,251
9,164,492.9683168316832,1146.990099009901,1010,252
9,163,490.73411154345007,933.2490272373541,771,253
9,162,490.04260985352863,906.0306258322237,751,239
9,161,491.06721991701244,1078.3070539419086,1205,221
9,160,493.7617866004963,794.1160049627791,1612,246
9,159,483.7313432835821,558.5210312075984,737,238
9,158,486.74825618262525,594.9023462270134,1577,223
9,157,480.21028880866425,63.38447653429603,1108,224
9,154,464.3563672260612,1113.2596248766042,1013,225
9,134,385.59574468085106,1191.5336879432625,1128,284
9,133,380.5840163934426,649.014344262295,976,278
9,169,510.2849829351536,258.59726962457336,1172,254
9,131,375.07527733755944,1018.2717908082409,1262,280
9,111,299.33648068669527,1117.6085836909872,1165,262
9,110,298.83235867446393,701.7534113060428,1026,264
9,109,298.69964664310953,363.4443462897527,1132,275
9,108,292.1648590021692,788.8058568329718,922,265
9,107,294.7095015576324,495.87928348909657,1284,261
9,106,289.5707019328586,626.1983723296032,983,267
9,112,301.9085948158254,817.8526603001364,733,260
9,105,289.8742249778565,1314.4083259521701,1129,266
9,103,282.85470085470087,393.4294871794872,936,268
9,102,277.0141196013289,916.9435215946844,1204,269
9,100,262.6057268722467,425.6420704845815,908,270
9,99,260.982391102873,75.61631139944393,1079,271
9,97,249.06500956022944,541.7629063097514,1046,219
9,132,379.1744292237443,1351.2465753424658,1095,313
9,104,283.4428571428571,1161.5274725274726,910,314
9,113,311.15671641791045,554.5699626865671,1072,259
9,98,250.8354806739346,386.2101090188305,1009,272
9,115,319.93327067669173,459.18327067669173,1064,273
9,130,373.94713656387665,1110.8979441997062,1362,281
9,114,321.32845026985353,394.60909791827294,1297,258
9,129,366.36470588235295,702.6877005347594,935,282
9,128,359.35596508244424,795.9447138700291,1031,283
9,127,356.33374233128836,674.3840490797546,815,286
9,126,358.09165154264974,389.21687840290383,1102,291
9,125,349.1086675291074,616.5937904269082,773,287
9,96,246.24852071005918,182.8568047337278,845,222
9,123,347.30335861321777,1208.677139761647,923,288
9,122,342.991199119912,303.9240924092409,909,289
9,121,344.05148342059334,1357.3010471204188,1146,315
9,124,347.9002849002849,645.4102564102565,702,285
9,120,336.86491739552963,1311.6161321671525,1029,290
9,119,336.21909696521095,340.2264988897113,1351,276
9,118,328.7608024691358,1256.2461419753085,1296,274
9,117,327.0728616684266,800.1246040126716,947,277
10,223,698.9822485207101,904.612426035503,338,316
10,222,700.8005136986301,731.3493150684932,1168,8
10,221,693.3263027295285,1335.498759305211,806,298
10,220,695.5108527131783,792.9434108527132,1290,15
10,219,692.224778761062,339.3566371681416,1130,9
10,215,681.374695863747,1023.7802108678021,1233,13
10,216,684.1227906976744,957.8548837209303,1075,11
10,214,681.0145454545454,243.31272727272727,1100,12
10,212,667.2988215488216,1202.1060606060605,1188,16
10,211,668.7922252010724,518.2432975871313,1492,14
10,210,660.5340990667623,606.94615936827,1393,35
10,209,653.8757062146892,84.78531073446328,885,55
10,208,646.6603415559772,1257.5834914611005,1054,57
10,218,684.8170498084291,923.4319923371647,1044,10
10,224,708.5285913528592,552.3375174337517,717,4
10,227,728.261578044597,239.95969125214407,1166,29
10,226,720.3460207612457,1089.1164936562861,867,2
10,242,754.896064581231,917.2219979818366,991,22
10,241,757.8044649730562,217.39953810623555,1299,26
10,207,647.241145440844,214.2810851544838,1327,56
10,239,757.611622962438,434.42877391920626,1411,24
10,238,755.9275985663082,350.59139784946234,1395,33
10,237,752.8619718309859,78.86009389671362,1065,27
10,225,714.5818373812039,762.9144667370645,947,3
10,236,749.1390205371248,48.8957345971564,633,31
10,234,749.1978661493696,174.27546071774975,1031,323
10,233,743.4946043165468,547.3552158273382,1112,28
10,231,738.6963021243116,807.125885129819,1271,18
10,230,734.9611231101512,737.7408207343412,926,17
10,229,735.051914893617,1152.4340425531916,1175,25
10,228,731.5498327759198,657.0113712374582,1495,7
10,235,745.9300291545189,689.195335276968,686,30
10,232,742.2658102766799,19.609683794466402,1012,32
10,187,593.4311377245509,1083.936127744511,1002,54
10,205,629.3639317627944,514.4516653127539,1231,60
10,169,543.2845804988663,409.53854875283446,882,147
10,243,759.2418379685611,1128.758162031439,827,23
10,171,560.1978494623656,936.6365591397849,930,198
10,172,562.5610902255639,1249.5244360902257,1064,108
10,173,566.628701594533,78.42369020501138,1317,145
10,174,566.571012381646,334.55280407865985,1373,50
10,175,569.145536384096,849.9512378094523,1333,47
10,176,568.8010801080108,185.3033303330333,1111,49
10,177,566.7780701754386,696.6131578947368,1140,48
10,178,573.4416,1112.9528,1250,46
10,179,573.9886731391585,1151.1480582524273,1236,45
10,180,578.5899893503728,268.9275825346113,939,42
10,181,583.868505452213,794.9788325849904,1559,41
10,182,582.7793914246197,1202.5809128630706,1446,51
10,183,582.773204196933,125.33091202582727,1239,44
10,184,582.5611940298508,402.18407960199005,1005,40
10,185,587.0352112676056,1041.9354460093896,852,39
10,204,627.2330316742082,475.1900452488688,884,61
10,202,620.2651413189772,1240.1157469717361,743,293
10,201,619.6316225165563,879.6307947019867,1208,62
10,200,618.2872238232469,335.93852065321806,1041,63
10,198,612.7671497584541,998.856038647343,1035,67
10,197,615.7948360083741,664.3579902302861,1433,64
10,206,632.8789893617021,1215.3178191489362,752,59
10,196,613.3100880162492,1319.1530128639133,1477,65
10,194,606.9435364041605,159.4182763744428,1346,318
10,193,604.6510989010989,73.1043956043956,1092,69
10,190,595.911380597015,954.6772388059702,1072,52
10,189,595.1967479674797,308.2268292682927,1230,37
10,188,592.619153674833,1270.9755011135858,898,53
10,186,594.2785254534816,628.223522527794,1709,43
10,195,605.6571194762685,249.40589198036005,1222,68
10,245,766.0903041825095,1296.1615969581749,1052,20
10,289,912.5043273013375,546.0306845003934,1271,110
10,295,926.8995535714286,1009.6741071428571,448,107
10,296,931.3544733861835,1146.3646659116648,883,87
10,297,936.3735909822866,78.84380032206118,1242,84
10,298,940.8736979166666,124.05533854166667,1536,85
10,299,938.1064483111566,678.3991811668373,977,301
10,300,945.3373605947955,811.5957249070632,1076,83
10,301,946.0176619007569,1041.0731707317073,1189,82
10,303,948.0497881355932,994.0911016949152,944,88
10,304,952.0638945233266,719.9300202839756,986,300
10,306,962.5577395577395,270.3972153972154,1221,81
10,308,965.7684365781711,1068.9646017699115,678,75
10,311,973.7620783956245,634.5241567912489,1097,76
10,312,971.7810810810811,1162.1175675675677,740,74
10,313,982.3518072289156,1131.3991967871486,1245,89
10,315,986.3019707565162,61.315956770502225,1573,90
10,316,991.0446358653094,868.9812059514487,1277,106
10,317,988.7325256290774,115.63653308480895,1073,91
10,168,543.3758949880669,164.84964200477327,838,241
10,332,1021.7293997965412,1355.6673448626652,983,93
10,331,1022.153591160221,803.4729281767956,905,92
10,329,1010.8155339805825,396.23085221143475,927,94
10,328,1009.1804635761589,1094.2069536423842,1208,96
10,327,1007.6656151419559,1270.1947949526814,1268,95
10,294,929.350505050505,1197.8414141414141,990,86
10,326,1007.343887423043,149.25593667546175,1137,97
10,324,1001.4023470243085,660.9002514668902,1193,98
10,323,999.5841325196164,731.3888404533566,1147,100
10,322,995.8197611292073,765.0727470141151,921,101
10,321,993.1983805668016,1057.3765182186235,988,104
10,319,992.2738970588235,232.1985294117647,1088,103
10,318,989.3683168316832,798.130693069307,1010,102
10,325,1002.78125,616.1582661290323,992,99
10,246,767.4722222222222,271.1657986111111,1152,70
10,292,918.7982456140351,914.3784461152882,798,144
10,287,900.5322580645161,126.15469208211144,1364,129
10,248,772.3725274725275,1337.0714285714287,910,294
10,249,772.1345895020188,1257.4454912516824,743,71
10,251,776.5880322209437,1093.584579976985,869,146
10,252,779.6811201445348,694.2041553748871,1107,124
10,253,780.8437843784378,178.9053905390539,909,73
10,254,791.6186666666666,661.3955555555556,1125,122
10,255,795.4562973158982,394.9463179628355,1453,123
10,256,797.174647887324,55.27981220657277,1065,125
10,257,799.6376146788991,1237.4238532110091,1090,120
10,258,798.3025027203482,1317.89880304679,919,121
10,259,802.0466724286949,1283.0138288677615,1157,119
10,262,816.4895977808599,143.61581137309292,721,115
10,263,817.7942857142857,263.4605714285714,875,116
10,265,823.680193236715,199.7352657004831,1035,303
10,266,824.4424184261037,593.4107485604607,1042,113
10,267,826.8484107579462,774.6617766911165,1227,112
10,268,833.8462897526501,849.2049469964664,1132,111
10,286,892.9772727272727,495.5050505050505,1188,134
10,285,891.4282848545637,459.5887662988967,997,131
10,284,887.6735496558506,628.0580137659783,1017,136
10,281,887.9567669172932,773.0300751879699,1064,135
10,280,877.1683417085427,1262.7412060301508,796,138
10,278,873.404329004329,524.6510822510822,1155,140
10,288,899.5219251336898,1354.779679144385,935,130
10,277,872.7480916030535,821.3062977099237,1048,141
10,274,851.9738372093024,575.1240310077519,1032,143
10,273,851.5579710144928,276.2626811594203,1104,127
10,272,845.4054373522458,139.451536643026,846,302
10,271,841.7922998986829,430.44782168186424,987,126
10,270,837.1826424870467,1204.2746113989638,772,128
10,269,835.7532994923857,169.6548223350254,985,117
10,276,855.591628959276,1180.8461538461538,884,142
10,167,541.7153088630259,1028.5595344673231,1117,242
10,122,360.3113291703836,797.1097234611954,1121,283
10,165,531.1310541310542,1101.0465337132005,1053,244
10,51,132.91761827079935,233.84502446982054,1226,183
10,53,140.21370604147882,439.72948602344457,1109,161
10,54,140.48993288590603,321.7133269415149,1043,159
10,55,147.09622786759044,788.261739799846,1299,160
10,56,149.53711093375898,1079.7621707901037,1253,158
10,58,149.33333333333334,1258.0919540229886,1131,157
10,59,151.29970617042116,1223.5514201762978,1021,162
10,60,150.35914552736983,641.5327102803739,749,155
10,62,159.73552894211576,612.9760479041917,1002,152
10,63,161.43228699551568,62.75067264573991,1115,153
10,64,165.96265560165975,95.21473029045643,964,151
10,65,169.11955661124307,668.1567695961995,1263,150
10,66,173.90314136125656,859.6404886561954,1146,148
10,67,174.23496240601503,31.482142857142858,1064,154
10,69,185.5721476510067,738.251677852349,1192,164
10,71,189.25468904244818,197.47680157946692,1013,304
10,72,191.31333333333333,587.6971428571428,1050,165
10,86,227.14563928873835,665.8162574089754,1181,168
10,85,227.21700879765396,50.71774193548387,1364,169
10,84,226.49329569513057,1104.7946365561045,1417,170
10,83,217.65217391304347,556.1128762541806,1196,172
10,82,206.9263873159683,616.0736126840317,883,173
10,81,205.38747553816046,278.77103718199606,1022,174
10,50,127.19917012448133,706.6605809128631,1205,184
10,80,199.56813417190776,795.0094339622641,954,296
10,78,196.84137931034482,1219.5241379310344,1015,178
10,77,193.88335925349924,768.353032659409,643,295
10,76,196.45833333333334,246.0251937984496,1032,177
10,75,197.99124726477024,113.82640408460978,1371,179
10,74,197.21607278241092,1166.6004548900682,1319,175
10,73,193.66382978723405,311.04425531914893,1175,180
10,79,200.34268707482994,396.53146258503403,1176,176
10,87,233.78285077951003,1331.9498886414253,898,312
10,49,116.91342756183745,1061.0326855123674,1132,204
10,47,107.68490153172867,613.7757111597374,914,211
10,166,536.0074946466809,1204.600642398287,934,243
10,11,23.12619669277633,618.9295039164491,1149,220
10,12,24.65924895688456,1326.9318497913769,719,196
10,13,27.872943327239486,316.8107861060329,1094,194
10,15,35.94332587621178,1100.6524981357197,1341,193
10,16,37.777877697841724,469.5575539568345,1112,192
10,17,47.17397660818713,673.6111111111111,1368,190
10,19,42.753566796368354,760.1802853437094,771,189
10,20,49.857142857142854,140.38888888888889,882,305
10,21,54.09844559585492,1202.926597582038,1158,187
10,22,54.57604790419162,735.2395209580839,835,185
10,23,55.613659531090725,1286.769622833843,981,186
10,24,63.83060453400504,618.1416876574307,1588,188
10,25,63.386416861826696,311.78532396565186,1281,191
10,27,56.327231121281464,1256.8100686498856,437,308
10,29,69.17075564278704,1065.937193326791,1019,201
10,30,71.85236985236985,779.8500388500388,1287,200
10,46,105.87709991158268,1321.7736516357206,1131,205
10,45,104.33477508650519,409.22231833910035,1156,207
10,44,103.65736434108527,199.5077519379845,1290,208
10,43,104.74551971326164,826.7017921146953,1395,206
10,42,101.4595041322314,1159.098347107438,1210,209
10,41,96.72903795233893,468.0926743159753,1133,210
10,48,120.7379219060225,757.8451356717405,1511,203
10,39,94.7379767827529,648.7893864013267,1206,212
10,37,94.3915900131406,578.8961892247044,1522,214
10,36,87.53987167736022,945.2172318973419,1091,307
10,35,89.019014693172,280.93085566119277,1157,215
10,34,82.07033639143731,1262.466870540265,981,216
10,33,81.0071599045346,46.895783611774064,1257,217
10,32,77.62513089005236,1228.1633507853403,955,202
10,38,92.35702479338843,506.4305785123967,1210,213
10,88,244.0026525198939,598.6763925729443,1131,182
10,18,43.75405405405405,111.60945945945946,740,306
10,91,248.24971623155506,182.64245175936435,881,222
10,130,386.7108540925267,1284.873665480427,1124,257
10,131,401.67406659939456,936.6256306760847,991,237
10,132,401.10858585858585,845.229797979798,792,255
10,133,409.70809943865277,615.6030473135526,1247,235
10,134,404.48854961832063,790.4370229007634,524,263
10,135,409.58687615526804,1136.742144177449,1082,234
10,136,419.6565481352992,1271.7311361665222,1153,233
10,138,424.02294792586054,349.8693733451015,1133,311
10,139,429.9110378912685,120.75535420098846,1214,297
10,140,430.0355140186916,831.6084112149533,1070,231
10,141,433.517877739331,268.30565167243367,867,256
10,142,449.2354031510658,1245.4847080630213,1079,236
10,143,460.24603174603175,90.45734126984127,1008,229
10,144,460.33765032377426,249.84828862164662,1081,320
10,145,463.8065395095368,215.7211625794732,1101,227
10,146,464.0552268244576,1113.1173570019723,1014,225
10,147,468.0755287009063,1047.5181268882175,1324,226
10,90,249.33772342427093,541.5964252116651,1063,219
10,163,524.3497584541063,1235.3478260869565,1035,245
10,162,514.0380687093779,57.21262766945218,1077,247
10,161,511.25123966942147,258.495041322314,1210,254
10,160,509.19054996127034,536.8086754453911,1291,248
10,158,499.0251762336354,1112.9808660624371,993,250
10,129,386.04406538734895,1054.8422174840084,1407,279
10,157,500.86347517730496,389.95390070921985,1128,249
10,155,490.78465679676987,932.9528936742934,743,253
10,154,490.0204918032787,906.0040983606557,732,239
10,153,491.75484414490313,1077.9039595619208,1187,221
10,152,483.6056338028169,558.4267605633803,710,238
10,150,487.21566110397947,595.1347881899871,1558,223
10,149,480.3030852994555,63.24500907441016,1102,224
10,156,493.1816386969398,1147.0108588351432,1013,252
10,128,385.53350739773714,1191.4586597040905,1149,284
10,159,499.3883495145631,433.1601941747573,824,251
10,126,379.29887218045116,1350.859962406015,1064,313
10,127,380.75551102204406,648.8917835671342,998,278
10,93,261.1024208566108,75.74208566108007,1074,271
10,95,262.5868852459016,425.6349726775956,915,270
10,97,281.8929604628737,395.5911282545805,1037,268
10,98,283.32668067226894,1161.0514705882354,952,314
10,99,289.1701612903226,626.5540322580645,1240,267
10,100,290.00968309859155,1314.5589788732395,1136,266
10,101,292.9790535298681,495.84096198603567,1289,261
10,102,293.79671457905545,791.4681724845996,974,265
10,103,297.50107066381156,366.53426124197,934,275
10,104,298.8989612842304,701.7450424929178,1059,264
10,105,299.57393483709274,1117.0208855472013,1197,262
10,107,311.28414298808434,554.3070577451879,1091,259
10,108,320.00091491308325,459.1784080512351,1093,273
10,109,322.1904761904762,391.3099415204678,1197,258
10,96,277.300899427637,917.2248569092395,1223,269
10,112,328.79400461183707,1256.315142198309,1301,274
10,125,375.1419457735247,1017.792663476874,1254,280
10,124,373.65432098765433,1111.1132897603486,1377,281
10,111,326.20264765784117,800.1965376782077,982,277
10,123,366.34371754932505,702.907580477674,963,282
10,121,358.85791366906477,388.91726618705036,1112,291
10,120,356.52899408284026,674.0272189349113,845,286
10,92,249.1364503816794,385.2461832061069,1048,272
10,113,336.33211143695013,339.70014662756597,1364,276
10,118,347.9972222222222,645.3652777777778,720,285
10,117,346.90353697749197,1208.7181136120043,933,288
10,119,349.03680203045684,616.4733502538071,788,287
10,116,342.85412026726056,303.6224944320713,898,289
10,114,336.8827519379845,1311.4244186046512,1032,290
10,115,344.00363636363636,1357.1190909090908,1100,315
11,201,698.4984423676012,904.7632398753894,321,316
11,200,693.5984848484849,1335.3825757575758,792,298
11,199,695.8330134357005,791.4779270633397,1042,15
11,198,691.9046778464254,339.3009708737864,1133,9
11,216,750.283422459893,48.59180035650624,561,31
11,202,708.6779661016949,551.5663841807909,708,4
11,195,681.1565865782933,1023.7299088649544,1207,13
11,194,681.3276936776491,243.5458593054319,1123,12
11,193,667.1514336917563,1201.810035842294,1116,16
11,192,668.4170274170274,517.5367965367965,1386,14
11,191,659.089358245329,607.5004061738424,1231,35
11,190,652.3084004602991,83.17376294591485,869,55
11,197,683.8556701030927,957.7572633552015,1067,11
11,196,683.5075987841946,923.0618034447822,987,10
11,205,729.346316680779,239.1320914479255,1181,29
11,204,719.678445229682,1089.0482921083628,849,2
11,206,731.7774627923459,657.1126860382707,1411,7
11,207,732.7328918322296,738.9050772626931,906,17
11,209,738.6241438356165,807.5419520547945,1168,18
11,210,741.5873873873874,536.9657657657658,1110,28
11,211,741.8607983623336,19.833162743091094,977,32
11,212,748.895153313551,174.26706231454006,1011,323
11,213,752.3972868217054,78.6375968992248,1032,27
11,214,755.5279823269514,350.52282768777616,1358,33
11,189,647.4780748663102,1256.7101604278075,935,57
11,217,754.8811983471074,917.0103305785124,968,22
11,215,756.7989614243323,434.5007418397626,1348,24
11,203,714.9646924829157,764.5455580865604,878,3
11,208,734.5567665758401,1152.8201634877385,1101,25
11,170,591.7946127946128,1271.0493827160494,891,53
11,187,632.8389355742297,1215.4467787114845,714,59
11,156,566.2766106442577,334.43697478991595,1428,50
11,157,561.9166666666666,937.4513888888889,864,198
11,219,758.7843137254902,1128.7660130718955,765,23
11,158,567.0871710526316,77.99588815789474,1216,145
11,159,568.7928505957836,185.4757103574702,1091,49
11,160,570.1290605794557,849.4995610184372,1139,47
11,161,573.952380952381,1112.452784503632,1239,46
11,162,573.3455684870188,1147.5747538048345,1117,45
11,163,578.4102564102565,269.01602564102564,936,42
11,164,582.4660441426146,125.08234295415959,1178,44
11,165,583.1351351351351,1202.5633001422475,1406,51
11,166,582.258570029383,402.26052889324194,1021,40
11,167,586.7637426900585,1042.0654970760233,855,39
11,168,594.3751537515375,628.3942189421895,1626,43
11,169,593.1484623541887,1085.2439024390244,943,54
11,171,596.4074074074074,308.2724279835391,1215,37
11,175,604.0346585117227,73.02242609582059,981,69
11,176,606.4181380417335,158.69582664526484,1246,318
11,177,605.4,249.38396624472574,1185,68
11,178,615.4701986754967,664.3980868285504,1359,64
11,179,613.1063075832743,1319.3905031892275,1411,65
11,180,610.7986725663717,997.4347345132743,904,67
11,182,618.7323135755258,335.7332695984704,1046,63
11,183,619.2495652173913,879.6565217391304,1150,62
11,184,620.8423180592991,1240.299191374663,742,293
11,185,626.944705882353,475.08235294117645,850,61
11,186,630.66,516.18,1000,60
11,188,646.8884615384616,214.39461538461538,1300,56
11,221,767.3433628318584,271.1212389380531,1130,70
11,265,918.2005312084993,914.1925630810093,753,144
11,224,772.4365175332528,1337.0652962515114,827,294
11,269,927.1899313501144,1009.2700228832952,437,107
11,270,937.7249782419495,77.30200174064404,1149,84
11,272,940.0892857142857,124.36785714285715,1400,85
11,273,938.4421841541756,678.5149892933619,934,301
11,274,945.1635338345865,811.234022556391,1064,83
11,275,945.6633165829146,1039.7269681742043,1194,82
11,277,948.2271739130434,994.2684782608695,920,88
11,278,951.6884210526316,720.1789473684211,950,300
11,279,962.1780708985985,270.0956306677659,1213,81
11,281,964.5667144906744,1068.2926829268292,697,75
11,282,973.372453928225,634.7623666343356,1031,76
11,283,971.3404255319149,1161.722074468085,752,74
11,284,981.9175170068028,1131.2227891156463,1176,89
11,268,931.0115606936416,1146.1491329479768,865,87
11,286,985.905160390516,61.55857740585774,1434,90
11,288,988.4212678936606,115.20040899795501,978,91
11,289,992.236124176858,232.39322671683914,1063,103
11,291,992.7058177826564,797.9506037321624,911,102
11,292,992.9581497797357,1057.4581497797358,908,104
11,293,994.2332968236583,764.3888280394305,913,101
11,294,1000.7975022301516,660.442462087422,1121,98
11,295,1002.3474663908997,615.8304033092037,967,99
11,296,1007.4603040540541,1269.8133445945946,1184,95
11,297,1007.5463917525773,149.58200562324274,1067,97
11,298,1010.9039106145251,396.2513966480447,895,94
11,299,1011.7816307403937,1094.0506091846298,1067,96
11,155,562.2086874409821,1249.5845136921623,1059,108
11,301,1022.4249394673124,803.3765133171913,826,92
11,287,990.3455453788509,868.9017485428809,1201,106
11,222,765.6295525494277,1296.502601456816,961,20
11,267,928.943377148635,1197.1951466127402,989,86
11,261,899.5921192758253,1354.6474973375932,939,130
11,225,771.268588770865,1256.3657056145676,659,71
11,226,779.921274601687,694.3589503280225,1067,124
11,227,777.0091027308192,1093.3094928478542,769,146
11,228,780.5496613995485,179.1783295711061,886,73
11,229,791.4828244274809,661.5171755725191,1048,122
11,230,797.1881773399015,55.26699507389163,1015,125
11,231,798.6285425101214,1236.5374493927125,988,120
11,232,801.1884057971015,1283.0108695652175,1104,119
11,233,798.396590909091,1317.6545454545455,880,121
11,236,816.5339943342776,143.54532577903683,706,115
11,237,817.6046511627907,263.5755813953488,860,116
11,239,823.4498539435249,200.0097370983447,1027,303
11,240,824.0851272015656,593.4882583170254,1022,113
11,262,911.7913204062788,544.859649122807,1083,110
11,241,826.7206375838927,774.3657718120805,1192,112
11,243,835.2049689440994,169.79192546583852,966,117
11,244,841.3719958202716,430.28631138975965,957,126
11,245,845.1728247914184,139.51251489868892,839,302
11,246,851.2509157509157,276.0760073260073,1092,127
11,248,851.7813411078718,575.1331389698737,1029,143
11,250,872.4115913555992,821.0520628683694,1018,141
11,251,873.1931034482759,523.4128078817733,1015,140
11,253,875.6141439205956,1263.4454094292803,806,138
11,256,887.264344262295,627.7120901639345,976,136
11,257,888.86925795053,772.8021201413428,1132,135
11,258,892.1263318112633,494.51293759512936,1314,134
11,259,889.7247422680413,457.41134020618557,970,131
11,260,899.5617088607595,126.24525316455696,1264,129
11,242,831.4248496993988,1204.887775551102,998,128
11,154,543.116091954023,409.3126436781609,870,147
11,141,489.97123287671235,932.7876712328767,730,253
11,151,536.1616580310881,1203.501554404145,965,243
11,47,132.8708053691275,233.96140939597316,1192,183
11,48,140.91308016877636,439.6025316455696,1185,161
11,49,140.13537549407116,321.1333992094862,1012,159
11,50,148.88980944490473,1079.7464788732395,1207,158
11,51,147.35891286970423,788.1167066346923,1251,160
11,53,149.86493987049028,1257.445883441258,1081,157
11,54,150.75912408759123,1223.254431699687,959,162
11,55,150.7479892761394,641.3096514745308,746,155
11,58,161.08667883211677,63.27189781021898,1096,153
11,60,169.20430107526883,668.3457402812242,1209,150
11,61,173.82507288629736,31.53935860058309,1029,154
11,62,174.2072072072072,859.8477477477478,1110,148
11,64,185.60373998219058,737.9964381121995,1123,164
11,66,189.30341463414635,198.00682926829268,1025,304
11,67,189.62381454162275,589.3846153846154,949,165
11,68,193.65355648535564,311.8744769874477,1195,180
11,69,196.86802827965437,1166.0164964650432,1273,175
11,70,196.9678624813154,112.96562032884903,1338,179
11,71,195.54086781029264,245.08072653884966,991,177
11,72,192.99003322259136,768.1063122923588,602,295
11,73,196.87679671457906,1219.4958932238194,974,178
11,74,200.4721065778518,396.6761032472939,1201,176
11,75,199.135593220339,795.228813559322,944,296
11,76,205.2115971515768,278.7609359104781,983,174
11,77,206.4016686531585,615.3861740166865,839,173
11,78,218.2972549019608,555.0486274509803,1275,172
11,79,226.18175182481752,1105.0956204379563,1370,170
11,46,127.14003590664272,706.2369838420108,1114,184
11,80,227.07589984350548,50.748826291079816,1278,169
11,45,120.79561527581329,757.6357850070722,1414,203
11,42,104.24402730375427,409.1860068259386,1172,207
11,9,22.543909348441925,618.8007554296506,1059,220
11,10,24.05492957746479,1326.6647887323943,710,196
11,11,27.865313653136532,316.8191881918819,1084,194
11,153,543.1623529411764,164.93411764705883,850,241
11,14,37.09409594095941,470.5046125461255,1084,192
11,17,43.392183288409704,111.88140161725067,742,306
11,18,49.021640091116176,140.34282460136674,878,305
11,19,54.0278293135436,1202.7374768089053,1078,187
11,20,55.82166301969365,1286.4277899343545,914,186
11,21,55.68809523809524,735.5630952380952,840,185
11,22,64.3921302578019,619.6716417910447,1474,188
11,23,63.95330739299611,312.65603112840466,1285,191
11,24,56.5,1257.1588785046729,428,308
11,26,69.33565737051792,1065.5597609561753,1004,201
11,27,72.15622457282343,779.0439381611066,1229,200
11,29,76.15555555555555,1228.4122222222222,900,202
11,30,80.78869778869779,46.85995085995086,1221,217
11,31,81.77262931034483,1262.1605603448277,928,216
11,32,88.96768402154399,281.1346499102334,1114,215
11,33,87.36748768472907,945.2177339901477,1015,307
11,34,94.59839893262175,579.4182788525684,1499,214
11,35,92.87064676616916,506.29353233830847,1206,213
11,36,93.17359855334539,651.9538878842676,1106,212
11,38,96.80829015544042,467.2322970639033,1158,210
11,39,102.4622892635315,1159.0310559006211,1127,209
11,40,103.66509803921569,199.6721568627451,1275,208
11,41,103.69218241042346,828.1530944625407,1228,206
11,44,115.02277904328018,1061.7289293849658,1317,204
11,81,227.17762596071734,665.7156276686593,1171,168
11,13,36.22824427480916,1100.6412213740457,1310,193
11,83,243.3294642857143,598.4026785714286,1120,182
11,121,401.5932560590095,936.4141201264489,949,237
11,122,400.9194373401535,845.2506393861893,782,255
11,123,409.7526444263629,615.553295362083,1229,235
11,124,409.6663479923518,1136.9110898661568,1046,234
11,125,420.89652173913043,1270.9565217391305,1150,233
11,126,423.6920384951881,349.3158355205599,1143,311
11,127,429.11229000884174,120.51812555260831,1131,297
11,128,428.9812909260992,830.444340505145,1069,231
11,129,433.12694877505567,268.3708240534521,898,256
11,130,448.96622889305814,1245.5281425891183,1066,236
11,131,460.70992366412213,250.90553435114504,1048,320
11,132,462.9404069767442,211.40116279069767,1376,227
11,133,468.25159744408944,1047.5654952076677,1252,226
11,134,465.0011350737798,1112.4982973893302,881,225
11,135,480.0959031657356,63.34823091247672,1074,224
11,136,487.03306342780024,594.7631578947369,1482,223
11,139,492.12555260831124,1077.5322723253757,1131,221
11,140,489.56094182825484,905.8725761772853,722,239
11,142,493.016210739615,1147.0445795339413,987,252
11,143,500.9833916083916,389.7631118881119,1144,249
11,144,498.8124352331606,1113.0528497409327,965,250
11,145,500.745652173913,433.23369565217394,920,251
11,146,509.2604908946952,536.895486935867,1263,248
11,147,510.63416666666666,258.6225,1200,254
11,148,514.0095147478592,57.19980970504282,1051,247
11,150,530.9007164790174,1101.1555783009212,977,244
11,82,233.87370838117107,1332.0952927669346,871,312
11,120,385.8666114333057,1284.817729908865,1207,257
11,119,386.1591746499632,1055.066322770818,1357,279
11,149,524.124254473161,1235.3041749502981,1006,245
11,117,379.3347022587269,1350.7063655030802,974,313
11,118,385.20714285714286,1191.536607142857,1120,284
11,88,262.32132424537485,426.8977604673807,1027,270
11,90,276.9991728701406,917.2233250620347,1209,269
11,91,283.28542510121457,1160.746963562753,988,314
11,92,292.3033359193173,496.3638479441427,1289,261
11,93,289.76047358834245,1314.4790528233152,1098,266
11,94,297.47697654213727,363.6689834926151,1151,275
11,95,299.0142585551331,701.6207224334601,1052,264
11,96,299.17351215423304,1116.525565800503,1193,262
11,98,320.06261180679786,459.0903398926655,1118,273
11,100,323.008078994614,390.73608617594255,1114,258
11,101,324.3611971104231,799.1155830753354,969,277
11,102,328.72140522875816,1256.18545751634,1224,274
11,87,261.10581506196377,76.05433746425167,1049,271
11,104,336.67791411042947,1311.2443762781186,978,290
11,116,380.0243664717349,648.8138401559454,1026,278
11,103,336.5189481825213,339.9938128383604,1293,276
11,115,374.9234006734007,1018.0446127946128,1188,280
11,114,373.31531531531533,1111.3986486486488,1332,281
11,113,365.7878787878788,703.1666666666666,990,282
11,112,358.6328460877042,799.3714531384351,1163,283
11,86,249.71612903225807,384.578801843318,1085,272
11,110,359.4215167548501,388.99559082892415,1134,291
11,111,356.54823529411766,673.584705882353,850,286
11,106,344.0320962888666,1356.9047141424273,997,315
11,105,342.60883620689657,303.8028017241379,928,289
11,108,347.2173913043478,645.4347826086956,736,285
11,109,348.90874524714826,616.3346007604563,789,287
11,107,346.7217391304348,1208.9228260869565,920,288
12,187,646.9064039408867,636.2502463054187,1015,34
12,189,668.7440233236151,517.4384839650146,1715,14
12,190,667.3845541401274,1202.9307324840765,1256,16
12,191,680.4754625905068,1023.5132743362832,1243,13
12,192,684.5881133379405,922.1444367657222,1447,10
12,202,731.2751798561151,656.5161870503597,1668,7
12,194,684.068870523416,960.0358126721763,1089,11
12,196,696.6513493800146,791.8169219547775,1371,15
12,199,711.622067767159,543.6333622936577,1151,4
12,200,714.4573484069887,760.8766700924974,973,3
12,201,719.9693165969317,1090.305439330544,717,2
12,193,681.1928374655647,243.62901744719926,1089,12
12,205,733.9413265306123,737.2627551020408,784,17
12,204,732.5666666666667,1156.458064516129,930,25
12,206,738.3974164133739,807.3670212765958,1316,18
12,207,741.654936461388,19.47898338220919,1023,32
12,208,744.0036663611365,543.4436296975252,1091,28
12,210,756.0934065934066,350.3785103785104,1638,33
12,211,752.209534368071,48.91352549889135,902,31
12,212,752.8242105263158,80.12842105263158,950,27
12,213,757.2227243382828,434.62040025823114,1549,24
12,214,754.9417391304348,1131.7391304347825,1150,23
12,215,756.9254013220019,1218.0188857412654,1059,21
12,186,647.2447447447447,213.7665165165165,1332,56
12,216,766.8086378737542,1184.0265780730897,1505,19
12,203,730.005608974359,240.05208333333334,1248,29
12,209,744.6529100529101,691.5068783068783,945,30
12,164,594.5278772378516,627.1340153452685,1955,43
12,184,632.7689075630252,1215.997198879552,714,59
12,217,764.7860048820179,1298.9641985353946,1229,20
12,151,542.9454828660436,409.2570093457944,642,147
12,152,566.0674273858921,334.475622406639,1928,50
12,153,566.551347414421,79.09541150764748,1373,145
12,154,562.0233837689134,938.5116918844567,727,198
12,155,568.2817932296432,186.13723696248857,1093,49
12,156,562.1581818181818,1254.6127272727272,550,108
12,157,573.5242047026279,1112.7842323651453,1446,46
12,158,571.4584615384615,850.0523076923076,975,47
12,159,573.4896,1151.5,1250,45
12,160,582.5657276995305,1202.0915492957747,1704,51
12,161,577.4548736462094,269.57882069795426,831,42
12,162,583.4184594031922,128.5558639833449,1441,44
12,163,582.3825198637911,403.0760499432463,881,40
12,166,599.1113553113553,307.60366300366303,1365,37
12,167,594.0874568469505,1084.8147295742233,869,54
12,168,592.7179190751446,1272.6867052023122,865,53
12,171,598.6802413273001,1001.0392156862745,1326,67
12,173,614.0872446162341,665.0496963003865,1811,64
12,174,603.9352640545145,73.55366269165248,1174,69
12,176,605.8930197268588,251.4453717754173,1318,68
12,177,612.5817717206132,1232.2904599659284,1174,293
12,180,618.9254437869822,336.50887573964496,845,63
12,182,625.732788798133,477.7234539089848,857,61
12,183,630.9469387755101,515.9530612244898,980,60
12,185,648.277269528501,1256.3603096410977,1421,57
12,218,768.3064861012117,1259.8845331432644,1403,71
12,255,926.0521920668059,1011.3778705636744,958,107
12,221,772.6828391734052,1092.045822102426,1113,146
12,258,931.2122699386503,1147.5901840490797,815,87
12,259,938.2724832214765,680.7194630872483,745,301
12,261,945.9076233183856,1043.4807174887892,1115,82
12,262,945.1531346351491,813.1675231243577,973,83
12,264,951.5921658986175,720.7246543778801,868,300
12,265,962.9657724329325,272.95467160037003,1081,81
12,266,960.5898251192369,1016.1510333863275,629,88
12,268,966.8425806451613,99.64903225806452,775,79
12,269,963.9160305343512,1069.0667938931297,524,75
12,270,974.5034482758621,635.2146551724138,1160,76
12,271,983.1725888324873,1135.034263959391,1576,89
12,272,985.495986238532,61.31823394495413,1744,90
12,274,990.7770467836257,869.4173976608187,1368,106
12,275,988.0733399405352,118.54608523290386,1009,91
12,276,990.620016273393,801.6761594792514,1229,102
12,277,992.6766856214459,1056.6961819658814,1231,104
12,278,992.1574879227053,232.8270531400966,1035,103
12,279,993.0851624231782,764.5381913959613,1139,101
12,280,999.7458006718925,659.7603583426652,893,98
12,282,1005.228241563055,149.56749555950267,1126,97
12,283,1002.1109785202864,616.7899761336515,838,99
12,284,1007.4606271777003,1271.7226480836237,1435,95
12,286,1011.4036697247707,397.434250764526,981,94
12,150,543.8187311178248,166.7311178247734,662,241
12,257,939.3743440233236,122.95160349854227,1715,85
12,219,767.8150851581509,271.6536901865369,1233,70
12,256,929.441073512252,1199.0665110851808,857,86
12,251,913.7209003215434,547.0199356913183,1555,110
12,222,772.2441860465116,1337.7420718816068,946,294
12,223,779.2092827004219,694.8168776371308,1185,124
12,224,777.5640423031728,178.28437132784958,851,73
12,225,792.0631578947368,661.7311004784689,1045,122
12,226,795.943820224719,55.24200518582541,1157,125
12,227,799.6567828020757,1235.9021497405486,1349,120
12,228,801.9097421203438,1282.7779369627508,1396,119
12,229,799.2597266035751,1319.241850683491,951,121
12,231,817.2744479495268,143.69716088328076,634,115
12,232,818.2084993359894,263.9163346613546,753,116
12,233,823.0393374741201,200.87888198757764,966,303
12,234,824.9234184239733,595.4905660377359,901,113
12,235,828.0047318611987,774.7988958990536,1268,112
12,237,835.3825641025641,170.04102564102564,975,117
12,238,841.0812294182217,431.21295279912187,911,126
12,240,851.1135225375626,275.05175292153586,1198,127
12,241,851.4883040935673,575.53216374269,1026,143
12,242,872.3396984924623,821.5668341708542,995,141
12,243,875.4278544542033,1264.9899623588456,797,138
12,244,893.7715231788079,1306.26821192053,1812,132
12,245,889.5084745762712,772.9516949152543,1180,135
12,247,886.9146634615385,627.4507211538462,832,136
12,248,890.0708661417323,458.9301181102362,1016,131
12,249,898.6502649507948,125.41559424678275,1321,129
12,250,898.916573971079,1355.8565072302558,899,130
12,253,918.3466204506066,910.3864818024264,1154,144
12,149,536.5279620853081,1203.4492890995261,1055,243
12,289,1022.7276073619632,804.9460122699387,815,92
12,147,523.7580071174377,1236.1770462633451,1124,245
12,46,139.8666085440279,440.2938099389712,1147,161
12,47,146.76014492753623,789.9094202898551,1380,160
12,48,149.51,1080.4842857142858,1400,158
12,49,150.65580618212198,1258.4327485380118,1197,157
12,50,148.7749196141479,640.2443729903537,933,155
12,51,150.4555669050051,1223.6302349336056,979,162
12,52,158.49109131403117,99.50890868596882,1796,151
12,54,155.45436702649656,754.3729146221787,1019,328
12,55,161.24191866527633,61.85088633993743,959,153
12,57,169.09340252038547,668.7605633802817,1349,150
12,58,174.83449342614077,862.5003866976025,1293,148
12,59,174.09876543209876,32.221099887766556,891,154
12,60,171.80424528301887,245.6061320754717,424,149
12,62,185.20426579163248,737.805578342904,1219,164
12,64,188.35916824196596,591.1200378071834,1058,165
12,66,194.01955782312925,311.8809523809524,1176,180
12,67,197.8810888252149,112.87034383954155,1396,179
12,69,194.400871459695,1218.5359477124182,918,178
12,70,197.12269372693726,246.5249077490775,1084,177
12,71,195.3879781420765,768.3483606557377,732,295
12,72,200.68320926385442,397.0562448304384,1209,176
12,73,200.130081300813,796.2961672473867,861,296
12,74,199.07976071784645,1168.1316051844467,1003,175
12,75,204.8743615934627,279.1123595505618,979,174
12,45,132.3886606409203,234.56861133935908,1217,183
12,76,207.25669099756692,616.3333333333334,822,173
12,44,127.70936329588015,708.110861423221,1335,184
12,42,114.03745072273324,1062.0223390275953,1522,204
12,148,531.5952170062002,1101.2630646589903,1129,244
12,9,21.722125435540068,619.3423344947735,1148,220
12,11,27.066730219256435,316.77502383222117,1049,194
12,12,23.936274509803923,1326.4640522875818,612,196
12,14,35.82892057026476,1101.714188730482,1473,193
12,15,35.83462132921175,976.5270479134467,1294,199
12,19,54.70745170193192,1287.027598896044,1087,186
12,20,54.61581395348837,740.606511627907,1075,185
12,21,63.75230202578269,619.7058011049724,2172,188
12,22,63.61764705882353,311.6183644189383,1394,191
12,23,70.08597883597884,777.9642857142857,1512,200
12,26,69.23875802997858,1067.0117773019272,934,201
12,27,80.83250825082509,47.89108910891089,1212,217
12,28,79.69188596491227,1227.0822368421052,912,202
12,29,80.81994459833795,1260.8790397045245,1083,216
12,30,91.66645202833226,578.117192530586,1553,214
12,31,88.81801470588235,281.890625,1088,215
12,32,91.60208643815201,653.7064083457526,1342,212
12,33,92.50418060200668,507.428093645485,1196,213
12,34,97.21411483253588,467.54784688995215,1672,210
12,37,101.78318584070796,830.9513274336283,1356,206
12,38,102.28271028037383,1158.7492211838007,1284,209
12,39,103.65220759101472,199.6266460108443,1291,208
12,40,106.8046218487395,414.75840336134456,1428,207
12,41,105.64296998420221,1322.3333333333333,1266,205
12,43,118.9369144284822,759.1698938163647,1601,203
12,18,54.053216838760925,1203.7442414614773,1259,187
12,80,227.55006765899864,51.30581867388363,1478,169
12,116,386.6692708333333,1191.0980902777778,1152,284
12,118,401.26627218934914,937.4487179487179,1014,237
12,120,410.0281690140845,616.1423276501112,1349,235
12,121,409.6230558096981,1137.6733760292773,1093,234
12,122,424.66926575698506,1274.0610786224822,1539,233
12,123,424.3075396825397,350.18948412698415,1008,311
12,125,429.23384353741494,120.67687074829932,1176,297
12,126,433.69199457259157,268.08819538670286,737,256
12,127,449.3224603914259,1245.6216216216217,1073,236
12,128,463.73451957295373,216.91387900355872,1405,227
12,129,463.66432337434094,254.45254833040423,1138,320
12,130,467.8098078197482,1048.3134526176275,1509,226
12,131,465.17216981132077,1112.5200471698113,848,225
12,133,485.77472205968405,593.8940901111762,1709,223
12,134,480.2399643175736,64.21231043710972,1121,224
12,136,485.4671052631579,558.6157894736842,760,238
12,137,494.0603264726757,1078.2285308729595,1409,221
12,138,492.7190082644628,1148.5351239669421,968,252
12,140,491.7360655737705,932.4377049180328,610,253
12,141,499.2324695121951,390.9108231707317,1312,249
12,142,499.07722772277225,1114.5910891089109,1010,250
12,144,510.0023603461841,536.0763178599528,1271,248
12,145,510.3719447396387,259.51965993623804,941,254
12,146,513.7375661375661,57.03703703703704,945,247
12,79,226.37773608505316,1104.9756097560976,1599,170
12,115,386.54317732366513,1055.8371786420566,1517,279
12,114,385.7838179519595,1286.4481668773703,1582,257
12,143,499.94598540145984,434.11678832116786,685,251
12,112,374.8296664300923,1018.5493257629524,1409,280
12,113,374.7079715864246,1110.353591160221,1267,281
12,85,234.0559796437659,1332.58524173028,786,312
12,86,244.2749770852429,598.4133822181485,1091,182
12,82,227.6892797319933,666.035175879397,1194,168
12,88,260.82820784729586,76.30116648992576,943,271
12,89,276.16061339790156,917.6174334140436,1239,269
12,90,283.968,1162.4813333333334,750,314
12,91,290.2397914856646,1314.0981754995655,1151,266
12,92,294.1597325408618,497.43164933135216,1346,261
12,93,297.9288307915759,364.22222222222223,1377,275
12,94,299.63718263718266,1117.4971334971335,1221,262
12,95,299.21356275303646,702.4868421052631,988,264
12,96,301.1096196868009,817.9049217002237,894,260
12,87,250.44353182751541,385.4486652977413,974,272
12,99,328.9615912208505,1257.0877914951989,1458,274
12,97,323.14377182770664,396.99476135040743,1718,258
12,110,359.96541200406915,389.24821973550354,983,291
12,108,358.32154088050316,799.4654088050314,1272,283
12,107,348.83633387888705,617.291325695581,611,287
12,105,347.3213367609255,1210.0372750642673,778,288
12,109,356.21305418719214,674.8103448275862,812,286
12,104,342.7620865139949,304.66157760814247,786,289
12,100,324.6272040302267,798.595717884131,794,277
12,101,336.06411149825783,340.21463414634144,1435,276
12,111,364.87982832618025,705.2145922746781,932,282
12,103,345.82490566037734,1354.9879245283018,1325,315
12,102,337.2615535889872,1311.8387413962635,1017,290
13,175,683.7109440267335,959.2422723475355,1197,11
13,166,630.5656970912738,516.0381143430291,997,60
13,167,632.4280618311534,1215.2461355529133,841,59
13,168,647.1697183098591,213.58098591549296,1420,56
13,164,625.4548223350254,476.10253807106596,985,61
13,170,651.5369774919615,82.67952840300107,933,55
13,171,668.8068644560791,517.0884235020361,1719,14
13,172,666.2779078844652,1202.9664324746293,1281,16
13,173,680.6971947194719,242.4628712871287,1212,12
13,174,684.3611481975968,919.6762349799733,1498,10
13,169,648.8076616121309,1256.0750199521149,1253,57
13,181,714.2485875706215,759.8700564971751,1062,3
13,178,696.1026640675764,792.5295646523716,1539,15
13,179,693.752009184845,1335.804822043628,871,298
13,180,711.0174180327868,550.9436475409836,976,4
13,182,721.0058823529412,1089.6164705882352,850,2
13,183,731.5289598108747,657.160756501182,1692,7
13,184,729.5775729646697,240.69508448540708,1302,29
13,185,733.9972850678733,1156.80814479638,1105,25
13,186,735.8237082066869,736.2502532928065,987,17
13,187,738.1378839590444,805.6955631399318,1465,18
13,189,745.2371575342465,541.6404109589041,1168,28
13,177,691.8646179401993,339.6594684385382,1204,9
13,163,620.0451436388508,1241.0506155950752,731,293
13,147,582.9180907483795,1202.7142015321156,1697,51
13,159,615.2968561064087,665.5876662636034,1654,64
13,135,542.6536458333334,408.25434027777777,1152,147
13,190,749.3786259541985,49.170992366412214,655,31
13,136,542.9645042839658,165.18971848225215,817,241
13,138,565.7804218496484,334.3845321795565,1849,50
13,139,562.1701890989989,938.5617352614015,899,198
13,140,566.6580459770115,78.68175287356321,1392,145
13,141,568.544142614601,186.1723259762309,1178,49
13,142,562.4252717391304,1254.039402173913,736,108
13,143,572.9565780946209,1113.5748541801686,1543,46
13,144,570.9638095238096,849.4095238095238,1050,47
13,161,619.6815227483751,337.0046425255339,1077,63
13,145,573.8227848101266,1152.818829113924,1264,45
13,148,582.374432677761,125.33661119515885,1322,44
13,149,582.4183673469388,402.74860853432284,1078,40
13,150,591.180636777128,1277.3300844704354,1539,53
13,151,594.105460385439,627.3485010706638,1868,43
13,152,594.0305927342256,1083.4455066921605,1046,54
13,153,595.4216867469879,954.2263339070568,1162,52
13,154,598.9519434628975,306.65088339222615,1415,37
13,156,605.9445234708393,156.85348506401138,1406,318
13,157,606.6089572192514,251.03141711229947,1496,68
13,158,604.5072340425531,72.77702127659575,1175,69
13,146,575.1976166832175,268.81727904667326,1007,42
13,191,756.9347545219638,434.3313953488372,1548,24
13,233,925.8644688644689,1010.5091575091575,546,107
13,195,767.6648133439237,270.94360603653695,1259,70
13,235,931.1523605150214,1147.0665236051502,932,87
13,236,940.2250530785562,679.1825902335456,942,301
13,237,945.6141215106733,1042.4203612479475,1218,82
13,238,945.0873605947955,812.3801115241636,1076,83
13,241,951.7126019945603,720.0616500453309,1103,300
13,242,962.8004846526655,271.81906300484656,1238,81
13,244,958.680216802168,1017.040650406504,369,88
13,245,964.6987951807229,98.11044176706827,498,79
13,246,964.0357142857143,1069.4300595238096,672,75
13,247,973.9019769357496,634.7825370675453,1214,76
13,234,938.9160427807486,122.47433155080213,1870,85
13,248,985.7077175697865,61.48987411056377,1827,90
13,250,990.4758819294457,869.3462922966163,1389,106
13,252,992.1025862068966,232.22844827586206,1160,103
13,253,992.698500394633,765.1381215469613,1267,101
13,254,993.3375,1057.4833333333333,1200,104
13,256,999.8697813121272,659.4602385685885,1006,98
13,257,1003.2525150905433,616.1156941649899,994,99
13,258,1006.4034941763728,149.31780366056572,1202,97
13,259,1007.1544827586207,1271.2737931034483,1450,95
13,260,1010.8901515151515,396.59659090909093,1056,94
13,134,536.4907813871818,1204.2361720807726,1139,243
13,249,987.8279835390947,116.54814814814814,1215,91
13,232,929.2427860696517,1198.3542288557214,1005,86
13,228,913.6507836990596,545.8796238244514,1595,110
13,227,899.027290448343,1355.8343079922026,1026,130
13,196,761.865693430657,1219.2978102189782,685,21
13,197,771.6272640610105,1087.6682554814108,1049,146
13,199,772.8548057259713,1337.1513292433538,978,294
13,200,775.3968095712861,178.46460618145562,1003,73
13,201,779.5229283990346,695.229283990346,1243,124
13,202,792.3577092511014,661.501321585903,1135,122
13,203,796.2397610921502,55.16126279863481,1172,125
13,204,799.9400289017341,1282.9682080924856,1384,119
13,205,796.7307262569832,1316.9921787709497,895,121
13,207,817.3585131894484,142.26258992805757,834,115
13,208,817.7348314606742,263.4337078651685,890,116
13,209,823.0365296803653,200.55616438356165,1095,303
13,210,828.4087403598971,774.7339331619537,1556,112
13,211,823.611753371869,595.3034682080925,1038,113
13,212,836.0623306233063,168.89611562782295,1107,117
13,216,851.6189759036145,573.5459337349398,1328,143
13,217,850.8509060955519,276.39621087314663,1214,127
13,219,872.4432432432433,821.3963963963964,1110,141
13,220,874.9899888765294,1264.829810901001,899,138
13,222,893.0847166571265,1305.7590154550658,1747,132
13,223,886.7581967213115,626.6168032786885,976,136
13,224,889.1818873668188,772.1324200913242,1314,135
13,225,890.2740604949588,459.1164069660862,1091,131
13,192,752.9494833524684,77.91618828932262,871,27
13,133,522.9225753871231,1237.0195599022004,1227,245
13,116,464.64830508474574,256.3635593220339,1180,320
13,131,510.8210609659541,259.02929532858275,1263,254
13,38,119.07447447447447,758.7645645645646,1665,203
13,39,127.1762962962963,708.5059259259259,1350,184
13,40,132.53794139744554,234.01502629601802,1331,183
13,42,139.79515050167225,440.61622073578593,1196,161
13,43,146.39957264957266,789.1688034188035,1404,160
13,44,148.96526237989653,1080.80044345898,1353,158
13,45,150.54407051282053,1258.2540064102564,1248,157
13,46,157.27025641025642,98.92666666666666,1950,151
13,47,150.48102466793168,1222.7732447817837,1054,162
13,48,149.54328018223234,641.1104783599089,878,155
13,37,113.59677419354838,1061.847394540943,1612,204
13,50,157.18935837245695,757.4053208137715,639,328
13,55,174.40582800284292,862.1229566453447,1407,148
13,56,173.5646853146853,33.28758741258741,1144,154
13,58,184.71472392638037,737.9777607361963,1304,164
13,59,186.61667941851567,589.0665646518745,1307,165
13,61,193.8537170263789,311.2973621103117,1251,180
13,62,197.06943498978896,112.88972089857046,1469,179
13,64,195.61669829222012,1219.2333965844402,1054,178
13,66,198.32249322493226,1167.1806684733515,1107,175
13,67,196.41588156123822,768.8384925975774,743,295
13,68,201.25,395.75757575757575,1056,176
13,53,168.94642857142858,668.5799689440994,1288,150
13,69,204.68453427065026,277.17047451669595,1138,174
13,36,105.60115606936417,1321.795210569777,1211,205
13,34,103.5672514619883,199.04239766081872,1368,208
13,8,22.092966855295067,619.2433306386419,1237,220
13,9,24.50275482093664,1326.8829201101928,726,196
13,10,28.613973799126637,316.64279475982534,1145,194
13,13,35.74642126789366,1101.5228357191547,1467,193
13,14,44.148288973384034,112.9404309252218,789,306
13,15,49.62241566920566,1288.2295973884657,919,186
13,132,514.6979553903345,56.303903345724905,1076,247
13,17,53.47156862745098,737.3950980392157,1020,185
13,18,62.90179640718563,622.8437125748503,1670,188
13,19,63.970419063270334,311.98274445357436,1217,191
13,35,104.43231810490694,409.48815566835873,1182,207
13,21,56.542929292929294,1256.8737373737374,396,308
13,23,80.91861341371515,47.56367746797287,1327,217
13,24,79.47687564234327,1227.1551901336074,973,202
13,25,81.72898230088495,1260.1869469026549,904,216
13,26,89.09380234505862,281.04103852596313,1194,215
13,27,91.608310626703,579.5456403269754,1468,214
13,28,92.49672667757774,507.32733224222585,1222,213
13,29,92.84245076586433,653.5164113785557,1371,212
13,30,87.59439834024896,945.5632780082988,964,307
13,32,101.48856707317073,830.3368902439024,1312,206
13,33,102.79141104294479,1158.9064417177915,1304,209
13,22,69.2112810707457,1066.5487571701722,1046,201
13,70,207.43092783505153,616.8742268041237,970,173
13,16,53.71828793774319,1203.2575875486382,1285,187
13,72,226.6653721682848,1104.6446601941748,1545,170
13,102,386.9810682893847,1055.4651791751182,1479,279
13,103,386.11571675302247,1190.9032815198618,1158,284
13,105,400.88878416588125,937.3817153628652,1061,237
13,106,400.5980975029727,844.7027348394768,841,255
13,107,409.07137601177334,615.0331125827814,1359,235
13,108,409.3303886925795,1136.9487632508833,1132,234
13,109,416.89803921568625,347.99901960784314,1020,311
13,111,429.1841692789969,120.19514106583073,1276,297
13,112,433.17809734513276,267.896017699115,904,256
13,113,448.708041958042,1245.8872377622379,1144,236
13,101,376.65119120342086,1112.1545510079413,1637,281
13,115,462.2066889632107,217.4588628762542,1495,227
13,118,465.0952380952381,1111.9741200828157,966,225
13,120,479.9935275080906,63.59304207119741,1236,224
13,121,486.86046511627904,595.051878354204,1677,223
13,122,482.8524590163934,557.2388758782201,854,238
13,123,488.6465753424658,905.5671232876713,730,239
13,124,495.7336343115124,1077.3837471783295,1329,221
13,128,500.1242067089755,1113.5657298277424,1103,250
13,129,499.47411764705885,433.5176470588235,850,251
13,130,509.7353372434018,535.7521994134897,1364,248
13,117,467.8058510638298,1048.7699468085107,1504,226
13,100,374.2082738944365,1018.7796005706134,1402,280
13,125,492.6463414634146,1148.0703564727955,1066,252
13,98,356.509900990099,676.0128712871287,1010,286
13,99,358.0437037037037,799.3977777777778,1350,283
13,74,228.66039051603906,665.8981868898187,1434,168
13,75,233.68125,1331.9041666666667,960,312
13,78,250.5832614322692,384.99568593615186,1159,272
13,79,260.74103237095363,74.95188101487314,1143,271
13,80,275.5658852061439,917.324979789814,1237,269
13,81,284.01704545454544,1162.5568181818182,880,314
13,82,289.916597853014,1314.1717588769611,1211,266
13,83,294.59873506676036,497.36191145467325,1423,261
13,84,298.4708442123586,702.0791993037424,1149,264
13,76,243.381861575179,597.8416865552904,1257,182
13,73,227.81483870967742,51.12064516129032,1550,169
13,85,299.26506024096386,1117.0160642570281,1245,262
13,96,349.1946222791293,615.9078104993598,781,287
13,95,347.1477516059957,1209.3190578158458,934,288
13,93,342.4151547491996,303.66275346851654,937,289
13,92,344.59811616954477,1355.61852433281,1274,315
13,97,357.75760065735415,389.03368940016435,1217,291
13,90,335.821843003413,339.97747440273037,1465,276
13,89,328.77633378932967,1256.5759233926128,1462,274
13,88,323.3400211193242,797.6673706441394,947,277
13,86,300.52147239263803,816.3404907975461,652,260
13,91,337.5074478649454,1311.8490566037735,1007,290
14,137,649.418323249784,1254.8115816767502,1157,57
14,145,693.6190476190476,1337.1309523809523,924,298
14,139,666.897233201581,1201.9359683794466,1265,16
14,140,681.1211878009631,242.446227929374,1246,12
14,141,687.3002070393375,918.703933747412,1449,10
14,142,689.4963562753037,958.3562753036438,1235,11
14,144,692.1406365655071,339.1043671354552,1351,9
14,138,651.798755186722,82.32365145228216,964,55
14,158,751.1942078364566,49.28449744463373,587,31
14,147,713.5728876508821,762.6508820798514,1077,3
14,148,721.1239470517448,1089.3766546329723,831,2
14,149,731.9049689440993,657.2552795031056,1610,7
14,150,729.9842271293376,239.99447949526814,1268,29
14,152,734.905280804694,1155.6244761106454,1193,25
14,155,743.9700854700855,540.8418803418804,1170,28
14,156,753.1824500434404,79.31190269331016,1151,27
14,136,647.4776324845147,213.5175498967653,1453,56
14,157,757.2957276368492,434.3117489986649,1498,24
14,146,709.3744292237443,553.1107305936073,876,4
14,151,734.0009950248756,736.7253731343284,1005,17
14,124,595.8366477272727,307.96732954545456,1408,37
14,134,632.3569620253164,1214.9430379746836,790,59
14,114,562.6208588957055,1252.6527607361963,815,108
14,159,754.9295478443744,1219.2060988433227,951,21
14,115,568.9820408163265,186.88326530612244,1225,49
14,116,573.0082122552117,1115.7201516108655,1583,46
14,117,571.4781765276431,849.1862269641125,1031,47
14,118,574.7784760408484,1155.899450117832,1273,45
14,119,579.4928909952606,268.7620853080569,1055,42
14,120,582.5990747879722,124.87124132613724,1297,44
14,121,582.5871478873239,402.7086267605634,1136,40
14,122,594.1790465631929,627.589800443459,1804,43
14,123,592.7614503816794,1277.9300254452926,1572,53
14,125,593.7298534798534,1083.9056776556777,1092,54
14,126,595.8331892826275,954.8496110630942,1157,52
14,128,606.5761024182077,156.00568990042674,1406,318
14,129,605.303602058319,73.12521440823328,1166,69
14,130,615.4996904024767,665.9609907120742,1615,64
14,131,619.2156862745098,335.9269162210339,1122,63
14,132,624.4432692307693,476.8538461538462,1040,61
14,133,620.8153638814016,1240.7735849056603,742,293
14,135,633.7843902439024,517.9346341463414,1025,60
14,160,767.2058823529412,269.5098039215686,1326,70
14,200,938.7356828193832,122.53028634361233,1816,85
14,165,772.1792260692464,1337.1670061099796,982,294
14,202,945.0642791551883,811.6969696969697,1089,83
14,203,945.6649253731343,1039.368656716418,1340,82
14,205,950.6646706586827,721.1579341317365,1336,300
14,207,962.6589861751152,270.97388632872503,1302,81
14,209,964.0040404040404,1016.149494949495,495,88
14,210,964.8835904628331,1068.54698457223,713,75
14,211,973.9388097233864,635.4056999161777,1193,76
14,212,984.7952956134774,62.21360457724094,1573,90
14,213,987.6177237185057,116.03127715030408,1151,91
14,214,990.8379387602689,869.0993278566094,1339,106
14,216,992.6151877133105,232.04180887372013,1172,103
14,217,994.3202911737943,1058.0755232029117,1099,104
14,219,1000.6893203883495,659.721359223301,1030,98
14,220,1003.1941649899396,616.251509054326,994,99
14,221,1007.4005037783376,149.61041141897564,1191,97
14,222,1006.9770114942529,1270.753591954023,1392,95
14,223,1010.9951219512195,396.22439024390246,1025,94
14,113,566.6748329621381,78.7297698589458,1347,145
14,201,941.3057259713702,679.7638036809816,978,301
14,164,772.2721238938053,1082.9933628318583,904,146
14,199,929.5019841269841,1197.9285714285713,1008,86
14,167,777.6234782608695,692.9347826086956,1150,124
14,168,791.9252823631625,661.3092962641182,1151,122
14,169,796.1996557659209,55.12048192771084,1162,125
14,170,799.3822222222223,1281.9155555555556,1350,119
14,171,802.171186440678,1319.3338983050849,1180,121
14,174,817.0870083432658,142.99761620977355,839,115
14,175,817.8232711306257,263.1635565312843,911,116
14,177,823.0193192272309,200.95308187672492,1087,303
14,178,828.16375,774.42125,1600,112
14,179,825.8367158671587,592.9114391143911,1084,113
14,180,836.0977973568282,170.00176211453746,1135,117
14,183,851.0568278201866,276.2502120441052,1179,127
14,184,872.503178928247,821.1180744777475,1101,141
14,185,874.6466666666666,1264.9977777777779,900,138
14,187,886.9755600814664,626.4511201629327,982,136
14,188,889.5140898705255,772.036557501904,1313,135
14,191,890.485527544351,459.08496732026146,1071,131
14,192,899.2481481481482,1355.5944444444444,1080,130
14,194,914.4272151898734,545.2107594936709,1580,110
14,198,922.5059021922428,1011.2091062394604,593,107
14,112,562.5526036131774,938.4814027630181,941,198
14,49,173.80881057268724,32.89074889867842,1135,154
14,110,536.6452400325468,1204.9438567941415,1229,243
14,35,127.31831395348837,708.5145348837209,1376,184
14,36,132.6593155893536,233.68136882129278,1315,183
14,38,140.9750972762646,441.00155642023344,1285,161
14,39,146.29941860465115,790.8093023255814,1720,160
14,40,147.95598845598846,1079.4357864357864,1386,158
14,41,150.15323224261772,1257.4924181963288,1253,157
14,42,147.9448491155047,640.6919875130072,961,155
14,44,151.37173281703775,1222.9390125847046,1033,162
14,34,120.25322391559203,755.7203985932005,1706,203
14,48,174.5842175066313,863.5132625994695,1508,148
14,53,197.67894736842106,113.40877192982457,1710,179
14,54,194.49271844660194,309.9231391585761,1236,180
14,55,197.41680129240711,1165.7794830371568,1238,175
14,56,195.85953488372093,1218.9916279069766,1075,178
14,57,201.48185654008438,396.49873417721517,1185,176
14,58,203.921664626683,763.5911872705018,817,295
14,59,205.63317535545025,276.73649289099524,1055,174
14,60,206.73184898354307,615.3610842207164,1033,173
14,50,184.75851393188856,737.2476780185758,1292,164
14,33,104.48324958123953,409.0527638190955,1194,207
14,32,103.89071856287426,199.16167664670658,1336,208
14,31,102.7438080495356,1158.8962848297213,1292,209
14,111,543.1972633979475,164.7502850627138,877,241
14,9,22.377616747181964,619.4694041867955,1242,220
14,10,25.21360544217687,1326.522448979592,735,196
14,12,36.06780821917808,1101.4493150684932,1460,193
14,13,53.58848080133556,1202.482470784641,1198,187
14,14,54.97616777883699,736.6749285033366,1049,185
14,15,56.285714285714285,1288.3978835978835,945,186
14,18,67.81740718198418,617.9969567863664,1643,188
14,19,55.89221556886228,1257.1417165668663,501,308
14,20,69.65636363636364,1066.1918181818182,1100,201
14,21,78.20184426229508,1226.3555327868853,976,202
14,22,81.72413793103448,48.458770614692654,1334,217
14,23,84.94865100087033,1260.7972149695388,1149,216
14,24,89.31976744186046,281.0066445182724,1204,215
14,25,93.57820440429136,579.339356295878,1771,214
14,26,92.15595667870036,653.4036101083033,1385,212
14,27,87.90393852065321,945.250720461095,1041,307
14,28,92.64875701684042,506.7177225340818,1247,213
14,30,102.64145454545455,828.4930909090909,1375,206
14,61,227.05797101449275,1104.687747035573,1518,170
14,62,227.9523169912693,51.172599059771656,1489,169
14,16,60.34513888888889,312.25416666666666,1440,191
14,64,233.6952479338843,1331.6580578512396,968,312
14,90,411.01246882793015,614.7256857855361,1604,235
14,91,409.24541484716156,1136.9004366812228,1145,234
14,92,419.6837606837607,349.1253561253561,1053,311
14,93,429.53385826771654,120.37165354330709,1270,297
14,94,433.6153017241379,267.67241379310343,928,256
14,95,463.4604715672677,217.04160887656033,1442,227
14,96,465.1541737649063,255.84838160136286,1174,320
14,97,468.547131147541,1048.85587431694,1464,226
14,98,464.7001972386588,1111.6755424063117,1014,225
14,99,479.8996789727127,63.90609951845907,1246,224
14,100,484.5193370165746,591.2590546347452,1629,223
14,101,492.80067854113656,1148.1272264631043,1179,252
14,102,489.9055330634278,905.4412955465586,741,239
14,103,497.3833992094862,1076.5256916996047,1265,221
14,106,500.5570530098832,1112.475292003594,1113,250
14,107,507.97058823529414,537.3390522875817,1224,248
14,108,511.94688922610015,257.84825493171473,1318,254
14,109,514.9338040600177,56.40158870255958,1133,247
14,63,229.90354698195395,665.9856876166771,1607,168
14,89,401.14004914004914,844.8095823095823,814,255
14,88,400.8298872180451,937.5234962406015,1064,237
14,105,500.0203862660944,433.51824034334766,932,251
14,85,385.84709066305817,1055.9871447902572,1478,279
14,66,252.04963805584282,385.4736297828335,967,272
14,86,385.6188898094449,1190.4929577464789,1207,284
14,67,276.7051886792453,917.7051886792453,1272,269
14,65,243.6030303030303,597.680303030303,1320,182
14,69,293.83540802213,497.39764868603044,1446,261
14,70,299.3718801996672,1116.514143094842,1202,262
14,73,326.6441005802708,799.7872340425532,1034,277
14,74,328.7464052287582,1256.5470588235294,1530,274
14,75,336.21851078636047,339.59429366736254,1437,276
14,68,283.73673469387757,1161.2316326530613,980,314
14,76,337.3059513830679,1311.7937971500419,1193,290
14,77,342.62054054054056,303.75135135135133,925,289
14,78,344.96203554119546,1355.6882067851373,1238,315
14,79,347.29853862212946,1209.3799582463466,958,288
14,80,348.7452606635071,616.3838862559242,844,287
14,81,357.8932676518883,389.13711001642037,1218,291
14,82,356.6613805970149,675.0550373134329,1072,286
14,84,374.3634377276038,1018.6467589220684,1373,280
14,83,376.5609048723898,1111.2552204176334,1724,281
15,121,651.4151515151515,82.62525252525252,990,55
15,122,667.1400778210117,1202.223346303502,1285,16
15,124,680.912320483749,242.8843537414966,1323,12
15,125,690.5028901734104,957.5982658959538,1384,11
15,127,692.0013689253935,339.29979466119096,1461,9
15,128,709.1161217587373,552.3641488162345,887,4
15,132,729.8597842835131,240.63251155624036,1298,29
15,130,721.1099656357388,1089.7205040091637,873,2
15,131,731.9457125231339,657.7273288093769,1621,7
15,140,753.745983935743,1220.0010040160641,996,21
15,133,733.3908794788274,1154.0244299674266,1228,25
15,134,732.9530791788857,737.1427174975562,1023,17
15,137,743.9688311688311,543.3627705627706,1155,28
15,138,752.5130434782609,79.29644268774703,1265,27
15,139,757.0811881188118,434.84818481848185,1515,24
15,129,713.4025974025974,763.7736549165121,1078,3
15,120,648.61646234676,1256.0656742556919,1142,57
15,112,605.6090604026846,73.34228187919463,1192,69
15,118,633.182261208577,518.738791423002,1026,60
15,102,571.2524557956777,849.87721021611,1018,47
15,103,576.2313030069391,1158.2390131071704,1297,45
15,141,749.9722222222222,48.82738095238095,504,31
15,104,582.6638783269962,125.41140684410647,1315,44
15,105,581.6079258010118,269.9806070826307,1186,42
15,106,582.4194092827004,403.242194092827,1185,40
15,107,592.9172501591343,1275.0884786760025,1571,53
15,108,594.7647058823529,628.3545904343046,1819,43
15,109,595.3261421319797,307.755076142132,1576,37
15,110,593.8484581497797,1084.313656387665,1135,54
15,113,607.7075862068965,156.20896551724138,1450,318
15,114,615.430254184749,666.7879727216367,1613,64
15,115,620.0487179487179,336.7794871794872,1170,63
15,116,620.4761904761905,1240.6036036036037,777,293
15,117,624.8253234750462,477.13401109057304,1082,61
15,119,647.660351826793,214.10690121786197,1478,56
15,144,772.6853823814133,1077.3368828654404,1033,146
15,172,929.4048076923077,1198.5221153846153,1040,86
15,147,791.4521232306412,662.2381348875937,1201,122
15,175,943.8726554787759,679.7581441263574,1013,301
15,176,944.8141197497766,812.1966041108133,1119,83
15,179,962.4728220402085,271.51228592702904,1343,81
15,181,964.0693779904307,1071.7858851674641,836,75
15,182,973.8034825870647,636.0472636815921,1206,76
15,183,984.845449649973,61.897145934302635,1857,90
15,184,986.5785953177258,116.24080267558529,1196,91
15,185,990.8814814814815,869.3511111111111,1350,106
15,186,990.8469387755102,1058.063492063492,882,104
15,188,1000.827358490566,660.5084905660377,1060,98
15,189,1003.0099800399202,616.8133732534931,1002,99
15,190,1007.5488105004101,149.75143560295325,1219,97
15,191,1007.9857022708159,1270.4331370899915,1189,95
15,100,568.8781183178902,190.0392017106201,1403,49
15,192,1010.8294797687861,396.9104046242775,1038,94
15,174,944.4305732484077,1040.040127388535,1570,82
15,173,937.6812248995984,121.16315261044177,1992,85
15,171,923.5235849056604,1010.2814465408806,636,107
15,148,797.7682619647355,55.042821158690174,1191,125
15,149,799.680624556423,1283.9134137686303,1409,119
15,152,817.1781609195402,143.4287356321839,870,115
15,153,817.3651987110634,264.38990332975294,931,116
15,154,820.8615107913669,202.9136690647482,1112,303
15,155,827.7340168878167,775.083835946924,1658,112
15,156,826.1157024793389,593.287419651056,1089,113
15,145,773.0643564356436,1337.291089108911,1010,294
15,157,837.259009009009,171.73723723723722,1332,117
15,160,872.6478999106345,821.6255585344057,1119,141
15,161,874.7595744680851,1265.5223404255319,940,138
15,164,886.6144029170465,629.0902461257976,1097,136
15,165,889.4813119755911,772.5041952707857,1311,135
15,166,890.289990645463,459.4714686623012,1069,131
15,167,899.4065544729849,1356.1532329495128,1129,130
15,168,913.1976528721433,546.5725756639902,1619,110
15,159,851.0932773109243,276.74957983193275,1190,127
15,99,562.6996662958843,1250.7608453837597,899,108
15,82,463.01151315789474,1110.9120065789473,1216,225
15,97,565.4278448823903,79.63191354100445,1573,145
15,31,126.95903010033445,709.0928093645485,1196,184
15,32,132.4859050445104,234.0408011869436,1348,183
15,34,147.9727011494253,1079.5941091954023,1392,158
15,36,148.40947368421052,642.2,950,155
15,37,151.21007604562737,1223.6226235741444,1052,162
15,40,174.59063545150502,864.1284280936455,1495,148
15,41,173.6408888888889,33.52711111111111,1125,154
15,42,184.09419152276294,738.5996860282575,1274,164
15,44,193.6690251572327,311.83569182389937,1272,180
15,45,197.3168,1166.5128,1250,175
15,46,195.79792256846082,1219.661000944287,1059,178
15,47,200.85917721518987,397.19541139240505,1264,176
15,48,205.2217607973422,277.5971760797342,1204,174
15,49,206.40134744947065,615.456207892204,1039,173
15,50,204.78337531486147,764.2581863979849,794,295
15,29,104.67295081967212,409.4909836065574,1220,207
15,51,226.96402398401065,1105.1812125249833,1501,170
15,28,103.72720588235295,199.56323529411765,1360,208
15,26,101.58704735376044,1159.949860724234,1436,209
15,8,21.9632,619.712,1250,220
15,9,25.03183023872679,1326.7068965517242,754,196
15,10,36.08471074380165,1102.0,1452,193
15,11,54.39018087855297,736.6959517657192,1161,185
15,12,59.66892307692308,311.44738461538464,1625,191
15,13,53.647430117222726,1203.2957619477006,1109,187
15,98,562.3991552270327,939.1531151003168,947,198
15,16,69.83362676056338,1066.7112676056338,1136,201
15,17,77.08704253214638,1227.6627101879328,1011,202
15,18,81.19326500732065,47.219619326500734,1366,217
15,19,84.43503289473684,1263.4416118421052,1216,216
15,21,89.03951612903226,281.6266129032258,1240,215
15,22,87.95559845559846,945.6467181467182,1036,307
15,23,92.63169642857143,507.4471726190476,1344,213
15,25,99.42567077592459,653.0790427846265,1379,212
15,27,102.1263823064771,830.3562401263823,1266,206
15,52,227.84635761589405,51.619867549668875,1510,169
15,14,66.08952468850946,621.602676511306,2167,188
15,55,243.77340267459138,598.2726597325409,1346,182
15,78,424.4777365491651,350.4239332096475,1078,311
15,79,429.5105716523101,120.80971025841816,1277,297
15,80,433.47301587301587,268.01798941798944,945,256
15,83,465.99741602067184,258.65805340223943,1161,320
15,84,468.53418230563005,1049.5361930294905,1492,226
15,86,479.5409429280397,64.28287841191067,1209,224
15,87,483.11569731081926,589.7279549718575,1599,223
15,88,487.7567934782609,905.3804347826087,736,239
15,90,502.2891061452514,1074.991620111732,1432,221
15,91,500.4487562189055,433.9393034825871,1005,251
15,92,500.67691029900334,1113.3347176079735,1204,250
15,94,514.2596732588135,56.92175408426483,1163,247
15,95,536.6674191121143,1205.737396538751,1329,243
15,96,543.1863684771033,165.31522896698615,939,241
15,54,233.57324840764332,1332.3577494692145,942,312
15,77,409.5938864628821,1137.42096069869,1145,234
15,76,410.6355140186916,615.203738317757,1605,235
15,93,507.9442131557036,539.1465445462115,1201,248
15,73,385.5669934640523,1189.4264705882354,1224,284
15,75,400.9525,845.1575,800,255
15,57,276.86130811662724,918.4901497241923,1269,269
15,56,251.4665409990575,386.0659754948162,1061,272
15,60,295.2396870554765,497.9018492176387,1406,261
15,61,299.3535741737125,1115.1606456571867,1301,262
15,63,326.43461538461537,800.714423076923,1040,277
15,64,336.0522033898305,339.7837288135593,1475,276
15,59,283.53053053053054,1161.2882882882882,999,314
15,66,344.9771986970684,1357.0651465798046,1228,315
15,67,343.8557894736842,303.6936842105263,950,289
15,68,347.3005235602094,1209.9549738219896,955,288
15,69,349.04024390243904,616.5963414634147,820,287
15,70,357.27708850289497,676.7452440033085,1209,286
15,71,374.24921383647796,1017.9040880503145,1272,280
15,65,336.7273456295108,1312.28949478749,1247,290
15,72,382.5554675118859,1052.9255150554675,1262,279
16,102,632.9018036072144,518.3176352705411,998,60
16,103,647.5580357142857,214.55877976190476,1344,56
16,104,648.116485686081,1256.1105626850938,1013,57
16,105,651.6159068865179,82.52958292919496,1031,55
16,106,667.1005631536605,1201.818986323411,1243,16
16,109,714.469696969697,762.5340909090909,1056,3
16,108,709.7231947483589,551.629102844639,914,4
16,110,720.9732558139535,1089.2093023255813,860,2
16,111,731.7266091572661,657.6668878566688,1507,7
16,112,729.8733174980206,240.6357878068092,1263,29
16,113,732.2248322147651,1151.3305369127518,1192,25
16,107,681.4895608351331,243.3110151187905,1389,12
16,101,621.0583554376658,1240.6750663129974,754,293
16,93,594.6317829457364,627.1479328165375,1548,43
16,99,620.6085858585859,336.8265993265993,1188,63
16,98,612.5384615384615,662.3759811616954,1274,64
16,97,609.3283582089553,67.90671641791045,1072,69
16,96,608.1891137473831,156.1179344033496,1433,318
16,94,593.1334445371143,1085.2135112593828,1199,54
16,92,590.5683823529412,1271.9323529411765,1360,53
16,91,582.2950413223141,403.002479338843,1210,40
16,90,582.640243902439,125.27286585365853,1312,44
16,89,579.0728527607362,1160.2515337423313,1304,45
16,88,571.4443359375,849.3447265625,1024,47
16,86,562.76,1249.7297297297298,925,108
16,114,744.182062780269,541.8367713004484,1115,28
16,100,623.3172475424486,477.09025915996426,1119,61
16,115,751.6358296622614,78.55947136563877,1362,27
16,148,940.0390070921986,122.427304964539,1692,85
16,117,753.3148893360161,1220.1579476861168,994,21
16,85,562.5400410677618,938.771047227926,974,198
16,162,1009.1625531914893,149.0782978723404,1175,97
16,161,1002.3363363363363,615.978978978979,999,99
16,160,999.7221684414327,660.7454017424976,1033,98
16,159,991.2924528301887,1057.5566037735848,1166,104
16,158,990.4387990762125,868.9045419553503,1299,106
16,163,1010.8622398414271,396.26065411298316,1009,94
16,157,986.9276595744681,116.94723404255319,1175,91
16,156,984.2064928153274,59.86961149547632,1879,90
16,155,973.6031061259706,636.3399482312338,1159,76
16,151,944.8381294964029,811.2185251798561,1112,83
16,150,944.3141724479683,679.013875123885,1009,301
16,147,929.1306081754735,1198.0957128614157,1003,86
16,143,899.2657091561939,1356.1840215439856,1114,130
16,142,890.1347449470645,459.0,1039,131
16,141,889.5751376868608,772.0944138473643,1271,135
16,139,886.4757834757835,628.0189933523267,1053,136
16,136,872.4407713498623,821.248852157943,1089,141
16,135,850.7702127659575,276.1693617021277,1175,127
16,132,826.2502258355917,592.1309846431798,1107,113
16,130,817.312426035503,142.098224852071,845,115
16,129,817.0314192849404,264.9284940411701,923,116
16,128,816.4155251141552,203.0511415525114,1095,303
16,125,802.0594879518072,57.00075301204819,1328,125
16,124,799.3310077519379,1283.2767441860465,1290,119
16,122,791.1105354058722,662.1899827288428,1158,122
16,120,772.9013785790032,1337.3138918345705,943,294
16,116,756.4240162822252,435.04884667571235,1474,24
16,84,566.0311332503113,77.6917808219178,1606,145
16,13,69.84055459272098,1066.055459272097,1154,201
16,82,536.7259541984732,1205.0007633587786,1310,243
16,42,204.33727344365641,276.63120567375887,1269,174
16,41,200.26788432267884,396.45205479452056,1314,176
16,40,195.90057361376674,1219.0860420650095,1046,178
16,39,197.12857142857143,1166.5269841269842,1260,175
16,38,194.10534351145037,312.3320610687023,1310,180
16,35,185.06962025316454,738.8037974683544,1264,164
16,34,173.6574977817214,33.441881100266194,1127,154
16,33,174.54790823211877,864.0310391363023,1482,148
16,30,150.45065176908753,1223.4972067039107,1074,162
16,29,148.16752312435764,642.568345323741,973,155
16,27,148.18905109489052,1078.8430656934306,1370,158
16,26,132.65943113772454,233.99550898203591,1336,183
16,43,205.9641728134879,613.809272918862,949,173
16,24,104.6231884057971,409.2536231884058,1242,207
16,22,102.32832278481013,829.8117088607595,1264,206
16,20,95.61325564457393,656.5389657683904,1373,212
16,19,87.59116022099448,945.6418047882137,1086,307
16,18,91.66379310344827,507.3866047745358,1508,213
16,17,88.70819935691318,281.21784565916397,1244,215
16,16,79.8932735426009,48.228699551569505,1115,217
16,15,76.14073339940535,1227.9127849355798,1009,202
16,11,53.28914590747331,1202.1788256227758,1124,187
16,10,58.98530312308635,310.9454990814452,1633,191
16,9,35.99644886363637,1102.1441761363637,1408,193
16,8,24.788311688311687,1327.290909090909,770,196
16,7,22.631537242472266,619.5879556259905,1262,220
16,23,103.57764441110278,199.61440360090023,1333,208
16,44,208.03333333333333,762.3901234567901,810,295
16,83,542.441494591937,165.36479842674532,1017,241
16,46,228.17662860980525,51.84956346541303,1489,169
16,45,226.87602179836512,1104.8726158038148,1468,170
16,81,511.4629337539432,58.630914826498426,1268,247
16,79,502.734534064213,1115.5810493343774,1277,250
16,78,500.7743445692884,433.5458801498127,1068,251
16,75,487.26657458563534,903.6450276243094,724,239
16,74,482.9625085207907,588.4560327198365,1467,223
16,73,467.88559614059267,1048.910406616127,1451,226
16,72,465.85100788781773,257.17791411042947,1141,320
16,71,464.04965622612684,1109.8029029793736,1309,225
16,70,433.8787234042553,267.3031914893617,940,256
16,69,429.52644041041833,120.97316495659037,1267,297
16,68,425.7922077922078,349.74860853432284,1078,311
16,67,409.7061442564559,1137.2546749777382,1123,234
16,80,507.9428090832632,538.7552565180824,1189,248
16,63,383.47524020694755,1054.3148558758314,1353,279
16,66,400.4736842105263,844.7130325814536,798,255
16,48,233.60484720758694,1332.190727081138,949,312
16,51,251.58371454711803,386.06770356816105,1093,272
16,52,277.0080128205128,917.8854166666666,1248,269
16,53,290.44128646222885,495.7112939416604,1337,261
16,54,298.66641509433964,1115.0407547169812,1325,262
16,50,243.7078402366864,598.0931952662722,1352,182
16,57,336.785084202085,1311.8275862068965,1247,290
16,58,344.98342059336824,1357.4720767888307,1146,315
16,59,347.30688935281836,1209.4665970772442,958,288
16,62,374.2096774193548,1018.1338709677419,1240,280
16,60,349.07106598984774,616.2715736040609,788,287
16,56,326.0222437137331,799.7765957446809,1034,277
17,128,707.2847295864264,552.7041357370096,1886,4
17,129,714.7442680776014,762.9100529100529,1134,3
17,130,721.1687192118227,1089.685960591133,812,2
17,131,731.9556407447974,657.4326396495071,1826,7
17,133,730.9687267311988,1150.247207743857,1343,25
17,137,746.0090386195562,540.6442070665571,1217,28
17,140,753.0350318471337,1220.9554140127389,1256,21
17,120,680.8137595552467,242.10701876302988,1439,12
17,141,756.1979785969085,434.83234244946493,1682,24
17,132,730.572886297376,240.08090379008746,1372,29
17,117,651.4440961337513,83.7387669801463,957,55
17,106,608.1575912876361,155.3055733504164,1561,318
17,114,633.2195325542571,516.7070116861436,1198,60
17,113,620.7519083969465,1239.6628498727734,786,293
17,111,622.6686440677967,477.4627118644068,1180,61
17,109,621.8982035928144,337.97904191616766,1336,63
17,108,615.1540195341848,62.67918858001503,1331,69
17,104,591.7683923705722,1273.3700272479564,1835,53
17,101,582.2364457831326,402.74924698795184,1328,40
17,100,583.114245416079,125.84062059238364,1418,44
17,99,578.2004357298475,1160.1336238198983,1377,45
17,98,571.3536585365854,849.7090592334495,1148,47
17,148,773.0045537340619,1336.9171220400729,1098,294
17,116,649.4398644833427,213.88989271597967,1771,56
17,153,792.5930807248765,662.5799011532125,1214,122
17,186,929.2568644818423,1198.416297608503,1129,86
17,159,817.7824956672443,203.2001733102253,1154,303
17,211,1011.3645189761695,397.20388349514565,1133,94
17,208,1006.2001620745543,149.7293354943274,1234,97
17,202,990.9540094339623,870.782429245283,1696,106
17,201,989.8516093835243,1055.75831969449,1833,104
17,200,986.5413618458075,113.32920652785593,1777,91
17,198,983.4186795491144,60.90861513687601,2484,90
17,197,974.5383022774328,635.2857142857143,1449,76
17,196,970.1026137463698,151.70958373668927,1033,80
17,194,961.8675799086758,1022.8934550989345,657,88
17,190,945.0992018244013,680.5974914481186,877,301
17,187,941.7769671704012,118.82334549244398,1919,85
17,154,799.3228782287823,1282.9132841328412,1626,119
17,96,562.6794717887154,1249.4105642256902,833,108
17,183,930.5566433566433,77.94055944055944,1430,84
17,180,914.884724857685,546.1005692599621,2108,110
17,179,899.1388429752066,1356.5338842975207,1210,130
17,175,893.9432548179872,1306.5615631691649,1868,132
17,173,887.2188715953307,627.1352140077821,1028,136
17,170,872.794014084507,821.3389084507043,1136,141
17,167,851.2193798449613,276.3565891472868,1290,127
17,163,828.0837297811609,593.116079923882,1051,113
17,162,828.295156407669,774.5887991927347,1982,112
17,161,818.3853107344632,139.4768361581921,885,115
17,160,816.8311688311688,265.29329004329,924,116
17,184,922.9748822605966,1011.1852433281005,637,107
17,94,563.0412168792934,939.352306182532,1019,198
17,207,1000.2451403887688,660.6619870410367,926,98
17,91,543.8902045209903,167.2551130247578,929,241
17,45,210.6109756097561,761.9341463414634,820,295
17,43,206.70850622406638,613.1514522821577,964,173
17,41,199.91176470588235,1168.3643790849674,1224,175
17,40,200.53573770491803,396.40131147540984,1525,176
17,39,195.78776645041705,1219.4226135310473,1079,178
17,38,185.22710068130203,738.2142316426949,1321,164
17,36,173.59179265658747,34.46544276457883,926,154
17,35,174.4982529699511,862.1243885394829,1431,148
17,29,148.79449838187702,755.0930420711974,1236,328
17,28,147.32154006243496,641.4963579604579,961,155
17,46,227.56242424242424,1104.810909090909,1650,170
17,27,149.3019707565162,1079.2104259376986,1573,158
17,24,104.02456647398844,199.34031791907515,1384,208
17,23,101.90699404761905,831.0014880952381,1344,206
17,20,93.3785271851342,656.2119752236752,1453,212
17,19,89.23378378378378,280.6412162162162,1480,215
17,17,76.73478939157566,1228.8533541341653,1282,202
17,16,69.62892561983472,1066.585123966942,1210,201
17,13,53.13222416812609,1202.2145359019264,1142,187
17,11,35.66814720812183,1102.3388324873097,1576,193
17,10,24.91763191763192,1327.2187902187902,777,196
17,8,22.831099195710454,619.0455764075067,1119,220
17,93,565.5786069651741,79.3731343283582,2010,145
17,25,105.10891089108911,410.23229246001523,1313,207
17,49,231.33585858585857,53.80723905723906,1188,169
17,176,890.7053800170794,459.15286080273273,1171,131
17,52,244.25148514851486,597.5887788778878,1515,182
17,90,537.3928571428571,1205.2824675324675,1540,243
17,51,234.09185803757828,1331.8225469728602,958,312
17,88,513.318805488297,59.13882163034705,1239,247
17,86,499.0963257199603,433.8162859980139,1007,251
17,80,483.145656779661,589.0021186440678,1888,223
17,79,468.2566265060241,1049.251204819277,1660,226
17,78,465.81215900233826,255.5705378020265,1283,320
17,77,465.80564263322884,1110.476489028213,1595,225
17,76,433.2879098360656,267.6782786885246,976,256
17,74,429.7090643274854,120.92397660818713,1368,297
17,73,425.7651309846432,350.30984643179767,1107,311
17,71,409.8490566037736,1137.0951972555747,1166,234
17,87,508.55094043887146,538.8040752351097,1276,248
17,67,384.513200257566,1056.4681262073407,1553,279
17,70,400.7905405405405,845.2135135135135,740,255
17,54,251.03874690849133,386.0956306677659,1213,272
17,56,296.96061975468047,1111.7314396384763,1549,262
17,58,302.05350318471335,814.1388535031847,785,260
17,55,275.69662058371733,918.3310291858679,1302,269
17,62,349.06839452843775,1354.1655867530596,1389,315
17,63,347.6121281464531,1209.5778032036612,874,288
17,64,348.69510664993726,618.8506900878293,797,287
17,66,374.3136976579134,1018.5110007097232,1409,280
17,60,327.0470852017937,799.6154708520179,892,277
18,148,730.1649253731343,240.2141791044776,1340,29
18,147,731.8652442448063,657.4183043234138,1781,7
18,127,620.5072289156626,1239.8638554216868,830,293
18,145,714.3240506329114,762.6599156118143,1185,3
18,143,709.3471557682084,551.7325890483785,1881,4
18,135,680.9786795048143,242.04264099037138,1454,12
18,132,651.7806267806268,82.8641975308642,1053,55
18,129,633.398631308811,516.0812660393499,1169,60
18,125,621.3164983164983,475.6245791245791,1188,61
18,115,582.1808035714286,124.29613095238095,1344,44
18,123,614.5070422535211,69.58998435054774,1278,69
18,121,603.321692411014,157.14170584284756,1489,318
18,118,592.6110491071429,1273.3236607142858,1792,53
18,116,582.1472809667674,402.4916918429003,1324,40
18,113,571.3612521150592,849.4010152284264,1182,47
18,110,562.6636085626911,1249.481141692151,981,108
18,109,562.6255625562557,939.2691269126913,1111,198
18,149,734.185704742819,1144.7174348697395,1497,25
18,108,565.228187919463,79.2462570986061,1937,145
18,124,621.8657373440939,337.9545121056493,1363,63
18,155,748.8634064080944,540.7192242833053,1186,28
18,187,872.9247787610619,821.441592920354,1130,141
18,158,756.6498442367601,434.2816199376947,1605,24
18,225,1011.4920913884007,396.8365553602812,1138,94
18,223,1007.5056451612903,149.1290322580645,1240,97
18,221,1000.3701923076923,660.4221153846154,1040,98
18,212,974.5094736842105,635.0428070175439,1425,76
18,206,946.869306930693,679.3920792079208,1010,301
18,203,940.3797343826857,121.11559272011806,2033,85
18,202,929.5466434176111,1198.3426329555361,1147,86
18,196,898.987431264729,1356.2710133542812,1273,130
18,194,890.3001808318264,458.77938517179024,1106,131
18,192,893.2543668122271,1306.3291484716158,1832,132
18,190,887.2606177606177,627.007722007722,1036,136
18,106,543.5034280117532,165.79431929480901,1021,241
18,184,851.1588280647649,276.28527370855824,1297,127
18,179,827.6311858076564,592.8664799253035,1071,113
18,178,823.5422413793103,200.24137931034483,1160,303
18,177,827.9709833422891,774.8199892530897,1861,112
18,176,818.0248306997743,140.8318284424379,886,115
18,175,816.8030612244899,263.4469387755102,980,116
18,170,799.4967989756722,1283.0435339308578,1562,119
18,169,792.1196247068021,661.8835027365129,1279,122
18,165,772.9500454132607,1336.9981834695732,1101,294
18,157,752.1711356466877,1221.2247634069402,1268,21
18,105,537.1745819397993,1205.5103678929765,1495,243
18,114,577.8483483483484,1159.6456456456456,1332,45
18,103,508.07650273224044,538.5534738485558,1281,248
18,48,198.7974493623406,1167.2415603900974,1333,175
18,47,196.13111726685133,1219.5346260387812,1083,178
18,44,185.03225806451613,738.4384164222874,1364,164
18,42,173.7324200913242,33.43013698630137,1095,154
18,41,174.3389037433155,862.8008021390374,1496,148
18,32,149.2583850931677,1078.804347826087,1610,158
18,28,104.53658536585365,409.4996066089693,1271,207
18,27,103.9103840682788,199.43883357041253,1406,208
18,26,101.79145173176124,830.4863669859985,1357,206
18,24,94.9786941580756,655.8329896907217,1455,212
18,23,88.37134502923976,944.7251461988304,1026,307
18,22,89.13980716253444,280.62947658402203,1452,215
18,20,78.92166910688141,1229.2884333821376,1366,202
18,19,69.94562647754137,1066.4743892829,1269,201
18,14,53.14646464646464,1202.882154882155,1188,187
18,10,36.020663744520974,1102.0864120225422,1597,193
18,104,514.7639109697933,55.49602543720191,1258,247
18,6,23.184755592377797,619.2676056338029,1207,220
18,50,200.54127198917456,396.02909336941815,1478,176
18,53,206.09990300678953,613.3996120271581,1031,173
18,9,24.719557195571955,1328.0,813,196
18,55,227.32464307883302,1104.87895716946,1611,170
18,54,209.44471445929526,762.992709599028,823,295
18,102,498.29323308270676,433.36936090225566,1064,251
18,100,486.730411686587,903.2058432934926,753,239
18,99,483.1195150115473,589.426674364896,1732,223
18,97,468.3673846153846,1049.5501538461538,1625,226
18,96,465.8293269230769,254.83894230769232,1248,320
18,91,429.6373056994819,120.42264988897114,1351,297
18,90,424.37142857142857,349.6753246753247,1155,311
18,88,409.5682403433476,1137.1502145922748,1165,234
18,87,400.442118226601,844.6625615763547,812,255
18,93,433.835020242915,267.3613360323887,988,256
18,84,374.0273578113751,1018.5478761699064,1389,280
18,85,379.19704749679073,1057.9704749679076,1558,279
18,61,233.79894736842104,1332.056842105263,950,312
18,62,244.22132796780684,597.8189134808853,1491,182
18,64,250.99688715953306,385.7268482490272,1285,272
18,58,220.2325581395349,1235.08228980322,559,336
18,77,326.9909638554217,800.2751004016064,996,277
18,79,349.31607006854534,1353.6595582635186,1313,315
18,81,347.4417372881356,1209.4205508474577,944,288
18,67,275.4426605504587,918.519877675841,1308,269
18,56,228.53182374541004,51.0422276621787,1634,169
19,130,620.4877536738978,337.38978306508045,1429,63
19,153,733.5854430379746,1144.8227848101267,1580,25
19,152,729.9337797619048,240.18154761904762,1344,29
19,140,680.6526946107784,241.04990019960078,1503,12
19,136,651.5105407882677,82.95875343721356,1091,55
19,134,631.3833192923336,515.3294018534119,1187,60
19,132,621.5585657370518,476.8581673306773,1255,61
19,122,581.7586715867159,125.08782287822878,1355,44
19,127,604.6550802139037,156.81550802139037,1496,318
19,125,593.1621767241379,1274.5210129310344,1856,53
19,159,744.2190963341858,538.9505541346973,1173,28
19,120,577.5323529411764,1159.7882352941176,1360,45
19,118,570.889699918897,849.3171127331711,1233,47
19,115,561.8344246959775,1249.782039289055,1069,108
19,113,562.4370805369127,939.4320469798657,1192,198
19,112,564.622816032888,79.45940390544708,1946,145
19,129,611.1139419674452,65.45576786978062,1413,69
19,161,750.6205287713841,1221.4517884914465,1286,21
19,183,827.5621269669018,774.8947368421053,1843,112
19,171,770.6985138004246,1336.6252653927813,942,294
19,229,1010.9877942458587,396.5300784655623,1147,94
19,109,542.7458777885548,164.6294859359845,1031,241
19,227,1008.1936,149.1184,1250,97
19,225,1000.2680890538034,660.8191094619666,1078,98
19,215,974.4331034482759,634.708275862069,1450,76
19,210,946.2757605495584,679.0412168792934,1019,301
19,207,939.671009771987,121.57235923685435,2149,85
19,205,928.9941176470588,1198.2344537815127,1190,86
19,200,899.2609909281229,1356.3845080251222,1433,130
19,196,892.7406593406594,1306.3967032967032,1820,132
19,195,889.3008658008658,772.1428571428571,1386,135
19,192,872.4640638864241,821.6113575865129,1127,141
19,190,850.782208588957,276.24923312883436,1304,127
19,184,823.3319002579535,199.89767841788478,1163,303
19,181,816.5115346038115,263.29789368104315,997,116
19,176,798.8434118395926,1283.0655633354552,1571,119
19,175,792.4255319148937,661.6316109422493,1645,122
19,163,755.8429648241206,434.97738693467335,1592,24
19,198,889.9023041474654,459.10875576036864,1085,131
19,108,536.8018555334659,1205.3074884029159,1509,243
19,104,507.67271352985637,538.5865457294029,1323,248
19,43,184.57457627118643,739.292372881356,1180,164
19,41,172.99169741697418,33.390221402214024,1084,154
19,40,173.90915254237288,863.117966101695,1475,148
19,34,152.80143540669857,1228.2452153110048,836,162
19,32,147.9403541472507,751.4948741845294,1073,328
19,29,104.61501976284585,409.47193675889326,1265,207
19,28,102.88910012674272,199.77376425855513,1578,208
19,26,95.98535564853556,656.1206415620642,1434,212
19,25,88.08325266214908,944.9254598257503,1033,307
19,21,78.72926662097326,1229.323509252913,1459,202
19,20,59.35924006908463,1258.2469775474956,579,216
19,15,52.131641554321966,1201.9579698651864,1261,187
19,12,35.625390869293305,1102.138836772983,1599,193
19,10,25.716244725738395,1328.136075949367,948,196
19,8,23.744747081712063,619.4747081712062,1285,220
19,105,514.6035767511178,55.59165424739195,1342,247
19,46,197.95207439198856,1167.5350500715308,1398,175
19,47,195.74887892376682,1219.7946188340807,1115,178
19,24,89.05995864920745,280.44796691936597,1451,215
19,53,209.93308550185873,760.9739776951673,807,295
19,52,205.87102633969118,613.0526793823797,1101,173
19,101,486.0752972258917,903.114927344782,757,239
19,100,482.98028985507244,589.6857971014492,1725,223
19,99,468.07129572225665,1049.7513949163051,1613,226
19,98,465.29510961214163,253.00590219224284,1186,320
19,95,428.86115214180205,120.8138847858198,1354,297
19,93,425.8546739984289,349.8546739984289,1273,311
19,91,409.29001721170397,1137.2994836488813,1162,234
19,97,465.54503916449084,1110.4099216710183,1532,225
19,85,377.48475420037335,1058.965774735532,1607,279
19,84,373.9254163649529,1018.7103548153511,1381,280
19,81,346.7995735607676,1208.9808102345417,938,288
19,72,301.754329004329,820.8841991341991,924,260
19,63,250.63802281368822,385.65171102661594,1315,272
19,60,241.8243681140635,596.5696694750486,1543,182
19,55,227.12208936438012,1105.1535556954059,1589,170
19,89,399.8986568986569,844.7777777777778,819,255
19,54,228.4502804691484,51.89546149923508,1961,169
20,144,755.2172839506172,435.77283950617283,1620,24
20,142,749.7825464949929,1221.2925608011444,1398,21
20,137,734.2234285714286,1144.710857142857,1750,25
20,125,651.2011428571428,83.60114285714286,875,55
20,116,592.1140142517814,1275.50783847981,2105,53
20,122,621.3163841807909,476.51573849878935,1239,61
20,120,620.8429697766097,335.86136662286464,1522,63
20,150,772.6084762865792,1337.4722502522704,991,294
20,113,577.12,1159.8043636363636,1375,45
20,124,631.079083518108,513.9556541019956,1353,60
20,155,791.9487038058467,664.4677330391617,1813,122
20,192,975.9988700564971,98.9909604519774,885,91
20,161,816.189448441247,263.9928057553957,834,116
20,162,827.7329740323371,774.547280744733,2041,112
20,171,872.0186457311089,821.5426889106967,1019,141
20,174,893.5622406639004,1307.1758298755187,1928,132
20,177,889.5988483685221,459.28502879078695,1042,131
20,183,941.2865953947369,122.44366776315789,2432,85
20,186,946.6838534599729,677.5698778833107,737,301
20,190,973.869306930693,635.596699669967,1515,76
20,200,1000.438175270108,660.2436974789916,833,98
20,205,1010.9396471680594,396.4623955431755,1077,94
20,111,562.0087241003272,1249.4111232279172,917,108
20,156,799.2288085358625,1282.6176644931832,1687,119
20,109,542.0368705035971,168.51618705035972,1112,241
20,115,581.7334384858044,127.198738170347,1268,44
20,106,515.1597892888499,55.21685689201053,1139,247
20,108,536.5146009085009,1204.8533419857235,1541,243
20,8,23.741989881956155,618.4974704890387,1186,220
20,12,35.38237082066869,1102.5537993920973,1645,193
20,13,46.2205459770115,750.576867816092,1392,189
20,17,53.57661290322581,1204.066129032258,1240,187
20,32,104.66003616636527,409.6907775768535,1106,207
20,40,149.30513988288874,753.0975927130775,1537,328
20,50,173.86685962373372,862.1027496382055,1382,148
20,51,173.07158836689038,34.942953020134226,894,154
20,57,195.67951318458418,1219.393509127789,986,178
20,58,199.69640179910044,1169.4032983508246,1334,175
20,62,206.42441860465115,613.4292635658915,1032,173
20,27,89.06401617250674,280.17452830188677,1484,215
20,65,227.35604265402844,1104.9093601895734,1688,170
20,63,208.8704081632653,765.7295918367347,980,295
20,105,507.9394409937888,539.0830745341615,1288,248
20,103,483.1935817805383,589.8752587991719,1932,223
20,100,464.87880710659897,1110.4003807106599,1576,225
20,101,468.22410766530135,1049.8771211234641,1709,226
20,91,374.3343065693431,1018.6664233576643,1370,280
20,90,377.74958170663695,1060.0663692136084,1793,279
20,79,301.24675324675326,821.4350649350649,924,260
20,73,249.6698250728863,385.30539358600583,1372,272
20,99,428.54388843314194,120.96390484003281,1219,297
21,145,580.6100217864923,125.61655773420479,1377,44
21,168,651.2264653641208,82.6190053285968,1126,55
21,155,603.1850582590815,158.20493488690883,1459,318
21,162,620.1269722013524,474.40270473328326,1331,61
21,164,629.5601194921584,513.4667662434653,1339,60
21,187,733.4428571428572,1144.6726708074534,1610,25
21,233,872.0940677966101,821.2237288135593,1180,141
21,205,771.8996383363472,1337.1528028933092,1106,294
21,218,815.8544921875,264.4833984375,1024,116
21,221,827.2354856212696,774.3863266413456,1843,112
21,237,889.0311143270623,771.9652677279305,1382,135
21,258,972.4979310344828,635.6586206896552,1450,76
21,268,999.8997361477573,660.3702726473175,1137,98
21,143,576.9345454545454,1159.1672727272728,1375,45
21,194,746.6128798842258,1220.9811866859625,1382,21
21,139,562.2745762711864,939.8332203389831,1475,198
21,60,206.32109308283518,614.5491033304868,1171,173
21,123,482.65393654524087,589.735017626322,1702,223
21,130,515.108504398827,54.6341642228739,1364,247
21,10,35.471141781681304,1101.930991217064,1594,193
21,18,53.06058339566193,1203.4809274495137,1337,187
21,28,88.77777777777777,280.00677506775065,1476,215
21,29,87.27700348432056,945.1968641114983,1148,307
21,34,104.12740384615384,409.22195512820514,1248,207
21,43,152.01894317048854,1226.6121635094717,1003,162
21,6,23.48108925869894,618.7798789712557,1322,220
21,51,172.90325670498083,33.491379310344826,1044,154
21,56,195.1626916524702,1220.2802385008517,1174,178
21,61,207.99893955461295,764.6935312831389,943,295
21,65,227.15462610899874,1104.8346007604562,1578,170
21,74,250.1353826030085,385.0634401569653,1529,272
21,114,428.8203414996288,120.21009651076466,1347,297
21,50,173.81470800288392,863.082191780822,1387,148
22,140,581.851644506648,125.64520643806858,1429,44
22,149,602.1071922544952,159.15905947441217,1446,318
22,156,619.5681016231475,473.53069865913903,1417,61
22,160,630.7026298044505,512.007417397168,1483,60
22,164,651.1198884758364,83.6403345724907,1076,55
22,180,734.3503733486502,1144.7599080987939,1741,25
22,210,815.6273291925465,264.80434782608694,966,116
22,199,772.3731343283582,1337.4048507462687,1072,294
22,211,827.8055691255496,774.5451880801172,2047,112
22,248,999.6490528414756,660.309072781655,1003,98
22,237,971.596855345912,636.4150943396227,1590,76
22,137,577.1908196721312,1160.3501639344263,1525,45
22,187,744.8846416382253,1220.5064846416383,1465,21
22,133,562.7360150848523,940.1389063482087,1591,198
22,219,871.9601731601732,821.4536796536796,1155,141
22,118,483.4,590.2348051948052,1925,223
22,125,515.2868613138686,53.777372262773724,1370,247
22,17,52.76482213438735,1201.6192358366272,1518,187
22,37,104.79517069109076,410.3980016652789,1201,207
22,55,173.96908698777858,862.1653486700216,1391,148
22,56,172.78610206297503,34.642779587404995,921,154
22,68,207.52977099236642,614.4519083969466,1310,173
22,10,23.750757575757575,618.6439393939394,1320,220
22,71,216.40948693126816,1231.405614714424,1033,336
22,74,227.60307147076196,1105.0200826934436,1693,170
22,103,381.7554133858268,1065.4857283464567,2032,279
22,113,429.16787264833573,120.72575976845152,1382,297
22,116,465.4451294697904,1110.6159062885326,1622,225
22,70,210.995004995005,763.5734265734266,1001,295
23,170,582.5288394718555,126.76233495482974,1439,44
23,185,618.9618077657543,472.14894971355824,1571,61
23,189,630.1087533156499,512.2990716180371,1508,60
23,212,733.9232153569286,1144.7900419916016,1667,25
23,219,744.4535519125683,1220.738387978142,1464,21
23,247,827.5120418848168,774.440837696335,1910,112
23,245,815.5544651619234,264.4386653581943,1019,116
23,259,872.1593591905565,821.3996627318718,1186,141
23,294,999.7905629139073,659.8543046357615,1208,98
23,166,577.0873970867638,1160.8448385053832,1579,45
23,232,772.0230202578269,1337.44014732965,1086,294
23,161,561.6210732984293,940.6106020942408,1528,198
23,282,971.4970607446114,634.8863487916394,1531,76
23,143,482.7684478371501,588.9312977099237,1572,223
23,151,516.090331686662,52.43754410726888,1417,247
23,11,23.747949291573452,618.6592095451156,1341,220
23,23,52.09529702970297,1200.8248762376238,1616,187
23,68,173.96275474349966,862.449754040759,1423,148
23,79,206.7878548895899,615.871451104101,1268,173
23,45,105.0313014827018,409.53047775947283,1214,207
23,83,215.9943946188341,1230.9955156950673,892,336
23,85,226.4798798798799,1104.7015015015015,1665,170
23,104,301.4257731958763,821.0288659793814,970,260
23,133,428.2856104651163,120.17296511627907,1376,297
23,139,465.094351732991,1110.222079589217,1558,225
23,80,211.20154291224688,763.794599807136,1037,295
24,222,742.4705488621152,1220.528781793842,1494,21
24,176,582.4989619377162,127.25397923875433,1445,44
24,192,621.4798598949212,477.0875656742557,1713,61
24,195,630.3075313807532,515.7248953974895,956,60
24,217,733.4429530201343,1145.1293471629042,1639,25
24,238,771.8048103607771,1337.9232192414431,1081,294
24,305,999.6155050900549,660.3108848864526,1277,98
24,254,827.1596816976128,774.9777188328912,1885,112
24,266,871.9456975772765,821.8212197159565,1197,141
24,270,888.8456568557071,772.4292893036611,1393,135
24,292,970.7375243033052,634.0842514581983,1543,76
24,320,1027.4074074074074,409.3201058201058,378,94
24,252,815.1521099116782,264.5063788027478,1019,116
24,172,576.6832718327183,1161.3247232472324,1626,45
24,157,516.3783972125435,52.37700348432056,1435,247
24,148,483.19874357509997,590.5562535693889,1751,223
24,167,561.558450233801,940.7007348029392,1497,198
24,22,51.401948842874546,1201.3934226552983,1642,187
24,29,57.99444444444445,1258.3962962962962,540,216
24,35,88.78648820905035,280.91013384321224,1569,215
24,44,103.84262295081967,409.8893442622951,1220,207
24,10,23.191994069681247,619.2676056338029,1349,220
24,80,211.60925925925926,763.4805555555556,1080,295
24,81,215.44789356984478,1231.468957871397,902,336
24,85,226.67328519855596,1104.7701564380266,1662,170
24,136,428.21192528735634,120.32399425287356,1392,297
24,143,464.40273259596614,1110.4886141834743,1537,225
24,79,206.55996884735202,615.8605919003115,1284,173
25,165,562.0728609625669,940.2673796791444,1496,198
25,264,872.6678052946199,821.4397950469684,1171,141
25,252,827.7516304347826,774.695652173913,1840,112
25,236,772.459286367795,1337.672461116194,1093,294
25,216,733.978947368421,1144.688544891641,1615,25
25,194,629.9733333333334,515.26,750,60
25,190,622.1682297772568,477.2145369284877,1706,61
25,174,583.5700280112045,126.42366946778712,1428,44
25,288,973.585795097423,635.6970458830924,1591,76
25,155,517.3286810886252,51.4089323098395,1433,247
25,170,576.90573012939,1160.384473197782,1623,45
25,135,428.99569583931134,119.89383070301291,1394,297
25,83,227.34332925336597,1104.2545899632803,1634,170
25,79,216.34078212290504,1230.7765363128492,895,336
25,78,213.21691176470588,762.3134191176471,1088,295
25,77,206.88734567901236,615.5787037037037,1296,173
25,40,104.40968801313629,409.36288998357963,1218,207
25,26,58.77368421052632,1257.7578947368422,570,216
25,20,51.91280487804878,1201.15,1640,187
25,9,23.720090293453726,618.961625282167,1329,220
25,147,483.696726019529,590.157955198162,1741,223
26,160,872.0661157024794,820.961432506887,1089,141
26,138,771.8660531697342,1337.2208588957055,978,294
26,125,733.1827371695178,1143.8724727838257,1286,25
26,111,622.675884244373,477.9897106109325,1555,61
26,100,576.7723244717109,1158.7777777777778,1467,45
26,86,483.29484536082475,589.1965635738832,1455,223
26,47,226.83356840620593,1103.425952045134,1418,170
26,22,103.74655172413793,408.87155172413793,1160,207
26,4,23.66064414768264,618.5530243519246,1273,220
27,243,872.8212478920742,821.2967959527824,1186,141
27,233,828.4438902743142,774.1231920199501,2005,112
27,219,772.6623496762257,1337.1748381128584,1081,294
27,202,734.747641509434,1144.4946933962265,1696,25
27,178,623.2054329371816,477.17034521788344,1767,61
27,162,583.1344590368981,128.86241400875548,1599,44
27,160,576.793875147232,1160.248527679623,1698,45
27,155,562.5256166982922,940.3162555344719,1581,198
27,146,518.5554054054054,51.314864864864866,1480,247
27,75,207.89074460681977,615.2901878914405,1437,173
27,126,426.7145214521452,115.02227722772277,1212,297
27,81,228.12262521588946,1103.7225100748417,1737,170
27,78,216.49505928853756,1231.2391304347825,1012,336
27,77,214.50651607298002,760.6898349261512,1151,295
27,41,104.98863636363636,409.67857142857144,1232,207
27,20,52.149620105201635,1200.8895382817066,1711,187
27,18,44.89184177997528,751.4437577255871,1618,189
27,11,24.433948339483393,618.8715867158671,1355,220
27,137,484.13011152416357,590.1040892193308,1883,223
28,191,623.7869235259778,478.63922942206653,1713,61
28,194,629.3413830954994,517.6212952799121,911,60
28,217,733.6961869618697,1144.6217712177122,1626,25
28,236,772.0881261595547,1337.416512059369,1078,294
28,286,972.9819089207735,635.7592014971927,1603,76
28,301,1004.6338672768878,626.2448512585812,874,99
28,263,872.5294117647059,821.3930093776642,1173,141
28,173,582.20204778157,127.52559726962457,1465,44
28,251,827.6490206458444,774.364743250397,1889,112
28,171,576.1835632873425,1160.125374925015,1667,45
28,28,58.66847826086956,1257.1141304347825,552,216
28,156,518.4113968033356,53.3002084781098,1439,247
28,146,483.3396754336877,589.9401231113599,1787,223
28,134,428.4964086193136,119.42537909018355,1253,297
28,82,227.41072480848555,1103.7660577489687,1697,170
28,78,215.46478873239437,1231.3423618634886,923,336
28,77,213.73878627968338,760.4080914687775,1137,295
28,43,104.00244698205546,409.4135399673736,1226,207
28,20,51.73731343283582,1200.5408955223882,1675,187
28,9,23.656760772659734,618.9361069836552,1346,220
28,165,561.4666226040978,940.3747521480502,1513,198
29,153,583.6257822277847,128.91927409261578,1598,44
29,168,624.6194539249146,478.9328782707622,1758,61
29,172,629.593164277839,516.3131201764057,907,60
29,234,872.3715248525695,821.5821398483572,1187,141
29,197,742.6265137029956,1219.802421924793,1569,21
29,210,772.4781801299907,1337.3769730733518,1077,294
29,223,827.9199410609037,774.2411591355599,2036,112
29,148,576.4888235294118,1160.4717647058824,1700,45
29,193,734.3827446438911,1144.5859872611466,1727,25
29,142,562.0592312539383,940.5771896660366,1587,198
29,75,227.69417750141324,1103.8954211418882,1769,170
29,124,483.30668756530827,589.935736677116,1914,223
29,122,465.1570093457944,1110.0965732087227,1605,225
29,116,428.9496459480724,120.22501966955153,1271,297
29,72,216.3690360272639,1231.2560856864654,1027,336
29,71,214.5922165820643,760.1742808798647,1182,295
29,39,104.3859790491539,410.26027397260276,1241,207
29,19,51.8398142774231,1200.4410911201394,1723,187
29,17,45.249698431845594,750.8576598311219,1658,189
29,11,24.056163384390956,619.1218088986142,1371,220
29,256,973.7193585337915,635.9862542955326,1746,76
29,134,518.5509924709104,52.06639288158795,1461,247
29,258,980.0295055821372,144.70893141945774,1254,80
