track_id,first_frame,last_frame,mean_area,num_detections,lifetime,disappeared,mean_volume,mean_surface_area,mean_fluor_intensity,mean_fluor_total,mean_cv,mean_nnrm,fluor_disappearance_frame,max_drop,area_initial,area_max,area_rel_max,frame_of_max_area,growth_rate_px_per_frame,changepoint_frame,slope_before,slope_after,slope_ratio,mean_speed,max_speed,speed_std,total_displacement,net_displacement,last_y,last_x,preburst_slope,preburst_spike
0,0,22,1280.8695652173913,23,23,True,34909.2496978938,5123.478260869565,1881.350912882707,2309504.1739130435,0.47127446338116774,0.06646443606627353,,-0.2614139479743748,1070.0,1865.0,1.7429906542056075,21,30.06818181818182,18,13.582043343653229,81.80000000000014,6.022657852746772,1.1292766020878693,2.685054942443378,0.7162155661895541,24.844085245933123,13.723184998204259,25.19843049327354,482.3346412556054,-207.72362514435576,False
1,0,24,1452.6,20,25,True,42488.7086916388,5810.4,3158.4589049972246,4316988.6,0.34646080716140515,0.06785431987705885,,-0.23840561129355356,1136.0,2388.0,2.102112676056338,24,44.78706467661695,17,19.334065934065947,99.6918918918919,5.156281779107739,0.6602993140451463,1.7366826576291454,0.4376714156511117,16.748800117902242,8.271388489398646,579.5594639865997,1111.6628978224455,-203.76410684978563,False
2,0,12,885.0769230769231,13,13,True,19842.10427850731,3540.3076923076924,2739.2264126375844,2412838.0,0.7364861692798025,0.19016431049459723,,-0.1180918250987046,718.0,948.0,1.3203342618384402,9,13.340659340659363,2,151.9999999999999,10.618181818181835,0.0698564593301437,0.8174508508085006,1.4872083198059747,0.5223201784768883,9.809410209702007,0.47520891634585954,581.984126984127,1262.2137566137567,47.54182790002886,False
3,0,30,1336.6363636363637,22,31,False,37448.620674153804,5346.545454545455,1921.2247214150464,2477992.272727273,0.3461690166641204,0.09981317345805332,,-0.24214725607155277,932.0,1706.0,1.8304721030042919,27,25.66627281616688,29,30.638124473662746,-375.999999999996,-12.272291677749873,1.3298640252424536,3.2422318386120867,0.7892794678864586,36.60020038174029,8.074175100326732,598.4751054852321,280.69789029535866,,
4,0,8,1349.2222222222222,9,9,True,37353.923105329304,5396.888888888889,3233.457744671216,4290331.111111111,0.4207648872154643,0.10055836107463495,8.0,-0.46491375268593643,1281.0,1519.0,1.185792349726776,8,34.14999999999994,5,4.899999999999909,53.40000000000001,10.897959183673676,0.8355582029039448,2.4487760228112925,0.6414386303008301,6.684465623231558,0.21043557920095265,592.7840684660961,908.3311389071757,-462.4859939999905,False
5,0,11,929.5833333333334,12,12,True,21450.421576794128,3718.3333333333335,2717.4940857112547,2480331.0833333335,0.3563158100321042,0.053038666495261545,,-0.1883471492787613,768.0,1166.0,1.5182291666666667,11,33.22727272727277,9,23.23333333333332,46.00000000000005,1.9799139167862299,0.8979702447655353,2.1503824493623713,0.5490965225284707,9.877672692420889,6.273556213565403,594.8619210977702,340.74614065180106,-83.79483184553325,False
6,0,23,1179.7083333333333,24,24,True,30619.466269583772,4718.833333333333,2678.8560809776095,3146251.4583333335,0.48610673922202025,0.09521118847701583,,-0.2015216230957812,1069.0,1491.0,1.3947614593077642,23,14.72826086956521,16,9.523529411764736,48.65476190476189,5.108900261772387,1.3975995042103317,5.090761871071532,1.1493035367100493,32.14478859683763,2.9823959682757923,601.783366867874,705.0778001341382,-110.13500829702328,False
7,0,13,1052.4285714285713,14,14,True,25895.963699195865,4209.714285714285,1891.045912850182,1903460.857142857,0.37817366087424836,0.08000754885805487,2.0,-0.30915104781177744,830.0,1249.0,1.5048192771084337,12,36.92307692307691,4,-3.3000000000000473,33.23030303030306,-10.06978879706139,1.55916351437173,2.703826936713636,0.8084353598995068,20.26912568683249,8.26490023586676,609.1559485530547,675.5844051446945,-66.32844054601856,False
8,0,17,1151.2777777777778,18,18,True,29738.525184293336,4605.111111111111,2879.666406171123,3252432.8333333335,0.32162856204378515,0.07266563248375364,,-0.15968845148797067,1006.0,1954.0,1.9423459244532804,17,25.235294117647033,16,15.638235294117628,887.0000000000056,56.71995486176458,1.7205871768682468,7.480487575693265,1.7067186371527066,29.249982006760195,6.772053280465421,606.783009211873,315.1207778915046,-101.24018951640531,False
9,0,12,1018.1538461538462,13,13,True,24571.90415804232,4072.6153846153848,1447.355946710798,1443727.2307692308,0.5494621837740422,0.11758665776066203,12.0,-0.3815375469519499,825.0,1382.0,1.675151515151515,12,27.59890109890111,11,18.427272727272715,289.0,15.68327577701037,0.7858799975935579,2.955149925828168,0.7268832505254326,9.430559971122694,0.9864943558208347,607.2033285094067,81.28147612156295,-28.070553096152857,False
11,0,30,1395.9354838709678,31,31,False,39782.025933596,5583.741935483871,2374.4968040098533,3235007.064516129,0.4553521773346426,0.09711293814427795,,-0.22469058944409462,1068.0,1806.0,1.6910112359550562,27,27.57459677419359,17,10.882352941176462,19.797802197802227,1.8192574992575032,1.3043024501124265,5.6739196637297455,1.3398426577438332,39.129073503372794,13.773108822089966,606.1842900302115,780.6495468277946,,
12,0,30,1300.1612903225807,31,31,False,35747.8457668724,5200.645161290323,2202.774901654033,2769080.870967742,0.4510944173011365,0.07623154697892628,,-0.1549848630941604,1008.0,1734.0,1.7202380952380953,24,24.987500000000022,17,6.840686274509793,19.7032967032967,2.8803099444446674,1.3095922452839615,5.019268407147773,1.3022026792057944,39.28776735851884,1.8139396283001774,621.9732016925246,1008.8871650211565,,
13,0,11,729.875,8,12,True,15021.507273010815,2919.5,2968.1795137125127,2152394.875,0.34789197197545974,0.1025566233286863,2.0,-0.40441949352390727,837.0,867.0,1.03584229390681,3,9.50767414403785,3,-167.50000000000003,-2.8872549019608096,0.017237342698273487,1.5747762842218875,2.5990062435897965,0.8205203900231272,17.124749253346305,11.419307416188085,632.3279702970297,1035.3774752475247,-11.153290960451926,False
14,0,21,1066.95,20,22,True,26475.05867088424,4267.8,3674.6666172453297,3837378.8,0.30690992086709973,0.06323037523472373,,-0.22132490272661698,780.0,1431.0,1.8346153846153845,20,19.208958604677495,18,6.67404110485665,46.99999999999984,7.042210148480848,1.1311078528863947,4.204467145717381,0.9464963676757637,23.002971454243948,4.7617250264667526,624.2464985994397,1095.0889355742297,-143.83372820458428,False
15,0,7,1712.625,8,8,True,53407.74761120696,6850.5,1687.3492217076243,2874750.0,0.38528745282299737,0.07193276175151098,,-0.23136775785289387,1600.0,1893.0,1.183125,5,31.75000000000015,5,38.69999999999997,-94.99999999999994,-2.4547803617571065,0.49728065677526273,0.892726007516507,0.2615318283740337,3.4809645974268393,0.8334700190807796,637.8038755137992,937.5273047563124,-94.80163257498585,False
17,0,30,1283.3548387096773,31,31,False,35056.31672871993,5133.419354838709,2565.406817876801,3167713.5161290322,0.526489325374311,0.11317484560227878,28.0,-0.30880795200830463,1011.0,1944.0,1.9228486646884273,30,25.50846774193552,24,16.760434782608698,85.42857142857126,5.097037907227525,0.524682377654353,1.6936599908674008,0.3451655473524901,15.74047132963059,0.7171216729107989,638.0725308641976,623.1466049382716,,
19,0,22,1010.0,23,23,True,24402.147137303768,4040.0,1711.2986422056606,1675806.0869565217,0.5120552840160808,0.10745216724909254,,-0.26488718553125823,780.0,1387.0,1.778205128205128,22,24.303359683794465,17,15.107843137254918,38.571428571428626,2.5530731435987772,0.6444356485083742,1.5842629479494035,0.3782531295957359,14.177584267184232,2.337814207229862,650.1715933669791,887.21268925739,-48.00136844283913,False
20,0,29,1461.3,30,30,True,43214.17243558943,5845.2,2640.424186267986,3487299.566666667,0.2825935578250636,0.05913141925386407,,-0.22881143484868466,994.0,2150.0,2.162977867203219,24,43.71368186874307,20,22.065413533834576,28.824242424242392,1.3063087342570756,0.9980777159404309,2.459334408247216,0.6087153360266212,28.944253762272496,2.341445460079076,660.9233432245302,1062.2794263105836,-61.651576048826,False
21,0,30,1083.1612903225807,31,31,False,26895.115977705736,4332.645161290323,2995.739023563531,3233694.5161290322,0.3914464345514522,0.10087548144375605,,-0.12930482151748046,958.0,1226.0,1.279749478079332,29,9.881451612903252,24,12.282608695652153,16.535714285714295,1.3462705436156794,0.4740746633521745,1.6917883198776857,0.3768993042537058,14.222239900565235,4.547535452706532,661.7653399668325,1002.9784411276949,,
22,0,18,1241.5263157894738,19,19,True,32926.185350111475,4966.105263157895,2153.454176929826,2672296.5789473685,0.5766336444239561,0.1191291947756401,,-0.16880392855898332,1203.0,1377.0,1.144638403990025,18,5.470175438596505,17,2.524509803921571,53.99999999999994,21.39029126213588,0.5590538930415008,1.129571471574036,0.2920449645854936,10.062970074747014,1.6112122796863837,674.1118373275236,395.06899055918666,25.69235032182054,True
23,0,19,1205.3,20,20,True,31561.105490154227,4821.2,2811.2356385568055,3377205.4,0.4276676155620883,0.10219431468587067,,-0.15996829474428087,1056.0,1434.0,1.3579545454545454,19,14.103759398496235,15,16.117857142857133,73.10000000000005,4.535342344338583,0.4315318182646789,0.8456957277975856,0.19386423694727634,8.199104547028899,1.1129006969981672,675.7559274755928,707.5034867503487,71.4477132595326,True
24,0,19,1184.15,20,20,True,30925.03981401551,4736.6,1898.9716429162568,2180234.55,0.5125123398460801,0.08935037154097673,,-0.254437468289353,972.0,1589.0,1.6347736625514404,19,29.924060150375944,17,22.3455882352941,13.499999999999917,0.6041461006910135,0.8880317844583857,5.306716790657845,1.2034872648944177,16.87260390470933,3.025950806259954,677.334172435494,485.50660792951544,18.78419928843209,False
25,0,23,1387.1666666666667,24,24,True,39109.487383312946,5548.666666666667,2386.20396163321,3254404.5,0.40428164743853284,0.08286929281955559,23.0,-0.3536077048258005,1151.0,1850.0,1.6072980017376195,23,23.08521739130433,17,11.453431372549023,29.178571428571434,2.54758338173703,0.9565032320582322,2.8695048838550026,0.7952658263627079,21.99957433733934,7.277365801755658,693.9545945945946,1086.490810810811,-41.38396594378856,False
27,0,30,1264.5483870967741,31,31,False,34148.94960772375,5058.193548387097,2639.0755279074046,3270463.580645161,0.3867868250606265,0.09820728165045703,,-0.1346786908509064,1012.0,1653.0,1.633399209486166,27,20.89677419354843,17,6.049019607843136,26.56703296703298,4.391956827613233,0.6009139173570005,1.8380533882428987,0.3811777635053096,18.027417520710014,0.4236985231887469,690.4835390946502,1028.4821673525378,,
28,0,19,915.55,20,20,True,20971.206924485487,3662.2,2072.285506043678,1854229.0,0.4533061808761268,0.09231514026088343,,-0.13110754815243067,685.0,1095.0,1.5985401459854014,18,19.083458646616542,17,22.465686274509803,75.49999999999991,3.3606807767837625,0.5411685496624804,1.7093980438021288,0.3811420321895266,10.282202443587128,0.31017260647819717,580.1439252336448,648.3700934579439,73.3959448402148,False
30,0,21,1041.0,22,22,True,25680.150490054057,4164.0,2658.474837183741,2652924.590909091,0.35818494606317186,0.08730506973503259,,-0.22774891992855933,851.0,1673.0,1.9659224441833139,21,23.55731225296442,16,6.813235294117677,176.48571428571395,25.903364065246056,1.1497936951343912,3.8727599629106484,0.8710435962346711,24.145667597822214,9.646485400784012,454.89778840406456,609.0370591751345,-299.92576868646285,False
31,0,14,922.5333333333333,15,15,True,21156.883933840945,3690.133333333333,1966.8626329738959,1786907.8666666667,0.4462098331167969,0.09543036895088149,14.0,-0.32709683998718986,754.0,1145.0,1.5185676392572944,14,20.00357142857143,13,17.093406593406613,120.99999999999964,7.078752812600421,0.5822443556864156,1.2921893329087273,0.3346657363653306,8.151420979609819,2.68540321072956,458.78515283842796,431.19912663755457,-92.43093891802535,False
32,0,20,1128.2380952380952,21,21,True,28645.545291241553,4512.952380952381,1513.7347921406674,1685948.9047619049,0.43130889920239873,0.08791150842129666,,-0.13469119272716237,922.0,1438.0,1.559652928416486,20,19.24805194805196,18,13.182662538699699,57.50000000000003,4.361789572569281,0.5148962746048281,1.1735449064153982,0.3241717543409734,10.297925492096562,2.2032860913902015,464.04937413073714,238.19819193324062,3.922105529688423,False
33,0,19,894.2,20,20,True,20173.924274852827,3576.8,2465.006153191042,2185909.25,0.5579978359681685,0.10614946822169971,,-0.1348193031811296,735.0,1072.0,1.4585034013605442,18,11.082706766917296,17,11.443627450980376,78.50000000000007,6.859713000642552,0.4128500039706764,1.0338077763440445,0.29066959742642334,7.844150075442852,1.893026207225527,467.6162215628091,1331.4401582591493,73.43666186200939,True
34,0,13,1142.142857142857,14,14,True,29088.515429976058,4568.571428571428,3252.7813686383847,3686808.0714285714,0.6036856084012524,0.13796113633424653,,-0.2098298098274559,939.0,1251.0,1.3322683706070289,9,16.549450549450565,11,24.209090909090904,30.99999999999995,1.2805107022155446,0.7170590793667451,1.886659979457907,0.5098711264992574,9.321768031767686,5.133094201982089,479.1340964840556,570.4668847097302,-102.91369696979987,False
35,0,20,1236.904761904762,21,21,True,33009.0757421586,4947.619047619048,1564.2051364245378,1883174.0476190476,0.395271787101059,0.0849902263256589,,-0.22162310976684915,882.0,1643.0,1.86281179138322,20,28.090909090909104,15,29.889285714285712,87.2285714285713,2.9183892938224356,1.1602830307441283,2.346631767754133,0.6837247672918736,23.205660614882564,1.5914020713413406,476.242848447961,310.95739500912964,40.2637049406757,False
36,0,3,1219.5,4,4,True,32069.698283972895,4878.0,2953.3812383267086,3601936.75,0.4090286488088376,0.09960036928229599,,-0.1592323110264935,1187.0,1332.0,1.122156697556866,3,43.19999999999981,2,-6.0,153.99999999999986,-25.666666666666643,0.6359436032440412,1.378057320924415,0.5249370037021635,1.9078308097321235,1.2098374728922876,492.9286786786787,278.1283783783784,-247.3758658815151,False
37,0,21,1383.0,22,22,True,38951.36895084113,5532.0,2934.1757939488202,4051343.909090909,0.5360267289146347,0.11413947170908773,,-0.24216451353453305,1324.0,1792.0,1.353474320241692,21,13.541501976284579,15,3.9678571428571305,125.75000000000009,31.692169216921812,0.8533455900593795,1.857809440675258,0.46671590580579164,17.92025739124697,4.8451519097361535,504.1556919642857,1322.6640625,-66.93745347236398,False
38,0,12,1127.3076923076924,13,13,True,28564.892756390334,4509.230769230769,2909.1892514123565,3238799.230769231,0.6800454537883798,0.15169427891097664,12.0,-0.3491101088635869,927.0,1342.0,1.447680690399137,12,26.41758241758245,10,25.690909090909145,89.50000000000013,3.483722576079262,1.028384462222342,2.3265732707199285,0.5846448254010662,12.340613546668102,1.429041575809366,501.39344262295083,1045.0789865871834,64.37819281800732,False
40,0,9,1390.0,10,10,True,39070.58962510672,5560.0,2576.7602825836634,3578044.0,0.3598797819572834,0.0952655920427529,,-0.21051747801424267,1294.0,1647.0,1.2727975270479135,9,21.309090909090873,8,16.7738095238096,336.9999999999998,20.090844570617353,0.38491248973516107,0.8570158330089671,0.228389065008582,3.4642124076164498,1.7510437177046045,517.7395264116576,432.170613236187,-115.72439761893433,False
41,0,15,1099.125,16,16,True,27469.791692537616,4396.5,2308.659755638627,2523328.4375,0.5222349546284114,0.10788228020246116,,-0.1613954925523031,922.0,1221.0,1.324295010845987,11,15.752941176470628,9,15.566666666666658,-8.392857142857089,-0.5391557051085928,0.4236225166517551,0.8422761486796471,0.23723616629316763,6.3543377497763265,2.4952146281622816,514.3098958333334,1263.9296875,-71.43120768089076,False
42,0,13,964.3571428571429,14,14,True,22566.58877921419,3857.4285714285716,1983.453603490225,1898065.2142857143,0.7132898848073854,0.16080940674916097,,-0.1255636111950975,797.0,1089.0,1.3663739021329988,13,13.285714285714269,3,79.99999999999994,12.081818181818178,0.15102272727272734,1.136455987664982,2.2848165452288045,0.5945517814795046,14.773927839644765,1.2306646506457242,516.0174471992653,1007.7006427915519,-19.609207260502757,False
43,0,18,1466.157894736842,19,19,True,42401.522344343306,5864.631578947368,2664.360681652604,3863831.1052631577,0.39941649615453145,0.10623524691027926,,-0.20317941434470604,1272.0,1774.0,1.3946540880503144,18,21.221052631578942,15,22.58571428571426,131.50000000000028,5.822264389626837,1.0277088071498757,2.6622528274147657,0.6976106408274493,18.498758528697763,5.551917776719217,535.5219842164599,347.076099210823,-35.761930251272915,False
44,0,30,1387.5483870967741,31,31,False,39088.314702669784,5550.193548387097,1337.244680541571,1853861.2258064516,0.5243836230120165,0.11011337029035405,,-0.15309845777310419,1150.0,1684.0,1.4643478260869565,26,17.048387096774228,19,8.082456140350873,11.066433566433595,1.3691919107590955,0.497997886966217,1.1330551196469247,0.33689223270737606,14.93993660898651,2.259950445135068,530.6238825031928,49.94699872286079,,
45,0,20,958.4285714285714,21,21,True,22401.590342289786,3833.714285714286,2367.2940329682397,2238808.714285714,0.5602043896241536,0.12198588683707146,,-0.1611666537359512,789.0,1174.0,1.487959442332066,20,13.91688311688311,16,15.411764705882375,57.40000000000019,3.7244274809160376,0.7236779600400897,2.3799189468698274,0.49395459830162736,14.473559200801793,2.5702203392467076,538.3160136286201,547.6465076660988,78.50408244006877,False
46,0,22,1332.2173913043478,23,23,True,37040.8212026146,5328.869565217391,2425.871987905083,3147842.347826087,0.3957439427690309,0.07909052378863143,,-0.1791093061407058,1041.0,1884.0,1.8097982708933718,22,33.51284584980235,17,15.352941176470601,64.88571428571446,4.226272577996723,0.9486495200748358,3.843232686284014,0.9407420258799899,20.87028944164639,8.58445886695137,538.2903397027601,584.817940552017,-104.8273664536666,False
47,0,19,908.25,20,20,True,20754.083259534353,3633.0,1864.2942154837206,1642187.95,0.41377384985827187,0.09149493210958999,,-0.1569758772396976,659.0,1155.0,1.7526555386949925,18,21.53308270676692,17,22.433823529411768,82.00000000000007,3.655195018026879,0.6860042771479516,1.5313894115356652,0.3939250867399662,13.03408126581108,1.1423390874241928,543.5290957923008,409.12264995523725,41.552235865755954,False
49,0,19,976.1578947368421,19,20,True,23162.566511889287,3904.6315789473683,2077.2623249871554,1968345.2105263157,0.360196372738995,0.0845452864729739,,-0.18529427673667284,735.0,1440.0,1.9591836734693877,19,21.693723494486854,17,15.113235294117647,268.49999999999994,17.76588498589082,0.6966445805663001,1.6148728831711876,0.4665083232170161,14.069825505141663,1.6428021449117998,546.3708333333333,1252.95,-129.25748790772082,False
50,0,29,1559.9666666666667,30,30,True,47678.837673209,6239.866666666667,1837.0302424768024,2607150.933333333,0.4604535127009786,0.10071660644264022,21.0,-0.3101606093535518,1150.0,2438.0,2.12,27,45.54860956618468,22,20.076228119706382,60.452380952380956,3.0111423615993997,0.6319329034155886,1.7305109468421962,0.45207002783675426,18.32605419905207,0.5408807492202706,553.7660869565217,461.5652173913044,-30.664667920825952,False
51,0,30,1181.7666666666667,30,31,False,31120.833869929393,4727.066666666667,1970.1722155592965,2294675.1333333333,0.3645796400064708,0.0851379863167045,,-0.28098256139769817,946.0,1586.0,1.6765327695560253,24,24.579618571160076,17,7.040906017579424,6.452747252747247,0.9164654714373849,1.0547068774586323,2.5846680631545884,0.599168231360311,30.952098480989704,9.182140158049666,568.3473945409429,1287.1315136476426,,
52,0,9,979.7,10,10,True,23269.410508933266,3918.8,2481.234124822958,2373823.3,0.3232561404969595,0.0714296968698287,,-0.1542583283258343,633.0,1229.0,1.9415481832543444,9,45.060606060606055,2,246.99999999999983,32.428571428571445,0.13128976286871039,1.0490172811116318,4.427369593271396,1.248553013133181,9.441155530004687,6.1428242598279565,566.5305126118795,321.27176566314074,-119.70298319183988,False
53,0,11,949.9166666666666,12,12,True,22081.14275025224,3799.6666666666665,2401.0003988190447,2259678.6666666665,0.8232874716440223,0.17317374643563796,,-0.08445643761261132,745.0,1024.0,1.374496644295302,7,12.444055944055979,3,128.5,12.200000000000045,0.09494163424124549,0.6304424747326428,1.2139554403593367,0.2712306175838168,6.934867222059071,2.6102519232721115,571.6450980392157,262.6823529411765,17.55432537163724,True
54,0,15,1158.8125,16,16,True,29825.079764427137,4635.25,2268.1210548046333,2591078.375,0.45480599870310173,0.10125337535612605,15.0,-0.3482269303287637,1026.0,1354.0,1.3196881091617934,11,23.31617647058828,9,9.36666666666663,-19.892857142857086,-2.1237925775292346,1.5032586135858568,7.866412519948315,1.7935091747831913,22.548879203787852,5.740031876959233,578.9794168096055,946.3987993138936,-85.93590730876528,False
55,0,30,1176.032258064516,31,31,False,31131.917715075153,4704.129032258064,1477.2800436861735,1555162.1290322582,0.5128288322886828,0.10846937149575392,,-0.1797414308977784,823.0,1671.0,2.0303766707168895,28,31.382258064516165,18,3.3828689370484897,23.2362637362637,6.868804014777187,0.609789039371828,1.8813429015619902,0.44170437728454304,18.293671181154842,4.514403433868195,583.0847231487659,1201.8525683789194,,
56,0,17,1098.764705882353,17,18,True,27715.631853928055,4395.058823529412,1684.8433789822025,1792249.1176470588,0.39902053590123615,0.066932970841897,,-0.26985307601915,810.0,1732.0,2.1382716049382715,17,34.25470653377627,15,24.449999999999992,230.49999999999957,9.427402862985671,1.2192373245322705,2.5250938700960384,0.6606254933161283,21.996468233767196,9.56944548131976,683.3758660508083,29.71651270207852,-147.6755095232206,False
57,0,18,885.5,18,19,True,19891.99743418811,3542.0000000000005,2034.4306757877775,1786607.4444444445,0.8836322882570566,0.176562524746559,,-0.12762801211960945,793.0,1073.0,1.3530895334174022,17,13.105263157894756,10,7.16666666666666,35.083333333333364,4.895348837209311,1.5621293207529139,3.657328007313368,0.7805291577950815,27.83832369692302,8.936781751748216,695.9644527595884,785.2993451824135,-25.44618580745905,False
58,0,30,1421.2333333333333,30,31,False,40549.97934109895,5684.933333333333,3143.1540821294134,4418996.2,0.3935067411976271,0.08209728819875396,,-0.20551580954776277,1115.0,1710.0,1.5336322869955157,21,16.860100712119763,17,12.401960784313715,-6.993406593406611,-0.563895235199585,0.8791459199677071,3.290964418457452,0.8030292875696933,25.931445450161245,3.5480395286025517,707.693741677763,687.6005326231691,,
59,0,13,768.7142857142857,14,14,True,16118.019443785937,3074.8571428571427,2758.792792368075,2145140.4285714286,0.2392699208098388,0.07911135294317354,7.0,-0.3428906964886353,864.0,918.0,1.0625,3,-9.740659340659343,9,-21.866666666666692,-36.80000000000004,1.6829268292682926,1.2979174277640235,3.170540467861405,0.8743282709800277,16.872926560932306,3.334767700096532,892.4393241167435,803.0814132104455,-20.19883689809109,False
60,0,20,1123.7619047619048,21,21,True,28496.931697744487,4495.047619047619,1520.3085639324277,1677380.1904761905,0.5017426533913791,0.10542363331922422,,-0.2644843246042048,894.0,1435.0,1.6051454138702461,19,22.092207792207805,19,20.36491228070176,-102.99999999999872,-5.057718814610549,0.5401228030539331,1.3417371091674042,0.3246536491044687,10.802456061078663,4.249287818823622,894.9617117117117,318.3183183183183,62.54001487700735,False
61,0,3,1128.5,4,4,True,28603.669464949962,4514.0,1772.0771476523023,1990597.5,0.31876337379060404,0.08935306430590995,,-0.22439066415178727,1038.0,1300.0,1.252408477842004,3,81.9999999999999,2,32.999999999999886,195.0,5.90909090909093,0.697354996355763,1.1378817796171765,0.3543160197974538,2.092064989067289,0.7924126662302114,901.0446153846154,747.9469230769231,-285.30483613632197,False
62,0,16,884.1764705882352,17,17,True,19840.6715439753,3536.705882352941,2641.5628225656997,2294956.1764705884,0.4196797934036224,0.08814017715806896,,-0.23138463255576638,713.0,1055.0,1.4796633941093968,16,15.044117647058815,12,18.482517482517483,41.70000000000003,2.2561861520998883,0.8047619542556421,1.667927289859262,0.4575957157402027,12.876191268090274,2.889835756801454,911.3364928909953,778.1507109004739,-189.50622443390677,False
63,0,8,884.6666666666666,9,9,True,19831.893502698,3538.6666666666665,2602.5458746335275,2272165.0,0.46530250205419815,0.0781793668109849,,-0.19545601991301298,763.0,959.0,1.2568807339449541,7,23.666666666666647,2,66.99999999999994,21.17857142857146,0.3160980810234549,0.26425826418492665,0.5367582650472026,0.1390327835654881,2.114066113479413,0.9124293633527046,913.351832460733,950.82722513089,-215.9701883704258,False
64,0,30,1479.3548387096773,31,31,False,43476.7202524517,5917.419354838709,2326.3171793295337,3334908.2580645164,0.4671383995525709,0.10235043076411508,,-0.22098685780187124,1093.0,2048.0,1.8737419945105216,27,32.39919354838714,21,20.63506493506493,27.30303030303026,1.3231376004363589,0.5177200181995826,1.7974535411710364,0.35553916563365595,15.531600545987478,1.2831104543484861,925.3483023001095,597.104600219058,,
65,0,6,828.5714285714286,7,7,True,17982.98370609938,3314.285714285714,1830.3322438206583,1503263.857142857,0.4476450885135724,0.0898724677105928,,-0.08310585169630885,713.0,929.0,1.302945301542777,6,23.285714285714306,3,69.49999999999999,39.79999999999999,0.5726618705035971,0.858197730197848,1.3709099298837848,0.3637366025943735,5.1491863811870875,1.7764421946048023,926.1151776103337,542.7879440258342,19.238093581630036,False
66,0,30,1583.1785714285713,28,31,False,48164.93163718275,6332.714285714285,1451.4815884779948,2081631.2142857143,0.44314919483769444,0.09053738264406629,,-0.27652230352670665,1055.0,1989.0,1.885308056872038,28,33.05622663838019,19,43.294519459888804,-4.629370629370569,-0.1069274052957108,0.4864826902080701,1.5290686167835066,0.3546653832099177,13.360732273187077,0.7899260675545964,931.0238491403217,686.8097615085968,,
67,0,30,1550.483870967742,31,31,False,46799.10635164678,6201.935483870968,1914.368485985948,2780747.64516129,0.49473890951212457,0.10085601243833815,23.0,-0.3344064306869548,1104.0,2170.0,1.9655797101449275,28,37.05806451612908,17,12.83333333333333,55.13626373626375,4.296332239189384,1.0917379661567281,5.943074319716436,1.3541493274815497,32.752138984701844,1.7447195419490387,934.097800655124,1012.443144595227,,
68,0,6,1224.0,7,7,True,32225.18378056327,4896.0,2084.53464910818,2545670.5714285714,0.53349395274951,0.11280188765351083,,-0.17514173172787367,1145.0,1269.0,1.1082969432314411,6,17.428571428571423,2,61.0,11.800000000000182,0.19344262295082265,0.4423161458416854,0.6877145258504201,0.2230513490745553,2.6538968750501124,0.32336423738278885,938.7580772261623,1353.4468085106382,18.097084999779305,False
69,0,13,876.5,14,14,True,19578.67764919948,3506.0,2221.2549620139916,1917022.0,0.48616407639110143,0.09585801460410573,13.0,-0.36159954040911796,720.0,1005.0,1.3958333333333333,13,18.75824175824176,2,73.99999999999983,17.884615384615376,0.24168399168399213,0.9547116544361767,1.966818502673374,0.5612743137741256,12.411251507670297,2.361842099908679,938.8228855721393,939.3791044776119,-78.57529246659185,False
70,0,30,1380.0,31,31,False,39166.8131785956,5520.0,1919.6627566951017,2568541.2580645164,0.4757027766626071,0.09330281893211007,,-0.20109937853000623,1094.0,1779.0,1.6261425959780622,27,29.2786290322581,17,12.213235294117638,14.382417582417567,1.177609145821066,0.6753119762654014,1.7407438352697755,0.3818126336209807,20.25935928796204,3.193707101339906,950.18875,1187.21375,,
71,0,15,1231.75,16,16,True,32594.182783193177,4927.0,2424.8242016444783,2948627.5625,0.535081754328366,0.10761524156596536,15.0,-0.4515492217284456,1064.0,1407.0,1.3223684210526316,15,20.252941176470646,4,39.399999999999935,19.867132867132884,0.5042419509424598,0.9622004941791132,2.402307003547695,0.6950941498313663,14.433007412686699,2.098069618870371,970.4285714285714,553.1293532338309,-150.8944682053903,False
72,0,11,1265.8,10,12,True,34349.22557986215,5063.2,1301.7239373779094,1551128.5,0.41710404242958415,0.0892527906702969,,-0.122023547431133,718.0,1532.0,2.1337047353760448,11,59.6102332580888,2,317.9999999999997,41.408805031446555,0.13021636802341696,0.795972145204305,1.2315237100785252,0.34214455768775753,7.874099821010279,1.8412794020414915,967.3093994778068,989.5313315926893,-34.15123010507888,False
73,0,20,1136.4,20,21,True,29134.988681045368,4545.6,1498.3414098967535,1658252.55,0.512126515392723,0.08992923720076423,,-0.24262704838246366,1080.0,1567.0,1.450925925925926,20,20.0762078158528,5,8.400000000000015,46.50285481239804,5.53605414433309,0.5296912022431709,1.6012976798072358,0.4097366542233162,10.358319563997831,2.222435024698905,975.7115507338864,66.42118698149329,16.358265452921252,False
75,0,15,1182.1875,16,16,True,30629.732257842094,4728.75,2345.603758628501,2751891.1875,0.4087344257777822,0.10038966545630201,,-0.14974878964966182,1003.0,1321.0,1.317048853439681,14,16.725,2,85.0,15.195604395604375,0.17877181641887502,0.3577216394671622,0.8087613158058278,0.21490988763726873,5.365824592007432,1.5782521161859793,980.2414330218069,647.6526479750779,-119.73585587861054,False
76,0,30,995.9354838709677,31,31,False,23795.566649918783,3983.7419354838707,1932.7277929119184,1905596.1612903227,0.43081932295585834,0.08210692121269322,,-0.16861102291233496,738.0,1198.0,1.6233062330623307,29,13.659677419354857,20,10.495488721804499,6.418181818181809,0.6115181473015128,0.41510534111251285,1.499720714866333,0.29475209406472225,12.453160233375385,1.2685372444047027,979.2317073170732,146.43466898954705,,
77,0,30,1273.516129032258,31,31,False,34414.86325608423,5094.064516129032,1578.3205711366,2000964.8709677418,0.3942553644437494,0.07079716428206125,,-0.21275843981412537,1071.0,1542.0,1.4397759103641457,29,18.077822580645183,17,10.710784313725492,20.285714285714317,1.8939522719843112,0.6315545896153627,2.013928030221237,0.40540073831694984,18.946637688460882,7.2120726103352055,996.9629139072848,180.5615894039735,,
78,0,15,891.8181818181819,11,16,True,22194.949937591005,3567.2727272727275,891.6624783670849,1111402.3636363635,0.5096508327260452,0.06696901696420225,8.0,-0.977203999993961,1215.0,1478.0,1.2164609053497943,5,-76.38237159162965,7,46.51428571428581,-0.8609022556390881,-0.018508340876761682,1.628075125076132,9.024766092033321,2.5296801283030104,26.448163611796424,15.612693261862296,988.6229050279329,1192.4692737430169,-9.401080307171663,False
79,0,19,881.5882352941177,17,20,True,19745.67089169471,3526.3529411764707,1190.9742969065512,1060327.8235294118,0.5167955892952859,0.06929299407786291,,-0.24968203612503206,767.0,1064.0,1.3872229465449804,19,9.501068376068403,14,9.043956043956014,58.97368421052634,6.52078403785895,0.9253375962037346,2.703438373088249,0.5684462882727028,20.285712393059605,4.833465962987398,1007.3627819548872,1356.2744360902257,104.64867838309016,True
80,0,17,843.3333333333334,15,18,True,18479.39022411424,3373.3333333333335,2721.6327613859767,2293691.0,0.3925442372826897,0.09178176909550897,,-0.2845396254467775,864.0,1057.0,1.2233796296296295,17,4.312953995157375,13,0.15934065934066932,87.49999999999996,549.1379310344481,0.8249064334720153,2.5200601611863114,0.5818203927934754,13.834552123549397,2.159616786124315,1005.0141911069063,766.2109744560075,5.944969400415216,False
81,0,29,955.2333333333333,30,30,True,22385.7296891304,3820.9333333333334,1350.4501722078317,1281497.1,0.5955581436616207,0.11105576130487481,,-0.27650001865373974,709.0,1187.0,1.6741889985895628,28,15.012013348164627,19,9.082456140350878,11.690909090909136,1.2871968672625471,0.4610359799630199,1.105018483835472,0.26209722878578123,13.370043418927578,1.6882264328957453,1009.8566581849025,1094.6497031382528,1.6419851127158471,True
82,0,17,855.1875,16,18,True,18930.14559447819,3420.75,1886.1749109051198,1601872.75,0.38477286528178417,0.08573529150536768,,-0.20646502579414788,800.0,1189.0,1.48625,17,15.237792642140436,14,12.567032967032972,140.99999999999994,11.219832109129056,1.069837905563817,2.057671734413064,0.4422881618727412,17.7212646054549,9.178793506833067,1013.7199327165686,638.5912531539109,-16.53571586286109,False
84,0,21,1383.6190476190477,21,22,True,39396.313197113144,5534.476190476191,2322.743981618936,3045091.904761905,0.43949459259817136,0.09058192214995926,,-0.18784773563049253,1056.0,2290.0,2.168560606060606,21,42.63642384105959,16,23.994117647058808,194.75675675675672,8.116854289935931,0.5797713989593679,1.217611412183367,0.32788555296330407,12.052764659609556,2.366249127157115,888.5698689956332,641.9113537117904,-176.88105668197437,False
85,0,15,662.8125,16,16,True,12908.51727607244,2651.25,3447.863921997478,2228354.9375,0.5389877650358108,0.1036013702413074,15.0,-0.3745586305240689,507.0,836.0,1.6489151873767258,15,16.91911764705883,14,14.98461538461539,57.00000000000009,3.803901437371668,0.9006381257409821,3.831183085650706,0.882752813258354,13.509571886114731,0.3580547403993606,880.3373205741627,776.3181818181819,-254.60597880026756,False
86,0,16,1040.9411764705883,17,17,True,25322.18022654138,4163.764705882353,2175.084908199924,2242077.882352941,0.4569261859091083,0.07592078115578761,16.0,-0.38055495722414867,878.0,1159.0,1.3200455580865604,14,15.772058823529424,15,18.400000000000002,-37.00000000000019,-2.0108695652174013,1.0207713382335255,4.717497562938251,1.0123967924165373,16.332341411736408,7.68183247165787,869.8507734303913,834.108280254777,-100.39400238140286,False
87,0,30,1315.8709677419354,31,31,False,36089.42784115676,5263.4838709677415,1824.2094137179704,2391474.870967742,0.4490725196961184,0.11345715311817559,,-0.16338835177645808,1045.0,1582.0,1.5138755980861245,27,16.42177419354841,26,15.999658119658116,-21.400000000000027,-1.3375285796705076,0.520365704528272,1.9454151319714583,0.3671114804887573,15.610971135848162,1.8653099610469062,856.0410221923336,88.90988567585742,,
88,0,23,1319.0,24,24,True,36312.4264874036,5276.0,2678.1376224162073,3454695.2083333335,0.44002917589880625,0.09107632548499893,23.0,-0.385640533574839,1137.0,2068.0,1.81882145998241,23,18.337391304347804,21,6.463636363636372,321.5000000000004,49.73980309423347,0.6404545166998614,2.2389533882998607,0.4752468847615197,14.730453884096812,1.625446573301504,710.3617021276596,729.4588974854933,-287.0707368750056,False
89,0,14,911.6666666666666,15,15,True,20776.523088514798,3646.6666666666665,2283.083997032246,2049103.6,0.45407050790645703,0.07465295340414535,,-0.2357586536850129,766.0,1138.0,1.485639686684073,14,18.2642857142857,13,14.21428571428575,123.99999999999969,8.723618090452216,1.1491998388642568,5.3332931451611945,1.2716216957773319,16.088797744099594,5.1222787846378015,710.9411247803164,486.24165202108964,-143.38527399884222,False
90,0,13,901.2857142857143,14,14,True,20361.06454115914,3605.1428571428573,2780.1031997148602,2505113.0714285714,0.5476982870509894,0.09747557193795275,,-0.1397277474458835,893.0,935.0,1.0470324748040314,5,3.547252747252734,3,-14.999999999999961,1.2545454545454382,-0.08363636363636276,1.1360479988655094,2.880657456841779,0.8766254845633595,14.768623985251624,4.853397109919915,722.7202572347267,659.2111468381565,-24.622934688206765,False
91,0,18,952.9473684210526,19,19,True,22187.068016264384,3811.7894736842104,2382.0808682675497,2242623.210526316,0.5398975841353643,0.11178985125846537,,-0.19972818494959346,822.0,1122.0,1.364963503649635,17,13.670175438596484,15,9.417857142857148,21.7,2.3041334850208557,1.1162925511844994,2.8800079563047065,0.754555043607062,20.093265921320988,8.82556262391789,732.2509057971015,460.79891304347825,-60.10663987879253,False
92,0,17,1269.9444444444443,18,18,True,34099.386608322915,5079.777777777777,2161.916321513219,2737157.0,0.4702250541516777,0.11049718530581315,,-0.14199043840320608,1131.0,1389.0,1.2281167108753315,17,12.110423116615053,16,15.329411764705924,175.00000000000097,11.41596316193403,0.568007054698166,1.169007947433636,0.3116390646327185,9.656119929868822,0.5276661042838416,734.6429085673146,118.88696904247661,-65.89686753602456,False
93,0,14,968.9333333333333,15,15,True,22762.50037776097,3875.733333333333,2189.549229110687,2099805.7333333334,0.552819047563904,0.10434182597357844,,-0.15239226828373828,828.0,1125.0,1.358695652173913,14,19.7642857142857,6,20.857142857142907,31.199999999999985,1.4958904109588997,0.5005923967570804,0.7701209045158043,0.17878169013677714,7.008293554599127,1.6087566205677821,739.096,890.0222222222222,-150.23826390433703,False
94,0,29,1314.2666666666667,30,30,True,36348.42704269477,5257.066666666667,1871.1644202727118,2393332.3333333335,0.4929051392421508,0.10747539499430864,,-0.12078763072870152,945.0,1861.0,1.9693121693121693,29,28.164627363737498,19,15.670175438596525,58.42727272727277,3.7285653218255046,0.40908589138326945,1.045700437042484,0.24842031003076603,11.863490850114815,2.1082787073888523,748.6442772702848,1025.3643202579258,-45.6808928485037,False
95,0,30,1180.4193548387098,31,31,False,30546.830147123455,4721.677419354839,3101.8848431970014,3663575.709677419,0.5650125500040095,0.12472362323193942,,-0.1330755070265831,1122.0,1303.0,1.161319073083779,26,3.1455645161290535,16,-0.7382352941176232,17.53571428571428,-23.7535571997731,0.855317425269837,3.0698326713771253,0.7469601741514532,25.65952275809511,0.34884358595173137,764.9832935560859,393.87509944311853,,
96,0,18,1078.7368421052631,19,19,True,26756.13968784505,4314.9473684210525,1981.0313912821275,2107711.1578947366,0.4687722890169236,0.08281305237806769,,-0.13135666272426283,884.0,1387.0,1.5690045248868778,18,18.80350877192982,17,16.85539215686275,224.0000000000005,13.28951577722847,0.6786532486632287,2.1344453058458437,0.4472991016986277,12.215758475938117,0.25201236636637603,763.8774333093006,274.8053352559481,3.1576277739722474,False
97,0,28,1553.1153846153845,26,29,True,46797.38261428817,6212.461538461538,1219.1155532790688,1719367.8076923077,0.397605651165508,0.0775935138365289,,-0.1791570047125402,961.0,1892.0,1.9687825182101977,26,34.869341387891595,20,48.57296954314717,2.583333333333304,0.05318458718152984,0.7143303335653252,1.6480628316018135,0.43936322456408317,18.689286620153922,2.0666952472068982,769.0348899624262,138.9543746645196,-2.2683943196023266,False
98,0,30,1554.4516129032259,31,31,False,46668.5982849597,6217.806451612903,1719.0177745205035,2555623.64516129,0.38408379774565804,0.09787515924833497,,-0.2588604963665495,1158.0,2060.0,1.778929188255613,27,29.627419354838743,23,22.943675889328063,2.214285714285704,0.0965096318901388,0.5341429457689486,1.226209231190649,0.29331374925598186,16.024288373068458,1.9881950717462602,778.8169473112439,185.15752308527973,,
99,0,22,1179.9130434782608,23,23,True,30695.839867546845,4719.652173913043,1867.9082904189468,2154466.0434782607,0.4984336932543158,0.10635327938248841,,-0.2749457920614264,994.0,1717.0,1.727364185110664,22,16.962450592885368,16,18.625000000000053,110.2499999999998,5.919463087248294,0.696076754630396,1.8996493830013539,0.4758784692766323,15.313688601868712,2.0995299142446444,780.0663948747816,500.251019219569,-118.6507398237047,False
100,0,23,1576.0416666666667,24,24,True,47492.35154829959,6304.166666666667,2337.6279055724085,3591643.5,0.4401670945006885,0.10638820145390042,,-0.17596604469300972,1273.0,2075.0,1.6300078554595443,23,34.07173913043475,17,23.44852941176468,44.678571428571466,1.9053890606101367,0.7314924880237529,2.3999406072852136,0.6297070522141941,16.824327224546316,2.5150740798349633,445.6043373493976,826.4819277108434,-65.33353771855961,False
101,0,12,976.7692307692307,13,13,True,22996.883002968276,3907.076923076923,2505.547041422719,2420922.076923077,0.747516894765735,0.15463691112375988,11.0,-0.32592722772905075,848.0,1081.0,1.2747641509433962,12,15.461538461538465,2,71.99999999999989,14.290909090909121,0.1984848484848492,0.7013298285687487,1.6349971265814691,0.4144366539093401,8.415957942824985,2.0813295765092072,788.1017576318224,1272.4172062904718,-154.61701702853776,False
102,0,21,1147.2272727272727,22,22,True,29378.801331084218,4588.909090909091,1707.1910314685092,1936525.9090909092,0.44835524289129813,0.10598423806947782,,-0.13209533599673673,924.0,1467.0,1.5876623376623376,21,19.760022586109542,16,17.480882352941187,67.71428571428558,3.8736194402047754,0.6952084847219743,1.5937967479420292,0.40834462463079146,14.59937817916146,0.9086670281749066,794.1922290388549,222.51738241308794,-37.146954335356696,False
103,0,17,1074.1666666666667,18,18,True,26564.130280726884,4296.666666666667,2217.4847270174273,2360889.388888889,0.46530209725908567,0.0909619699121753,,-0.164975561203025,942.0,1282.0,1.3609341825902335,17,17.039215686274492,16,17.952941176470617,187.00000000000097,10.416120576671073,0.7000505885320244,1.989170244253509,0.44432444308481883,11.900860005044414,7.028982239503154,797.8572542901716,261.93369734789394,-102.0181358485492,False
104,0,20,1251.7619047619048,21,21,True,33438.48369723186,5007.047619047619,2594.079122202557,3222664.238095238,0.4464657740535332,0.09878105927310854,,-0.17237856557321207,1072.0,1489.0,1.3889925373134329,19,18.855844155844185,15,17.942857142857118,56.91428571428562,3.1719745222929925,0.4983630538028467,0.9675138959986442,0.2097333501474746,9.967261076056934,3.008030659407469,797.991186440678,950.72,113.7074749301968,False
105,0,22,1064.695652173913,23,23,True,26420.274424022216,4258.782608695652,1484.47991821736,1531041.0869565217,0.45347179232782747,0.09702217596284016,22.0,-0.4606846386838985,808.0,1467.0,1.8155940594059405,21,25.787549407114625,18,15.64912280701752,54.60000000000003,3.4890134529148056,0.5507408421334518,1.0225637556521345,0.23744574465413104,12.116298526935939,3.062596239019834,799.8822724161533,419.7754962354552,-75.85096371720131,False
106,0,12,829.6153846153846,13,13,True,18012.038799494367,3318.4615384615386,1593.4710122579202,1323188.7692307692,0.4649283477205579,0.09059218218311496,,-0.2690920400003847,815.0,920.0,1.1288343558282208,9,10.741758241758252,9,0.5666666666666396,4.306582230223089e-14,7.599850994511697e-14,1.0708419692620026,1.9738435216601393,0.512685255845359,12.850103631144032,5.1215106773742125,800.1162280701755,1186.9758771929824,30.65210063921996,True
107,0,26,1384.64,25,27,True,39584.93552237786,5538.56,2237.866748302462,2947672.96,0.4111260476907235,0.09374718283447336,,-0.19329815480209478,1066.0,1978.0,1.8555347091932457,26,38.016133004926076,17,11.003571428571396,60.58787878787884,5.506201253036718,1.3392476545615632,9.825286837071356,1.973339546386844,34.08275872512117,3.0149759958499955,822.4368048533872,928.5293225480283,-31.38364846611593,False
108,0,13,787.1428571428571,14,14,True,16684.458261606975,3148.5714285714284,1690.863960182888,1314200.7857142857,0.40936120130730186,0.09311384464179431,,-0.18093546872494073,584.0,938.0,1.606164383561644,13,18.09230769230767,2,153.9999999999999,15.895104895104868,0.10321496685133039,0.6802101097566312,1.537088535309748,0.44812881402859633,8.842731426836206,0.7197737530646954,817.5394456289979,161.9413646055437,-9.987449238885924,False
109,0,5,699.5,6,6,True,13933.167516326546,2798.0,2337.3423904774254,1628174.5,0.5248451077759135,0.11818531777106171,,-0.03631420432712199,626.0,744.0,1.1884984025559104,4,12.657142857142919,2,67.99999999999983,-9.900000000000002,-0.14558823529411805,1.5970817004137936,2.0537052963442166,0.36991100534095495,7.985408502068968,0.9145148974338405,817.1632947976879,335.60838150289015,-78.99977564164236,False
110,0,5,814.5,6,6,True,17680.349400591007,3258.0,2437.5132175443,2003441.3333333333,0.5477456481243076,0.12800651224991497,2.0,-0.4797607622216985,913.0,926.0,1.0142387732749178,3,-18.542857142857084,4,-19.600000000000072,327.00000000000045,-16.683673469387717,3.8134221360974885,8.673388729977663,3.1411044688439422,19.067110680487442,15.514120183071803,807.9759036144578,362.54654983570646,-162.8619329311342,False
111,0,16,1224.1764705882354,17,17,True,32312.955113792676,4896.705882352941,2202.8956227280432,2657993.705882353,0.4205878043741208,0.11698066724161767,,-0.19654877651678584,1042.0,1376.0,1.3205374280230326,14,21.269607843137244,11,20.472727272727308,2.942857142857253,0.1437452423242883,0.44927539277654516,1.4711275119932155,0.3148306484178159,7.1884062844247225,1.8083776707452905,844.6821938392186,1192.0090157776108,-160.3945946056707,False
113,0,16,1242.8235294117646,17,17,True,33046.75162101811,4971.294117647059,2742.72812688868,3370203.6470588236,0.4551596787367826,0.116066985306451,16.0,-0.3891388534774004,1081.0,1410.0,1.3043478260869565,12,16.38725490196079,14,23.71428571428568,18.500000000000068,0.7801204819277148,1.2095851853638133,4.05336175548701,1.056128229182773,19.353362965821013,1.1793967027204928,851.2061239731142,480.3061986557132,-133.40877745337502,False
114,0,29,1386.2962962962963,27,30,True,39373.12522714729,5545.185185185185,1795.1374531774889,2360056.7407407407,0.475426256896779,0.09958622351617999,21.0,-0.3145990522810606,1091.0,1995.0,1.8285976168652611,24,30.773547223295942,22,18.382269904009036,18.431506849315028,1.0026785019240336,0.5999015396044387,1.7385879682175744,0.4334025314047336,15.730685000301072,1.2700203973754565,792.5557840616966,1326.6601542416452,-15.134376502879542,False
115,0,11,1324.0,12,12,True,36312.64006910885,5296.0,1822.0515168874779,2412070.4166666665,0.5143952145041832,0.09721215271994081,,-0.1811532851051045,1261.0,1513.0,1.1998413957176843,11,17.286713286713365,9,0.03333333333337388,22.999999999999986,689.9999999991603,0.45952549972642753,0.9306668352581468,0.25766246252432007,5.054780496990703,1.2656314962429283,447.3899537343027,123.63648380700594,5.095952879447048,False
116,0,9,791.3,10,10,True,16871.465190140832,3165.2,1584.3133342258539,1223474.6,0.4638227049627498,0.09453027084420669,,-0.23893420184465064,587.0,1066.0,1.8160136286201023,9,32.75757575757578,8,24.976190476190492,242.99999999999977,9.729265967588164,0.5718907283107343,1.0196013304131881,0.2876795510771935,5.1470165547966085,0.6864796136639599,701.8939962476547,139.0956848030019,-105.74548136049488,False
117,0,17,961.2222222222222,18,18,True,22432.05903953896,3844.8888888888887,2817.315167492697,2703954.3333333335,0.41986949202887824,0.10051378443350469,,-0.11091716897679454,867.0,1023.0,1.179930795847751,9,0.8833849329205437,9,11.933333333333328,-14.249999999999996,-1.1941340782122907,0.5392444465232078,1.7028128705878025,0.435615070890455,9.167155590894533,1.2000804897542678,430.0341296928328,587.6655290102389,-90.3677932353734,False
118,0,26,1189.2592592592594,27,27,True,31377.752968531007,4757.037037037037,1541.7229853976269,1780157.9259259258,0.37819074744763675,0.10047399116526311,,-0.27066707522123035,833.0,1708.0,2.0504201680672267,25,30.33455433455432,18,12.980392156862726,40.516666666666644,3.1213746223564987,1.0872780319614095,3.2350533783547424,0.5971023763612162,28.269228830996646,8.731447417796133,161.75953458306398,114.88235294117646,-69.2581731982538,False
119,0,28,1156.5714285714287,14,29,True,30318.765157838898,4626.285714285715,1478.0196436679355,1521333.9285714286,0.5239378076617299,0.10427474240256329,28.0,-0.6321804618624407,876.0,1730.0,1.9748858447488584,28,36.91538461538459,9,3.8333333333333477,16.112000000000016,4.203130434782597,0.7184547347855623,1.494128827139752,0.5043146082384055,9.590742369459765,2.574621266126142,155.7393063583815,231.10462427745665,,False
120,0,28,1027.6206896551723,29,29,True,25079.514046112206,4110.482758620689,1038.9666431590913,1042735.2068965518,0.5007434276397272,0.09599000839439648,,-0.29731777638775164,728.0,1429.0,1.9629120879120878,28,20.837931034482747,17,13.840686274509778,42.0104895104895,3.0352894847316714,0.766338269940144,3.2031649670602715,0.5982427768302928,21.45747155832403,2.4823057180330683,155.79006298110568,60.33729881035689,-7.47184214940138,False
121,0,19,847.7,20,20,True,18629.37566638738,3390.8,1740.3815721808594,1456742.7,0.6135949472203835,0.1368223648929477,,-0.14131500890636664,633.0,976.0,1.5418641390205372,18,12.184962406015044,2,136.99999999999983,10.547987616099066,0.07699261033648963,0.6797677137301631,1.6102122713891036,0.3952660536775043,12.915586560873098,0.9344464318778187,156.1818181818182,290.1281489594743,43.869040290772666,False
122,0,30,1244.225806451613,31,31,False,33224.36169709271,4976.903225806452,2864.823668677015,3519300.7741935486,0.4349924171930691,0.08990002482233705,,-0.16491426766133863,966.0,1530.0,1.5838509316770186,29,17.510080645161317,22,14.785996612083578,8.76666666666668,0.592903332569567,0.5220234791389445,1.6388565279769733,0.31486929509211387,15.660704374168334,2.0622598419669953,162.94748048261178,811.1958836053939,,
123,0,12,1128.8461538461538,13,13,True,28596.490553233016,4515.384615384615,2534.04325197556,2839416.6153846155,0.5442565127993183,0.11610315505129351,,-0.12994326218478744,966.0,1267.0,1.3115942028985508,12,23.005494505494518,11,24.90000000000003,57.999999999999886,2.3293172690762978,0.9758341063935254,2.798918635008656,0.6566360955155455,11.710009276722305,4.912567995543537,167.27782162588792,971.6756116811365,49.76698037717719,False
125,0,28,1349.448275862069,29,29,True,37509.16387926643,5397.793103448276,1616.3321554428233,2213945.5862068967,0.5918481976855517,0.11377526253738147,11.0,-0.5657538079211343,1302.0,1672.0,1.284178187403994,9,-1.4334975369458343,10,33.690909090909045,24.933333333333355,0.7400611620795123,1.7262180046721411,8.624070330488479,1.6070231288718042,48.33410413081995,7.430281342744302,191.29456824512536,430.11420612813373,26.18911633050317,False
126,0,28,1219.9565217391305,23,29,True,32476.708822913886,4879.826086956522,1380.7532295228837,1542077.1304347827,0.3007731714500941,0.0634483162744254,,-0.20301376381890643,710.0,1486.0,2.092957746478873,25,21.671215936684955,6,57.9428571428572,11.03146524733873,0.1903852483515065,1.4764425543838344,5.917534688479656,1.371701755361611,35.84908337532133,6.360551608466865,178.7870434183322,196.23225361819433,-25.147749483642002,False
127,0,30,1406.4193548387098,31,31,False,40443.385804674435,5625.677419354839,2366.0535494728447,3154020.7419354836,0.38362412209583496,0.09379621153747436,,-0.16815644914886416,1067.0,1969.0,1.8453608247422681,27,33.27580645161294,21,17.51038961038963,26.951515151515107,1.5391727854829496,0.8360694727604852,2.3617859832821124,0.5504857286506065,25.082084182814555,11.187821634840896,196.26550169109356,837.0259301014656,,
128,0,17,1067.9444444444443,18,18,True,26277.73025282585,4271.777777777777,2261.241897797453,2414796.6666666665,0.4249406637172235,0.09626121546207049,,-0.17417055627509917,986.0,1165.0,1.1815415821501014,17,6.141382868937008,16,7.6132352941176675,160.000000000001,21.016032451226653,0.5999249984526654,1.8299536924616786,0.35553920635577524,10.198724973695313,4.103488183644586,188.68154506437767,1142.987982832618,-76.04871604018027,False
129,0,25,1089.0833333333333,24,26,True,27169.235659033333,4356.333333333333,860.8289321216045,918381.4166666666,0.4494124216108733,0.08287269398181282,,-0.2954064096112045,698.0,1239.0,1.7750716332378222,20,13.692425255516282,3,113.99999999999989,9.173113506658224,0.08046590795314239,0.7067075549318611,1.8379793791062682,0.4251041683989849,17.618531531112883,7.829720560444133,197.19004149377594,105.04979253112033,-46.53229065227959,False
130,0,30,1416.5806451612902,31,31,False,40664.85403231475,5666.322580645161,2173.3890410279564,2954039.3870967743,0.4578095154515591,0.09232135702481362,,-0.2619051535918427,1199.0,2073.0,1.7289407839866555,29,23.724596774193593,25,5.288461538461538,46.82857142857145,8.854857142857147,0.7463745378171428,1.6911982025697838,0.4486037647544052,22.391236134514283,2.945014701917942,194.49137931034483,1193.4827586206898,,
131,0,19,1062.3,20,20,True,26094.070210048114,4249.2,2539.8351376408004,2689036.7,0.5695660127787516,0.13452259431143604,,-0.16118692436574392,953.0,1249.0,1.310598111227702,19,9.765413533834574,6,22.68571428571436,17.22637362637366,0.7593489633791891,1.5123883931998665,7.304652417388864,1.6181723012793028,28.735379470797465,6.32653406900467,200.1513210568455,898.1144915932746,46.30332113248264,True
132,0,19,1380.8,20,20,True,38900.32012707727,5523.2,2500.6641531743035,3369038.8,0.4390283735776048,0.09053878722869198,,-0.1728605676799516,1166.0,2093.0,1.7950257289879932,19,26.771428571428565,18,17.541795665634655,520.000000000001,29.643487469114106,1.1980395644182478,2.224107124856737,0.5342050445507357,22.762751723946707,6.424921134316386,202.5193502150024,165.4314381270903,97.47732223534716,False
134,0,29,1031.9,30,30,True,25154.971433119674,4127.6,1882.4112481511656,1910646.1666666667,0.45696978672762417,0.09852184554965328,,-0.13952417662426655,771.0,1276.0,1.6549935149156938,27,17.283426028921046,18,9.861713106295126,6.807692307692251,0.6903153878352666,0.86024780018472,1.877509107328409,0.5069595868007174,24.947186205356882,2.011772023254475,202.61482084690553,1114.3574918566776,-19.379278018027836,False
135,0,28,1356.5862068965516,29,29,True,38214.70147511814,5426.3448275862065,1481.5832052189412,1890991.4137931035,0.42043985220357943,0.06585415203122322,,-0.24707215997421694,958.0,1985.0,2.0720250521920667,27,31.46600985221674,17,14.090686274509821,74.70979020979016,5.302068952095033,1.1077313325343703,5.696894087964863,1.261221728471585,31.016477310962365,2.9690240718438115,206.4827935222672,231.6918016194332,-38.634175427705635,False
136,0,29,1109.75,24,30,True,29212.91611366802,4439.0,1794.2339583774692,1891321.0833333333,0.26145991944659674,0.08515778228929098,6.0,-0.4097313883177117,689.0,1791.0,2.5994194484760524,29,42.296070167445045,13,32.99786324786324,61.349331235247845,1.8591910262316904,2.799774558518813,18.9858081806911,3.9821217506144673,69.19944965931016,12.382597106836498,223.86655499720825,204.67057509771078,-54.008564392894456,False
137,0,30,1254.0,31,31,False,33727.38305857275,5016.0,2573.1110486396224,3183142.193548387,0.4951442711495061,0.11145604115467103,,-0.12420707580994306,908.0,1660.0,1.828193832599119,29,21.905241935483897,15,17.46071428571429,33.07058823529413,1.893999735300134,0.870983767239777,3.7840825662318833,0.6796765126983673,26.12951301719331,3.3815493713765177,216.61427676894178,527.6268002504696,,
138,0,21,1270.4545454545455,22,22,True,34148.2937194899,5081.818181818182,2500.9362905380917,3153255.1363636362,0.4225421176393003,0.09987280002088536,,-0.140757758027332,1044.0,1483.0,1.4204980842911878,21,14.295878035008444,15,15.632142857142856,44.42857142857146,2.8421293123143725,0.6488681290627231,3.450695627101837,0.7038511026908381,13.626230710317184,6.467422300113385,234.9352663519892,837.0600134861767,-8.939523163503827,False
139,0,28,1695.6206896551723,29,29,True,52868.624952304155,6782.482758620689,1789.663910977217,3057090.379310345,0.4278082025748352,0.07197268346851597,28.0,-0.4138259043523912,1496.0,2078.0,1.38903743315508,24,6.958620689655115,24,20.11391304347825,-228.99999999999991,-11.38515412217371,1.4494669681371806,6.832413193155696,1.7663909369676387,40.58507510784106,21.557989750929075,237.2884440400364,110.0309372156506,-56.00594920290084,False
140,0,15,1005.5625,16,16,True,24131.649722755978,4022.25,2227.7563532859617,2184024.0625,0.4600531321657496,0.09250241966397103,14.0,-0.32365785347428266,830.0,1325.0,1.5963855421686748,15,25.166176470588237,14,16.925274725274722,53.999999999999865,3.1904947409427273,0.7324340198508847,1.7040013169736627,0.44238888913228425,10.986510297763271,0.9040770429852836,233.53283018867924,901.926037735849,-292.0084591497457,False
142,0,30,1445.1290322580646,31,31,False,41445.4278493484,5780.5161290322585,1894.5981626457813,2739806.8387096776,0.47950427838025045,0.10223667806589316,,-0.1522682297757594,1203.0,1633.0,1.3574397339983375,21,12.4943548387097,19,14.228070175438617,-2.9895104895104287,-0.210113560915036,0.5924043138673789,1.9071800861385997,0.41079230417707335,17.772129416021368,0.9270131635013433,248.20800524934384,320.40748031496065,,
143,0,19,1212.65,20,20,True,31950.78247456991,4850.6,1977.403221904391,2375389.9,0.43324157587266443,0.086017477341331,,-0.21932478059448976,1035.0,1574.0,1.5207729468599034,19,20.710526315789455,15,18.73928571428569,120.79999999999997,6.446350295406906,0.987143125371197,4.278462927717021,0.8782353758649348,18.755719382052742,7.113700377545515,136.91804320203303,1238.1003811944092,27.720657891871625,False
144,0,16,1126.2941176470588,17,17,True,28558.75306511906,4505.176470588235,1912.1775966815321,2111202.1764705884,0.5772036245858487,0.1094784307732894,,-0.16794795219408457,912.0,1329.0,1.457236842105263,14,23.97549019607842,14,23.782417582417573,-28.999999999999996,-1.2193882265964333,0.866551012932942,1.8681094064205919,0.5218135195253676,13.864816206927072,2.555205006732366,247.52478363493313,656.9134539732494,-132.78873593377563,False
145,0,8,876.6666666666666,9,9,True,19539.43538685062,3506.6666666666665,2310.362833973393,2018799.7777777778,0.5189592025415695,0.12483693729375228,,-0.15387255474276237,789.0,914.0,1.1584283903675539,7,12.09999999999999,2,54.999999999999886,5.607142857142875,0.1019480519480525,0.1568253864482747,0.24526313140514022,0.07449054936319233,1.2546030915861976,0.3702259802181141,132.41526374859708,1200.0145903479238,-107.75782948082747,False
146,0,21,1119.7272727272727,22,22,True,28625.65864993741,4478.909090909091,2034.5733708057196,2169976.6818181816,0.4348601228752463,0.09373098004894954,,-0.21907332986155464,810.0,1814.0,2.2395061728395063,21,32.048560135516674,17,19.60294117647059,161.09999999999985,8.21815453863465,1.0406107595606462,5.224008790208977,1.2744257389068676,21.85282595077357,1.2318430967191216,130.5843439911797,478.5507166482911,-203.85218036181402,False
147,0,18,955.4444444444445,18,19,True,22281.747692735258,3821.777777777778,2414.693598662124,2277858.6666666665,0.6936099108777308,0.14047579922483147,,-0.18446748879207495,881.0,1232.0,1.398410896708286,18,4.551060487038509,17,1.1309803921568131,352.000000000001,311.2343966713044,0.6687056436896704,1.8241368301165317,0.5182918412323086,11.627365218072233,1.6013042090758458,434.487012987013,950.7077922077922,-4.579695434294689,False
148,0,28,1507.7894736842106,19,29,True,44869.2321169766,6031.1578947368425,2345.1045244696165,3542482.1578947366,0.38897210245956704,0.09680847583405078,20.0,-0.47669896818594104,1549.0,2202.0,1.42156229825694,17,-23.33253626653913,20,22.63562245217934,-7.100000000000026,-0.3136648888273202,1.8361892275164604,6.890318890111776,1.588824112010351,45.690684349159724,2.0163627401379,27.270429654591407,607.5779275484415,65.09970622886358,True
149,0,6,843.0,7,7,True,18502.105656105334,3372.0,2452.6942050627767,2010675.7142857143,0.4454978359981631,0.07965785516723388,6.0,-0.6437754169569978,642.0,971.0,1.5124610591900312,6,38.428571428571495,2,213.99999999999972,31.100000000000065,0.1453271028037388,0.7051955265258186,0.9623616727504287,0.19369303622169182,4.2311731591549115,0.9445980973740367,32.40370751802266,387.0659114315139,-88.73499606639615,False
150,0,18,1279.157894736842,19,19,True,34565.6841983959,5116.631578947368,1592.1663462052284,2004888.7894736843,0.4893775863689322,0.09499401790572452,,-0.17337460851619485,1119.0,1620.0,1.447721179624665,18,23.171929824561403,17,17.11764705882354,28.000000000000036,1.6357388316151213,0.4599738543706894,1.0891568046838955,0.23451604695525116,8.27952937867241,2.0926170942745994,43.34506172839506,80.00864197530865,-30.86194361177817,False
151,0,11,649.1666666666666,12,12,True,12453.641103005828,2596.6666666666665,1876.0537121660243,1215306.6666666667,0.9054936538160288,0.19819271109711145,,-0.17733400162020713,605.0,714.0,1.1801652892561985,11,8.699300699300707,9,6.249999999999976,10.000000000000005,1.600000000000007,0.6585877660929479,1.6240495630299774,0.4131613689819349,7.244465427022426,0.9329783841462908,42.42296918767507,1137.8543417366948,1.3710896509296935,False
152,0,21,1141.590909090909,22,22,True,29591.933963578416,4566.363636363636,2021.6752986479048,2190801.8181818184,0.4841288313791596,0.0917293550784105,,-0.2514592182672176,894.0,1980.0,2.214765100671141,21,33.664031620553374,18,14.172342621259011,180.59999999999928,12.743129687613743,1.4698850565368224,3.6093442911969977,1.0543257144596934,30.86758618727327,6.2322526110368885,49.30909090909091,1312.0914141414141,-198.55486936092313,False
153,0,28,1028.344827586207,29,29,True,24976.437544316283,4113.379310344828,1749.7153237335494,1766869.6206896552,0.4444024295349571,0.08997370153425613,,-0.14775890763864435,746.0,1242.0,1.6648793565683646,25,15.788177339901477,18,13.264189886480906,5.527272727272687,0.4167063932721726,0.8577698547692737,2.900629085482036,0.5381938415843811,24.017555933539665,0.4075776414513516,48.25528455284553,515.8065040650406,21.19275926176149,False
155,0,9,518.5,4,10,True,8897.043181804074,2074.0,2658.363243386398,1390730.25,0.3849678452676672,0.07575730762533137,9.0,-0.4032737081369673,532.0,543.0,1.0206766917293233,3,-8.3859649122807,5,3.6666666666666288,-20.750000000000004,-5.659090909090969,0.8025290693742478,1.040293387273285,0.1706118476894848,7.614956669521771,3.1158998456010796,52.351528384279476,371.674672489083,,False
156,0,25,1190.5454545454545,22,26,True,31700.006765541537,4762.181818181818,2191.714947910193,2443888.6818181816,0.408043096005579,0.09496973598341701,19.0,-0.33488731500891505,672.0,2030.0,3.0208333333333335,17,31.086411743238312,10,30.892376681614333,-0.39873417721523136,-0.012907203007547777,2.3414794471216105,8.069956112388788,2.2088471680770625,51.899654467773566,3.1279734089845626,55.71711456859972,396.9016973125884,-95.04041182504903,False
157,0,30,1293.4516129032259,31,31,False,35634.256997976714,5173.806451612903,1875.8865864000875,2401443.6774193547,0.44347225228349335,0.09839524440626733,15.0,-0.3376981041250093,1110.0,1771.0,1.5954954954954954,29,25.926612903225838,17,-3.10539215686276,29.318681318681357,-9.441217030798688,1.176847039548157,5.75602857491449,1.0488755180934193,35.30541118644471,10.011274395054711,57.20294494238156,222.46094750320103,,
158,0,18,884.578947368421,19,19,True,19859.481452142907,3538.315789473684,1773.0959624056425,1548419.1578947369,0.5320514837038871,0.11135804369988128,,-0.1871970504780322,736.0,1172.0,1.5923913043478262,18,12.061403508771932,17,9.465686274509801,272.0000000000006,28.73537027446926,0.4389038738135389,1.1471751869237532,0.2801054456401641,7.9002697286437,2.146589861489039,59.477815699658706,1342.4104095563139,-74.66806845095262,False
159,0,17,1259.1666666666667,18,18,True,33687.19631337098,5036.666666666667,1538.3188731273865,1919018.111111111,0.523617043089152,0.1108492011347201,,-0.18817535597174234,1191.0,1553.0,1.3039462636439967,17,16.083591331269304,16,12.86323529411766,220.0000000000014,17.103006745169864,0.9191264955817078,1.9390739992568493,0.516915780936738,15.625150424889032,2.726059204661903,67.8815196394076,133.89890534449452,-70.1830967855861,False
160,0,21,1271.9545454545455,22,22,True,34230.62292126326,5087.818181818182,2564.1488283249623,3249365.5454545454,0.4569530799018844,0.0996685845411645,,-0.17380384015961428,1131.0,1520.0,1.34394341290893,21,14.922077922077934,15,16.06785714285715,52.60714285714294,3.274060902422764,0.6676551858779634,1.3797579698733828,0.3654411975678767,14.02075890343723,1.1714703725896098,68.57105263157895,735.2546052631579,17.964115684449258,True
161,0,19,1668.15,20,20,True,51808.904581264615,6672.6,2184.163781729548,3570534.75,0.38129327480150776,0.0776786957134746,,-0.28661248738568573,1593.0,2543.0,1.5963590709353421,19,33.524060150375924,17,6.865196078431391,143.49999999999991,20.902534808996716,0.7544245429084753,1.8988306854547032,0.4461765729835109,14.33406631526103,0.785825607838055,75.49547778214708,1160.2418403460479,-56.3470074327692,False
162,0,30,1002.0967741935484,31,31,False,23978.247160697098,4008.3870967741937,2208.572828669765,2196334.064516129,0.503546415518388,0.10853154729623517,,-0.18542185443543846,800.0,1210.0,1.5125,28,12.027822580645173,15,10.332142857142847,19.436764705882347,1.8811939570159222,1.1723371218860743,5.354945946473716,1.1193151512466017,35.17011365658223,9.162879180215961,80.34280792420327,1010.9612403100775,,
163,0,6,1317.4285714285713,7,7,True,36003.098291951006,5269.714285714285,2860.9258149884613,3765606.285714286,0.4594332362062206,0.08869221196320957,,-0.1528773996723595,1245.0,1422.0,1.1421686746987951,5,21.428571428571466,5,16.799999999999905,-75.00000000000006,-4.464285714285743,0.3136128669440992,0.4239794715776544,0.0826243039514219,1.881677201664595,0.19872855803371256,90.30215293244247,335.8886414253898,-15.325504149452811,False
164,0,14,1044.4,15,15,True,25630.665013500013,4177.6,2313.317581706693,2341843.3333333335,0.43242587084493517,0.08682505344581462,,-0.20843394389571762,844.0,1374.0,1.627962085308057,12,33.05714285714283,9,11.183333333333357,-3.8285714285714554,-0.34234617841175385,0.8807533125612836,2.4736819412937083,0.6347509450833877,12.33054637585797,3.046023738738318,86.122289679098,417.37814397224633,-163.8887765870087,False
165,0,30,1485.774193548387,31,31,False,43867.6975450938,5943.096774193548,2072.559193466722,2934295.8387096776,0.4429971741357466,0.09771313335278882,,-0.2877043027370732,1002.0,2090.0,2.085828343313373,30,35.579032258064515,18,21.372549019607813,37.35714285714283,1.747903014416777,0.7926775736070056,2.562412720771458,0.5194053050219947,23.78032720821017,2.0400527455126176,99.01387559808613,525.0416267942584,,
166,0,23,711.3181818181819,22,24,True,14510.597977888096,2845.2727272727275,568.4960547820364,371060.5,0.3564156886980933,0.050515929833894434,,-0.29505398216988743,476.0,900.0,1.8907563025210083,20,19.56621211434786,7,13.260869565217405,8.219743069641675,0.6198494773828142,2.110415538688719,14.430525857902902,2.848114503425885,46.52582139619218,13.603117847990497,91.03256936067551,351.9445114595899,-21.419567294533536,False
167,0,15,1125.9375,16,16,True,28715.80906709102,4503.75,2731.6434114657204,2963959.1875,0.4063737229723646,0.10033635544453393,,-0.18000541014124585,820.0,1372.0,1.673170731707317,14,39.389705882352956,9,33.23333333333332,18.678571428571477,0.5620432726751701,0.648595477185015,1.7608223913548489,0.4666726352713413,9.728932157775224,6.057754988201958,102.0,490.2112781954887,-143.90615742004928,False
168,0,17,949.2,5,18,True,22212.418615006358,3796.8,1345.346334945468,1257634.0,0.42718584109419033,0.0957396179298441,,-0.2958818874000491,905.0,1256.0,1.3878453038674032,17,20.579861111111132,9,-8.31578947368426,52.87499999999999,-6.358386075949328,0.8111882245087487,1.9070665827741369,0.6350039527908766,12.418025905055334,2.030509090020407,107.71894904458598,198.31608280254778,,False
169,0,20,1245.2380952380952,21,21,True,33517.375958967044,4980.952380952381,1756.615000466684,2080815.9047619049,0.4356300171612536,0.09165744294183906,,-0.16673309366117062,947.0,1828.0,1.9303062302006335,19,35.74025974025973,17,19.448529411764696,25.600000000000083,1.3162948960302507,0.7335051388035712,1.7677794268767135,0.38177163948036935,14.670102776071422,2.2533857117172813,115.58278931750742,1027.93293768546,-141.96621293639805,False
170,0,30,1350.0645161290322,31,31,False,37683.20702080941,5400.258064516129,2130.5140372436013,2825215.064516129,0.4949865928080901,0.09999184301927254,,-0.14974672743263054,1001.0,1715.0,1.7132867132867133,28,23.860887096774217,19,17.73333333333335,19.227272727272755,1.084244702665756,0.4031864433733151,1.4495638311761212,0.29556208092434566,12.095593301199454,0.8568445791241175,120.97831632653062,939.8877551020408,,
171,0,14,1062.0,15,15,True,26135.444004874545,4248.0,1960.2520709565508,2046400.6666666667,0.4958881021495233,0.0871297677703231,14.0,-0.33050374849027075,861.0,1323.0,1.5365853658536586,14,22.849999999999984,13,22.950549450549477,241.99999999999937,10.544409863538386,0.9605820491021533,2.7535510765300564,0.7255138489167902,13.448148687430146,0.5777235739261695,125.26681783824641,352.7331821617536,-152.1763804922349,False
172,0,16,1086.235294117647,17,17,True,26983.756347823884,4344.941176470588,1885.387671140518,2030084.5294117648,0.5631113632024881,0.11245081233106431,,-0.12320299077436414,905.0,1209.0,1.3359116022099446,14,13.801470588235322,9,23.299999999999972,22.03571428571429,0.9457388105456788,0.4721620580529211,0.9724136913122121,0.27224353563161013,7.554592928846738,1.1935348779372048,132.76311336717427,1131.1556683587141,-96.40018970921207,False
173,0,15,736.1875,16,16,True,15082.322607746382,2944.75,1981.6691691583692,1446650.0,0.49969919532197715,0.08708155198392724,,-0.21954086409151188,639.0,869.0,1.3599374021909234,15,10.383823529411778,14,12.672527472527458,197.0000000000002,15.545438779049634,1.15743185683492,4.693939405548167,1.1019908773311606,17.3614778525238,9.541318630082616,242.67318757192174,501.0368239355581,-44.288857155092465,False
174,0,28,1548.6896551724137,29,29,True,46504.98779175851,6194.758620689655,1657.519793235212,2508612.275862069,0.4141697640419959,0.0989891483452171,28.0,-0.32884960259919893,1208.0,2170.0,1.7963576158940397,27,33.566995073891604,17,8.990196078431344,58.272727272727266,6.48180826806783,0.8423915887319947,2.113091307360703,0.517609041281478,23.58696448449585,2.72909503199258,148.4976851851852,153.2037037037037,-31.110775162403264,False
176,0,30,1587.0967741935483,31,31,False,48109.8434215156,6348.387096774193,1455.77796070806,2281667.0322580645,0.42918806927151026,0.09502774723694034,,-0.158736966490662,1245.0,2112.0,1.6963855421686747,27,28.011290322580688,24,20.036086956521697,-21.07142857142852,-1.0516738431587722,0.5074398445869758,1.1108870406833984,0.33432075392234806,15.223195337609273,2.992374175636824,354.3768115942029,130.96878483835005,,
177,0,30,1282.1666666666667,30,31,False,34720.12033410778,5128.666666666667,1509.6860396221778,1924520.4666666666,0.5142944637406622,0.11044067803540408,,-0.16968337790445207,1022.0,1582.0,1.547945205479452,27,16.467300935498354,25,15.149230769230778,-21.360465116279,-1.4100032827847406,0.6617375365120813,1.197017616478033,0.2921204644402267,20.26736636379852,1.1561695848513052,355.7905500705219,23.183356840620593,,
178,0,29,1291.4333333333334,30,30,True,35489.212281297536,5165.733333333334,2365.803441090861,2945671.1333333333,0.441535618231752,0.09929837999518767,28.0,-0.32065085507746144,960.0,2118.0,2.20625,29,28.083870967741944,25,18.554615384615374,149.99999999999991,8.084241946851291,0.516800174841135,1.2493345290038949,0.3182629916068157,14.987205070392918,4.34886202618725,358.66194523135033,526.4428706326723,-268.971523513418,False
179,0,21,786.0909090909091,22,22,True,16766.71911477526,3144.3636363636365,2383.7481479852436,1808398.9545454546,0.41201238742091223,0.11723144414682905,,-0.2119311133634349,691.0,1138.0,1.6468885672937772,21,9.102202145680405,9,15.416666666666634,42.47802197802196,2.75533115533116,0.911479279313552,2.2876393537608726,0.6151465665868779,19.141064865584593,3.5771420397179106,356.74077328646746,957.5817223198594,-145.98915736033473,False
180,0,13,627.2142857142857,14,14,True,11889.186247114567,2508.8571428571427,2482.581078832783,1530026.4285714286,0.4695321229273003,0.1067557537070553,,-0.11184103723371831,464.0,784.0,1.6896551724137931,13,15.197802197802192,9,19.449999999999978,44.29999999999998,2.2776349614395905,0.6560642924335282,1.3807644734394442,0.39864217091739246,8.528835801635866,5.6714031605185005,355.23214285714283,1227.1632653061224,-75.47674660567996,False
181,0,11,946.0833333333334,12,12,True,22067.448116192885,3784.3333333333335,1835.4921724239236,1689947.9166666667,0.40513898584306407,0.08776851893504607,,-0.2951480574558857,768.0,1340.0,1.7447916666666667,11,33.16433566433568,10,15.58787878787878,230.99999999999943,14.819206842923766,0.7120974136225824,1.7672783942755084,0.46480718741281635,7.833071549848406,3.375929707629887,360.0723880597015,1284.1932835820896,-92.43982293395545,False
182,0,27,1588.892857142857,28,28,True,48345.29949370548,6355.571428571428,1694.0330185084001,2602361.1428571427,0.45172247964166845,0.08633536017275403,,-0.20937031813050716,1265.0,2244.0,1.7739130434782608,27,34.80049261083745,17,6.686274509803918,60.38181818181825,9.030711810183965,1.1365355524405203,4.256646623351767,1.0424192120483038,30.686459915894048,12.77921826583044,351.9095365418895,317.9353832442068,-30.11162867686842,False
183,0,30,1351.3548387096773,31,31,False,37794.944444100554,5405.419354838709,1493.7995384206038,1977387.0322580645,0.4046688139179839,0.10605969575809472,,-0.12359172844890245,893.0,1829.0,2.0481522956326987,29,24.765725806451638,16,21.405882352941173,40.59285714285713,1.8963412240411412,0.6681190358746768,1.6697805849392346,0.38456334129636005,20.043571076240305,0.8634185324086725,373.92109777015435,182.56603773584905,,
184,0,18,1234.421052631579,19,19,True,32707.293731604048,4937.684210526316,1760.755819714298,2151417.6315789474,0.47907425141799714,0.1016269256605461,18.0,-0.44920114910037845,1114.0,1484.0,1.3321364452423698,18,14.42105263157896,15,15.274999999999984,92.60000000000025,6.062193126022936,0.6499659874343318,2.1519460045348375,0.57137041899538,11.699387773817971,1.7970487951474923,380.6725067385445,216.82277628032344,27.71995294702209,False
185,0,23,1389.5833333333333,24,24,True,39410.798181922844,5558.333333333333,2970.3121899193607,3999519.6666666665,0.33975290307155576,0.08433135436883255,,-0.2850990835718314,1045.0,1985.0,1.8995215311004785,23,32.96086956521737,15,22.839285714285715,81.61666666666662,3.5735209799322365,0.818488305004128,4.227280467984707,0.9276227325173875,18.825231015094943,2.271436382063216,386.9667506297229,658.9586901763224,-157.48827984293095,False
186,0,30,1175.225806451613,31,31,False,30561.21144584272,4700.903225806452,2169.830277072606,2497094.419354839,0.40658904108420557,0.08020072057994498,,-0.2675283945413467,886.0,1465.0,1.6534988713318284,29,18.460887096774233,17,12.862745098039216,7.5164835164835235,0.58436076119003,1.707067336565609,8.463542176406058,1.940645706395162,51.212020096968274,5.272251459468918,391.2730446927374,727.9748603351956,,
187,0,21,1003.1818181818181,22,22,True,24246.57326834998,4012.7272727272725,2806.2409102261317,2802908.227272727,0.25212384574957974,0.07910203394433327,15.0,-0.31700827370602264,1023.0,1457.0,1.4242424242424243,21,13.990965556182976,17,-7.671568627451018,31.599999999999802,-4.119105431309858,1.5713649237743401,4.0468433832104,0.9308070624978654,32.99866339926114,8.008923925454308,386.44131777625256,695.6005490734386,-48.18669124381147,False
188,0,24,892.1818181818181,22,25,True,20631.084752151586,3568.7272727272725,3025.578112490923,2625868.272727273,0.4386320452147591,0.1006533701243181,24.0,-0.6134575657964009,605.0,1628.0,2.690909090909091,17,25.02422112462006,17,6.852941176470577,-9.705479452054824,-1.4162502204715217,3.466776797596941,14.2700778576498,4.917619594671373,92.92508800922508,26.9850047275481,332.8457526080477,707.618479880775,-204.44041597740696,False
189,0,28,1532.551724137931,29,29,True,46195.04342620572,6130.206896551724,1903.2390198032658,2651521.6896551726,0.4673360260877394,0.08349951533590705,20.0,-0.36350556091973835,1090.0,2160.0,1.981651376146789,24,42.57093596059112,19,18.759649122807033,19.86060606060606,1.058687501594075,0.6358120097945302,5.158829783729178,0.9630550259978717,17.802736274246847,3.5153207433334424,396.16850167544277,1032.6807084729535,-6.09872870619757,False
190,0,22,975.304347826087,23,23,True,22994.81201759383,3901.217391304348,1473.7769145374189,1427076.2608695652,0.6155340933046977,0.13969012207593548,,-0.17149125219625366,851.0,1228.0,1.4430082256169212,22,12.395256916996031,17,7.230392156862747,54.600000000000115,7.551457627118658,0.9122621208673114,1.8238512174232968,0.3861817440331018,20.06976665908085,1.416923101786439,397.84364820846906,134.03175895765472,-43.92980340857679,False
192,0,30,1263.7391304347825,23,31,False,33846.751967469405,5054.95652173913,514.8140684393449,645509.1304347826,0.47507304523192234,0.0682842119070905,,-0.27257387733238103,1131.0,1393.0,1.2316534040671971,25,6.944900395433854,6,21.40000000000009,7.6710376930063635,0.35845970528066967,0.4584408885613018,1.2405321586187712,0.32204514904501347,10.886973137119242,2.2133215231457544,409.2397311426438,99.95743091859596,,
193,0,19,981.2,20,20,True,23368.099476346124,3924.8,1680.0233271915836,1602449.05,0.49915215376257605,0.09347009268087486,,-0.17393387193123888,731.0,1590.0,2.1751025991792066,19,23.616541353383457,17,17.164215686274503,303.99999999999994,17.711266600028562,0.6457760276727349,4.340036022465722,0.9156460406838325,12.269744525781963,3.4567631510331713,407.99056603773585,391.97861635220124,39.94473418443046,False
194,0,15,865.125,16,16,True,19206.979651966147,3460.5,1921.8597922001477,1638887.6875,0.5314050647583712,0.10301564660477962,,-0.15110249226153613,680.0,1006.0,1.4794117647058824,15,17.114705882352958,3,64.99999999999993,17.21978021978023,0.2649196956889269,0.6088708754944772,1.7739591583467305,0.39863496570198076,9.133063132417158,0.8769267484885153,407.05566600397617,1161.5417495029822,-103.51986915541345,False
195,0,20,941.047619047619,21,21,True,21823.5399731568,3764.190476190476,2074.2087915448033,1921346.4285714286,0.5800296058324923,0.1267984837735679,,-0.14111239977295872,711.0,1190.0,1.6736990154711673,20,15.372727272727282,17,16.705882352941167,93.1999999999999,5.578873239436617,0.853755884252321,2.109727727090547,0.4945461001869131,17.07511768504642,2.7210552547112004,410.66470588235296,312.3,66.58873096733225,True
196,0,30,1518.6129032258063,31,31,False,46173.22180065155,6074.451612903225,2726.6303492506627,3731713.870967742,0.4710898732616372,0.09801811884871608,23.0,-0.33453759278292167,1179.0,2495.0,2.116200169635284,27,44.87822580645164,23,9.505928853754941,33.130952380952365,3.4852935352935335,0.5546198270096138,1.5579627364951318,0.3620071205300552,16.638594810288414,1.7935736560098277,419.21832884097034,541.788409703504,,
197,0,7,747.625,8,8,True,15394.22722101888,2990.5,2212.277259133768,1643183.125,0.5903848405308518,0.13787633344618064,,-0.13236377058565338,671.0,801.0,1.1937406855439643,7,17.011904761904752,2,42.999999999999886,14.399999999999949,0.3348837209302323,1.1247699087999685,5.174720875742832,1.661388674933382,7.873389361599779,5.918738394433566,420.5031210986267,1241.1847690387017,-96.29490886716935,False
198,0,17,957.1111111111111,18,18,True,22339.559417036948,3828.4444444444443,2789.741322343639,2641002.111111111,0.39017521687239404,0.07339131023877771,,-0.16271406792352544,757.0,1086.0,1.4346103038309115,16,14.346749226006196,11,19.08181818181819,29.85714285714287,1.564690669026067,0.9337376386745246,1.9107233763498974,0.5518640811013208,15.873539857466918,2.9756558966761677,419.93364055299537,709.710599078341,-210.110340382917,False
199,0,30,1248.225806451613,31,31,False,33749.06747679859,4992.903225806452,1881.4058728900966,2268722.064516129,0.5323817215239316,0.1087028917956834,,-0.14561447643502173,883.0,1738.0,1.968289920724802,29,28.851209677419384,20,15.796992481202993,28.45454545454542,1.8012634676128245,0.702308034287548,1.8771186670154116,0.4172945766614443,21.06924102862644,1.9971424600431493,421.0240963855422,1210.2734939759036,,
200,0,27,737.3214285714286,28,28,True,15194.638491369871,2949.285714285714,1760.5656651503348,1275278.75,0.3647591160430634,0.08386552705695005,,-0.2197213041479158,523.0,1014.0,1.9388145315487573,25,9.47591680350301,20,3.3383458646616475,3.2023809523809277,0.9592717717717663,1.610794604656196,5.069112742366544,0.8617274412941166,43.49145432571729,8.529705455820972,250.9406779661017,196.74939467312348,-36.05677871018865,False
201,0,22,1333.0869565217392,23,23,True,36927.29167077164,5332.347826086957,3094.560063764223,4021282.6086956523,0.3486747357593778,0.09794570331838351,21.0,-0.30134849854925916,1118.0,1910.0,1.7084078711985689,22,27.089920948616605,15,17.72142857142855,78.8928571428571,4.451833937928257,0.6077725900341514,1.3526308125470687,0.3423127835767324,13.37099698075133,5.49206728416649,427.46806282722514,638.2198952879581,-244.82081530985272,False
203,0,30,1685.6774193548388,31,31,False,52269.93770760206,6742.709677419355,2234.8072419111336,3789681.709677419,0.433696943821407,0.094858696220274,,-0.18090618492903782,1513.0,1970.0,1.302048909451421,27,15.952419354838728,17,0.39215686274509215,15.775824175824186,40.22835164835228,0.5512360735429482,1.288514258990014,0.2850464668928562,16.537082206288446,1.8853498299495521,352.64820846905536,434.9511400651466,,
204,0,30,1172.967741935484,31,31,False,30476.478939567678,4691.870967741936,2060.4051762556282,2395163.0967741935,0.42913738609938906,0.08352055016507692,,-0.23768418101927533,998.0,1455.0,1.4579158316633267,24,16.360887096774217,17,-0.04166666666669433,7.657142857142863,-183.7714285713067,1.726573025409468,4.9386513323740715,1.3432778068901718,51.79719076228404,16.778192101692344,372.4175824175824,930.9081632653061,,
205,0,29,879.7857142857143,14,30,True,19966.51850213463,3519.1428571428573,2266.1762277796583,1895308.4285714286,0.45568767485080874,0.10095617673370283,29.0,-0.4358900806641609,691.0,1530.0,2.2141823444283646,29,26.67936339522547,12,10.646853146853173,27.76470588235293,2.6077851830387253,0.601883426422713,1.5784530367135472,0.43892429973013586,10.163292497385727,1.823392688481582,343.55882352941177,1254.8058823529411,,False
206,0,30,1220.5483870967741,31,31,False,32229.91495219182,4882.193548387097,1953.3287158791568,2365093.290322581,0.46463727089069234,0.10546340412320065,,-0.1617398439894411,975.0,1426.0,1.4625641025641025,27,14.4911290322581,14,21.037362637362612,18.392156862745075,0.874261530771941,0.5531536345630406,1.1018543878345881,0.2803167538927556,16.594609036891217,2.4363968947598,249.79390420899855,1102.833091436865,,
207,0,3,1245.25,4,4,True,33074.39373991803,4981.0,3473.0071365592357,4327103.0,0.48988046753183173,0.0964485488018148,,-0.16613451691878728,1217.0,1328.0,1.0912078882497946,3,31.299999999999805,2,10.999999999999659,120.00000000000014,10.90909090909126,1.207620160730274,2.2689145306257066,0.7633044819634233,3.6228604821908217,3.126294291551357,261.56626506024094,822.7085843373494,-305.1094507582967,False
208,0,9,444.75,4,10,True,7084.8926113519165,1779.0,2400.107578462119,1065813.75,0.19325406424336178,0.11812237447263377,,-0.20198787960919998,505.0,505.0,1.0,0,-14.09941520467838,5,-11.666666666666705,-10.000000000000009,0.8571428571428551,0.4917748659360044,0.8667450089217809,0.2684003867639836,4.528075611713504,2.70558584248508,258.21204188481676,64.22251308900523,,False
209,0,16,1037.4705882352941,17,17,True,25205.208153436197,4149.882352941177,1773.9740426772034,1817781.0,0.49892833814091175,0.10873273172811626,,-0.18938871696598517,840.0,1159.0,1.3797619047619047,14,17.21323529411766,2,104.99999999999989,16.09285714285714,0.15326530612244912,0.5618015452717244,1.5422186745299291,0.4104590294269508,8.988824724347591,0.9996876178475318,261.5417391304348,159.74695652173912,-54.276660540634616,False
210,0,30,1106.3703703703704,27,31,False,28335.734773359705,4425.481481481482,1653.1910944636047,1714736.2222222222,0.5035300883541569,0.10359544787857605,,-0.29128078534144786,887.0,1804.0,2.0338218714768885,29,28.15977868559872,22,9.020327498588363,25.77067669172932,2.8569557697059564,0.7460369256415138,4.9256470500409035,1.1566787057015373,19.60149646171393,3.1810720203589025,264.4758064516129,1271.294930875576,,
211,0,17,963.8888888888889,18,18,True,22781.599513667243,3855.5555555555557,2101.1443500463774,2006233.0555555555,0.33255972727121297,0.07877851199361692,,-0.2693104668660458,1184.0,1398.0,1.1807432432432432,11,9.896800825593358,11,-6.681818181818138,-63.428571428571395,9.492711370262448,2.3480100727556232,9.442966471107878,2.3080717967382385,39.91617123684559,12.39162676022363,259.7742782152231,43.20603674540683,-98.08129649683713,False
212,0,18,624.3333333333334,18,19,True,11848.687541365092,2497.3333333333335,1666.6570615826977,1040494.9444444445,0.3364776005664299,0.059156819201956444,7.0,-0.3073632993070845,616.0,888.0,1.4415584415584415,17,7.367349126380103,17,-0.23382352941174248,-131.00000000000043,560.2515723270991,1.1295583766262431,2.305094859370767,0.6007168385663789,21.333850199812176,7.432936908514797,271.7582562747688,187.30779392338178,-10.226510581263845,False
213,0,30,1049.5666666666666,30,31,False,27390.700418526587,4198.266666666666,2206.4355445243878,2154377.7666666666,0.4835578922503077,0.11883429986399473,,-0.20976630029244075,622.0,2085.0,3.352090032154341,29,45.18522649279341,26,29.956923076923083,-29.628571428571608,-0.9890392064796395,2.5793135775468405,15.185044251917919,3.0726311223441405,74.99464512134338,10.549364522015045,260.3199791883455,517.1716961498439,,
214,0,29,1368.4666666666667,30,30,True,38830.26925322668,5473.866666666667,1691.4164938679028,2133940.3666666667,0.4165850846146574,0.08283082736262852,,-0.1550174874893354,1021.0,1835.0,1.7972575905974535,27,33.6987764182425,18,12.90505675954589,14.786713286713239,1.1458076909096495,0.7155222875466815,2.993098111937578,0.6243517693215657,20.750146338853764,6.279869115391934,272.8635049161365,956.2469635627531,-18.155406042185874,False
215,0,20,1203.857142857143,21,21,True,31744.28192007528,4815.428571428572,2007.7247785847642,2379198.9523809524,0.38382962583230756,0.06987276422600307,19.0,-0.4060150415188202,936.0,1655.0,1.768162393162393,17,24.48701298701299,17,7.2328431372549025,10.69999999999985,1.4793629278210567,1.4714854709617236,5.287538121279858,1.217126827443323,29.42970941923447,6.231660383284136,280.79741379310343,75.1557881773399,-127.96922644034323,False
216,0,9,1115.9,10,10,True,28227.12708154808,4463.599999999999,2242.035359431879,2434625.7,0.5637624411498666,0.11648426861061079,8.0,-0.37813605544025114,945.0,1488.0,1.5746031746031746,9,44.34545454545455,7,26.000000000000053,204.50000000000006,7.865384615384602,0.8708086221932994,1.4384220313838652,0.38316570452928017,7.837277599739694,1.2249084121012543,279.8676075268817,617.5793010752689,-296.16932188611736,False
217,0,9,1129.6,10,10,True,28724.691571066727,4518.4,1745.6945400502523,1941795.6,0.3839992293240445,0.08571824736133925,8.0,-0.4508295832106658,999.0,1486.0,1.4874874874874875,9,30.727272727272748,8,29.392857142857178,502.99999999999955,17.11300121506679,0.32616253218094776,0.6396304959618951,0.2203751996721833,2.93546278962853,0.9247394958940873,287.0962314939435,487.8506056527591,-168.67143834707483,False
218,0,30,1095.1935483870968,31,31,False,27671.563735637443,4380.774193548387,1907.7396486585703,2033771.8709677418,0.4783273608071655,0.1011349737381155,,-0.18017155873219992,804.0,1443.0,1.794776119402985,27,23.656048387096792,18,15.932920536635695,14.516483516483518,0.911099975871011,1.362515834383266,7.275846396126624,1.4298783925683538,40.87547503149798,14.559618236858318,291.65861027190334,1088.9146525679757,,
219,0,15,721.9375,16,16,True,14615.817925072657,2887.75,1897.8908348807438,1361934.25,0.5491993442059375,0.08308070373714901,,-0.16744249209166406,636.0,791.0,1.2437106918238994,14,9.810294117647073,9,7.399999999999959,5.428571428571431,0.733590733590738,0.8981199644762266,2.073720125061913,0.5877503051268907,13.471799467143398,1.6841183674588176,268.6880616174583,214.11810012836972,-80.86863084341233,False
220,0,30,1510.4666666666667,30,31,False,44790.45676217854,6041.866666666667,1816.6683503974514,2692659.466666667,0.37021795431690807,0.07097780573814948,7.0,-0.3253648305369603,1366.0,1854.0,1.357247437774524,25,23.505546665949538,17,-4.310294117647068,13.149450549450544,-3.0507084181597923,2.8575943935554005,8.684619837450176,2.181378617836786,87.6186817252755,24.11643797733893,307.00621118012424,921.8814229249011,,
221,0,25,1199.1538461538462,26,26,True,31564.78480565391,4796.615384615385,2294.747003157711,2676952.1153846155,0.44853069775639176,0.09188365348231173,,-0.28018550593890357,988.0,1704.0,1.7246963562753037,25,25.15897435897438,17,13.37499999999998,43.766666666666616,3.2722741433021816,1.261102348418685,4.198333008639022,1.0170313290731252,31.527558710467122,3.3518457183747024,344.8092723004695,1204.6807511737088,-111.06927788518168,False
222,0,30,1293.8709677419354,31,31,False,35126.50492911004,5175.4838709677415,2703.4415411556424,3476728.6774193547,0.3887048036345814,0.09993617131733193,,-0.1635834166368597,1139.0,1511.0,1.3266022827041264,28,10.421774193548412,14,19.153846153846136,22.23039215686273,1.1606228836916297,0.7788175602925069,3.2277050645789083,0.7068782714639685,23.364526808775206,0.8982987547017345,306.44827586206895,994.2139338494019,,
223,0,22,1144.608695652174,23,23,True,29432.047272352553,4578.434782608696,2275.5769378566883,2543345.217391304,0.4918684543398588,0.09786063242142007,,-0.1422579496961867,885.0,1527.0,1.7254237288135594,22,27.38438735177867,17,17.120098039215694,46.05714285714294,2.6902382656713404,0.7433434626132326,1.9742325935713914,0.42892925232415824,16.353556177491118,3.9628573248622954,342.3032089063523,632.1768172888015,-90.1436921352234,False
224,0,11,761.6,5,12,True,15814.145314399182,3046.4,2534.9519547196733,1932158.4,0.40680173872082426,0.07172802109990184,,-0.16263326602369488,775.0,779.0,1.0051612903225806,9,-0.0984848484848415,9,-8.921052631578949,-9.000000000000096,1.0088495575221346,0.2675899243002633,0.31982340885444743,0.050866439172608274,3.0778788607589167,1.0557840395315408,338.4927726675427,707.9618922470434,,False
225,0,19,1211.5625,16,20,True,32207.259138354155,4846.25,3060.174188428599,3531877.0,0.37086337410167725,0.0777389794509596,,-0.27747679623810045,1157.0,1831.0,1.5825410544511669,19,36.925966101694904,13,7.598901098901137,89.67857142857144,11.801518438177817,0.8674714631625042,2.213161265396447,0.5386578881856787,15.269275357422746,9.186288569021384,348.47405789186234,1025.2370289459311,,False
226,0,19,1167.15,20,20,True,30056.176376338506,4668.6,3765.700301917101,4366075.15,0.3301524861275452,0.08065876065695225,,-0.1745325829693697,1059.0,1435.0,1.3550519357884796,19,11.296992481202997,16,6.7044117647058785,103.7999999999999,15.482342618995387,0.6391643413295885,2.005428295428398,0.418117384095639,12.144122485262182,1.313459590523795,338.9616724738676,984.587456445993,66.45037198488086,False
227,0,14,1143.4,15,15,True,29229.369728171576,4573.6,2104.4197506923733,2356768.533333333,0.500336454488013,0.10713941701096526,,-0.28049291055345354,902.0,1537.0,1.7039911308203992,14,25.175000000000004,13,21.983516483516496,407.99999999999955,18.55936015995998,0.8380405127876711,3.8555568224028773,0.9179213875139843,11.732567179027395,1.1525692316739924,341.57254391672086,1085.238126219909,-129.82461909386817,False
228,0,29,1405.423076923077,26,30,True,40272.50661529541,5621.692307692308,772.1408922750281,997652.1923076923,0.4445813419657946,0.07230744680340793,7.0,-0.36363077197498456,851.0,1736.0,2.0399529964747356,21,28.941748633879783,7,33.8928571428571,15.516241725913199,0.4578027063493889,0.7689703173289176,2.994383080819194,0.6316795927321617,21.478021688248223,1.2836070961314319,316.4363859864782,93.00061462814998,1.4736009579424008,False
229,0,30,1222.6774193548388,31,31,False,32433.50983553297,4890.709677419355,1384.4932110434397,1664532.8064516129,0.49597620158968897,0.09826268260673038,,-0.27214048875701374,1000.0,1576.0,1.576,29,14.51250000000002,16,15.554411764705867,50.98214285714285,3.2776644741285024,0.6065236028677248,1.9433839242557402,0.5022110645469323,18.195708086031743,2.1080165122808685,314.32752846617547,202.76758204956462,,
230,0,30,1237.1935483870968,31,31,False,33147.48849916697,4948.774193548387,2451.4868501915835,2950308.709677419,0.42374601219974284,0.10134415428160132,,-0.18452020440995553,955.0,1654.0,1.7319371727748691,29,23.6810483870968,18,8.670794633642915,34.785714285714256,4.01182541571735,0.7996555435916303,2.967870575891371,0.5624234943315343,23.98966630774891,4.72232058403862,311.1319534282018,526.8460543337645,,
231,0,13,733.5,14,14,True,14958.765290407606,2934.0,2520.0468865036996,1843068.5,0.6025348003924125,0.1342421288389472,,-0.11563721624168509,731.0,811.0,1.109439124487004,13,6.832967032967036,3,-31.999999999999954,6.154545454545444,-0.1923295454545454,0.9019178030198284,2.5992985914765163,0.7872004423629099,11.72493143925777,3.793507955111582,320.7731196054254,1287.7287299630086,-44.82535877788412,False
232,1,16,1088.0625,16,16,True,27107.63329539959,4352.25,2030.9789147073243,2167868.4375,0.6108941254557704,0.14280096563733213,,-0.28400881481357465,969.0,1253.0,1.2930856553147574,14,23.1014705882353,9,11.047619047619062,17.39285714285714,1.5743534482758597,1.1414784224644992,5.0567880776062335,1.1944358220018156,17.122176336967488,9.502058440875622,721.0532889258951,52.42964196502914,-133.26661475013984,False
233,1,15,969.2666666666667,15,15,True,22792.27822863114,3877.066666666667,1687.5480646504855,1613892.1333333333,0.6183429168430419,0.1295806742396999,,-0.152367801324684,836.0,1135.0,1.3576555023923444,15,21.7142857142857,6,34.39999999999998,29.406060606060578,0.854827343199436,0.7756846141674593,1.4993363584285575,0.42040491543518504,10.85958459834443,3.1932568081943273,528.2088105726872,136.00881057268722,-86.48389754932299,False
234,1,21,1027.5714285714287,21,21,True,24846.226228047373,4110.285714285715,2222.271268071555,2295843.8095238097,0.5260978260105871,0.09782351796948718,,-0.278560648210323,1013.0,1106.0,1.0918065153010859,17,-3.093506493506488,15,-2.228571428571413,40.28571428571432,-18.07692307692322,2.094668827158672,10.304283320075974,2.440399188525127,41.893376543173446,10.957113867400542,566.9145775301764,778.9257195914578,41.406198239516826,True
235,1,12,826.1666666666666,12,12,True,17902.49825642805,3304.6666666666665,3023.305532449826,2476689.8333333335,0.6453055602820742,0.17179555707256558,,-0.11213804236631025,740.0,930.0,1.2567567567567568,12,18.013986013986038,4,-0.9999999999999002,16.616666666666674,-16.616666666668333,0.680012949028773,1.271006553122295,0.33519625856529905,7.480142439316503,2.628155958497749,585.8376344086022,618.0752688172043,14.637090747289134,False
236,1,20,900.6,20,20,True,20406.85612563108,3602.4,1854.0124027774193,1649932.95,0.7589480838468607,0.1549771664541229,,-0.16606046683767883,770.0,1093.0,1.4194805194805196,20,14.933834586466187,16,13.678571428571438,44.10000000000011,3.2240208877284653,0.7401009160514277,1.6279307077461824,0.4006337932941607,14.061917404977127,3.142435836931993,939.0731930466605,1250.010978956999,83.67719231113905,False
237,1,13,750.8461538461538,13,13,True,15565.042183887052,3003.3846153846152,2149.5372470057027,1565586.0,0.92404053006301,0.2067741639535679,12.0,-0.44569999451290476,666.0,939.0,1.40990990990991,13,23.15384615384616,11,15.072727272727287,44.00000000000009,2.9191797346200277,0.6756356492878043,1.6908233658784158,0.44221085186370324,8.107627791453652,1.97114335011259,971.2151224707135,753.0404685835996,-302.57513436530934,False
238,1,20,989.05,20,20,True,23474.588888529914,3956.2,2728.730409168242,2677048.3,0.6548813892778063,0.13298942272821818,,-0.14468655899076036,844.0,1174.0,1.3909952606635072,20,14.666917293233102,15,17.540659340659357,41.485714285714245,2.365117153238938,0.6020934800939128,1.3430230226325213,0.3208157970063001,11.439776121784345,1.4941215991104675,975.3534923339012,826.782793867121,113.44786531917974,True
239,1,16,845.1875,16,16,True,18532.512983349796,3380.75,1345.7047564514162,1124186.6875,0.4328416157269926,0.12005932540571347,,-0.19386757114090203,733.0,976.0,1.3315143246930423,15,12.419117647058854,10,15.516666666666671,32.21428571428575,2.076108638944301,0.7892701070372691,1.6989037678241659,0.4008183456713104,11.839051605559035,1.0389066169235837,992.0348360655738,281.43954918032784,-83.61677501188714,False
240,1,16,775.125,16,16,True,16250.23095458523,3100.5,2211.0392807498065,1714377.125,0.5708345016225916,0.12450989381733053,,-0.19178517946564536,857.0,857.0,1.0,1,-6.017647058823504,8,-20.999999999999876,3.9833333333333645,-0.18968253968254228,0.8666083327203216,1.8640470686455346,0.5181870318490757,12.999124990804823,0.9439403717221498,788.8795944233207,1035.6083650190114,-146.1754172772578,False
241,1,9,821.0,8,9,True,17707.259691228926,3284.0,1756.5730243616163,1440245.5,0.7125994655354662,0.158589032201251,,-0.13083136909121837,780.0,895.0,1.1474358974358974,9,11.603603603603599,8,9.385093167701848,64.99999999999997,6.925876902713443,0.547540073390726,1.3190162814901425,0.37019471036156665,4.044454721307678,0.8495385334027871,813.2927374301676,645.4167597765363,-81.91295340591932,False
242,1,30,1020.8333333333334,24,30,False,25256.852579000177,4083.3333333333335,1519.7549719105893,1323188.2916666667,0.7004211493580081,0.14179677189404422,16.0,-0.4118727398760992,654.0,1323.0,2.022935779816514,28,29.82967032967033,16,9.576744186046472,7.263560944479918,0.7584582822065026,0.5669228140463213,4.000313913095379,0.7858265647512591,14.736148114419874,5.597462335771733,810.2435114503817,784.1045801526717,,
243,1,29,1097.2758620689656,29,29,True,27662.701569475048,4389.103448275862,1356.1976509626531,1453949.2758620689,0.45940110004863804,0.09742733691217492,,-0.12243564689738594,827.0,1410.0,1.7049576783555018,29,22.550738916256154,10,13.116666666666607,22.160902255639094,1.6895224083079436,0.810445014802122,6.321804533816529,1.1259834760242338,22.69246041445942,1.4491671680022291,837.2014184397163,143.8595744680851,-20.99293785577428,False
244,1,15,853.6666666666666,15,15,True,18797.664504057997,3414.6666666666665,1969.0412949515705,1670916.2,0.5179669215859871,0.11629563172624975,,-0.13829659379747902,805.0,971.0,1.2062111801242237,14,11.267857142857157,5,-3.699999999999977,19.327272727272717,-5.223587223587253,0.5037493988825413,1.1018183136676258,0.3125862713380392,7.052491584355578,0.624571106525646,215.35281837160753,1236.2995824634656,-92.08755197103687,False
245,1,20,1040.9,20,20,True,25407.235466292943,4163.6,1433.2893626417908,1455028.0,0.5649220196097102,0.10090368158435208,,-0.18109913272982145,868.0,1318.0,1.5184331797235022,20,20.76090225563911,18,14.416666666666641,20.500000000000032,1.4219653179190799,0.8744729948692561,2.3229272389718503,0.5400984022625526,16.614986902515867,1.1411724692549894,221.54172989377844,1330.6464339908953,-60.104668383372406,False
246,1,15,904.4,15,15,True,20496.628900575575,3617.6,1537.8069028707116,1383280.9333333333,0.47599026585055354,0.10164794685859078,,-0.181854238355332,822.0,1014.0,1.2335766423357664,14,13.81428571428571,11,9.157575757575744,12.000000000000053,1.3103904698874995,0.4992455551846284,1.2375482851573372,0.3227678203633461,6.989437772584798,1.3886892617252986,144.16161616161617,1293.110101010101,-84.16044118705697,False
247,1,8,1063.142857142857,7,8,True,26368.529873731495,4252.571428571428,2868.3075827463576,2894425.5714285714,0.6424759576996635,0.1385481605214359,8.0,-0.40325187761495657,893.0,1456.0,1.6304591265397537,8,65.69565217391299,7,20.47674418604653,242.99999999999977,11.867120954003385,0.6804186918790226,2.2746560088527605,0.7247792805459037,4.3429529129720095,2.495507576034916,137.57074175824175,739.404532967033,-480.61569302606443,False
248,1,13,735.1538461538462,13,13,True,15034.485896319618,2940.6153846153848,1900.4981794571434,1386213.6153846155,0.4607329739786056,0.09116187046876836,,-0.0884293181926941,658.0,887.0,1.3480243161094225,13,14.47252747252747,11,11.042424242424225,70.0,6.339187705817793,0.5373288144002336,0.9541763105667362,0.2151648748051087,6.447945772802804,1.0678029150826658,45.96730552423901,1010.4847801578354,-25.436148505697133,False
249,1,7,698.5,6,7,True,13980.694927553663,2794.0,1989.0648329813257,1357022.3333333333,0.7411868795350215,0.16255541633302953,,-0.12578715820002195,627.0,859.0,1.3700159489633175,7,35.04968944099378,6,0.5999999999999471,62.99999999999972,105.0000000000088,0.4359170370856994,0.9304701584363447,0.2791648665870497,2.4021014580192035,0.9945137954650825,121.54365541327124,267.8684516880093,-116.81376529456315,False
250,1,16,801.375,16,16,True,17223.146710477427,3205.5,978.7360347976705,754746.125,0.615702236326897,0.09230346747212587,12.0,-0.3387310733708832,688.0,1114.0,1.619186046511628,16,24.852941176470623,12,11.83636363636361,62.69999999999999,5.297235023041486,0.7333160427075109,1.5403888629188467,0.3930440312720996,10.999740640612664,1.0166511124374837,131.4452423698384,101.40933572710952,-25.646344763552516,False
251,1,15,712.0666666666667,15,15,True,14350.960412356591,2848.266666666667,1306.3784991575199,918452.8,0.7931570413882129,0.15367927844803717,,-0.1700686439841315,684.0,834.0,1.219298245614035,15,11.799999999999997,4,-67.99999999999993,12.821678321678323,-0.1885540929658579,0.8932480751165655,1.9709492865530955,0.6555980018225371,12.505473051631917,1.5123438376269194,383.4064748201439,50.87290167865707,-65.74391673755612,False
252,1,18,805.5294117647059,17,18,True,17245.996232210073,3222.1176470588234,2246.037790294453,1793373.0588235294,0.4567247190897573,0.09085199148942054,,-0.14160548649102747,725.0,960.0,1.3241379310344827,18,13.304125138427475,9,9.988095238095237,18.322580645161295,1.8344419239494028,0.5891871822691781,1.4514567354918924,0.3969781685941338,9.559031238195193,4.45082815482114,431.25625,407.9625,-139.03108949198224,False
253,1,8,632.5,6,8,True,11967.44290231081,2530.0,2032.742344967112,1285122.6666666667,0.6696813043218298,0.12719710628105677,,-0.08002833999113992,612.0,642.0,1.0490196078431373,6,3.7627118644067905,4,13.99999999999994,1.457142857142809,0.10408163265305823,0.3610251519678557,0.6791065368485601,0.18466180686270384,2.282332291385031,0.3267002087541043,436.0579029733959,196.5868544600939,-22.080537456882404,False
254,1,14,988.0714285714286,14,14,True,23516.233442945068,3952.285714285714,2395.254463835811,2288632.714285714,0.5641217671692895,0.13466058061683484,,-0.1737120484470498,837.0,1252.0,1.4958183990442055,14,30.063736263736274,9,28.559523809523796,57.65714285714277,2.0188411838265923,0.9918583086203004,2.0825249013628055,0.6253684501283285,12.894158012063906,1.0893205175586842,335.50399361022363,480.4488817891374,-194.44171482102035,False
255,2,28,1449.8148148148148,27,27,True,41600.836669554665,5799.259259259259,1280.2168886206957,1865325.0,0.37877449697206333,0.07486429944146135,,-0.24225312345591868,1393.0,1617.0,1.1608040201005025,19,0.7582417582417484,17,-9.089285714285745,-16.209790209790192,1.783395386538797,3.540561679324465,11.98816063819266,2.6234689900437136,92.0546036624361,4.100310984163288,630.0490483162519,231.2108345534407,44.343326131931434,True
256,2,18,414.5,12,17,True,6378.810343560202,1658.0,456.47745107494205,190444.58333333334,0.5627444378924087,0.1317903135583178,12.0,-0.4752913255249321,391.0,475.0,1.2148337595907928,16,4.138237911598942,13,-6.471428571428578,-3.5945945945946103,0.5554561183700275,0.716351715230151,2.5139356613416806,0.7041417724863548,9.8079265556982,0.8754103423259166,504.85377358490564,349.64622641509436,-7.443091601997216,False
257,2,8,310.25,4,7,True,4110.899685671844,1241.0,962.0101881330643,298303.0,0.38387094388864695,0.11005785620548161,,-0.19898496195119592,309.0,312.0,1.0097087378640777,7,0.6483516483516385,7,-0.5000000000000088,-2.1389516141052747e-14,4.2779032282104743e-14,0.21054191591105068,0.29585606085284005,0.10412771028158505,1.0553573630106998,0.46652514829794345,296.87179487179486,943.2211538461538,-58.44964757464752,False
258,3,13,799.1428571428571,7,11,True,17050.58558280925,3196.5714285714284,1175.871569836128,945935.2857142857,0.5128114494650723,0.08388082954139962,13.0,-0.34279405691048304,809.0,877.0,1.084054388133498,9,-7.902439024390283,12,5.139830508474585,-181.00000000000034,-35.21516900247321,2.027193373661597,5.986341091106381,1.9161488241691835,13.335474458803,8.79827243238883,582.4832535885167,1007.5869218500798,-142.34020529301347,False
259,3,17,419.75,4,15,True,6498.062791458246,1679.0,1584.3527687230421,665355.75,0.23994467288583354,0.07572248894452022,,-0.22178167554918718,447.0,481.0,1.0760626398210291,17,4.360869565217392,9,-35.50000000000004,13.249999999999998,-0.3732394366197178,0.45629362779463567,0.6621595255781505,0.1610138645899099,5.901755393859343,5.231076984222987,286.5779625779626,43.11226611226611,,False
260,4,20,1040.909090909091,11,17,True,25396.80485445443,4163.636363636364,1780.0601311964901,1832735.6363636365,0.5441326011707768,0.1149953406109881,,-0.11171367107906811,875.0,1301.0,1.4868571428571429,20,23.788267026298044,18,17.148437499999986,76.50000000000011,4.4610478359908985,0.3070266428865691,0.5435317954687746,0.11886088901387881,4.776888745759977,1.8348234783679966,613.1760184473482,551.8216756341276,53.83129803966511,False
261,6,30,1246.3809523809523,21,25,False,33188.459602528696,4985.523809523809,952.3768107794406,1192587.4285714286,0.4633124730349434,0.08152094382934982,,-0.21068808731653962,1088.0,1431.0,1.3152573529411764,27,10.904955218883378,27,13.742572242572246,-64.09999999999954,-4.664337859649608,2.7877544783210966,10.162201692476513,2.3800641919267638,58.27534916230292,8.328348722354725,991.2549504950495,234.57343234323432,,
263,8,16,342.0,4,9,True,4771.946528341731,1368.0,223.21462091897763,71541.75,0.7194607694000952,0.11794965436310939,15.0,-0.8168901806103384,300.0,371.0,1.2366666666666666,15,8.748387096774197,15,4.333333333333331,-9.589796176066709e-14,-2.2130298867846262e-14,0.7676346163124604,1.8266366539921313,0.7621239293080463,2.6255951865766693,1.0556010348235678,100.9245283018868,398.7088948787062,-309.0725447720476,False
270,17,27,1112.8333333333333,6,11,True,27968.99390409789,4451.333333333333,1518.3283978693769,1694114.3333333333,0.3983905625257189,0.09170252474529313,,-0.19568870750279613,1152.0,1203.0,1.0442708333333333,24,-12.008403361344513,26,6.4299065420560995,58.999999999999595,9.175872093023157,2.267757260227996,3.350860023096993,0.8847595895839007,24.57685650367572,9.692309090640364,810.7142857142857,334.7361904761905,-10.796346251760497,False
275,19,28,1465.25,8,10,True,42633.35244949397,5861.0,1427.9848543609,2088507.25,0.4216277831693776,0.10767349450046741,,-0.09971186981938827,1250.0,1784.0,1.4272,28,76.74789915966379,21,-253.99999999999733,56.02162162162164,-0.2205575654394576,1.1892118935480251,2.984535067844488,1.0253493661251425,9.068151163526666,3.8562203926139142,1015.5941704035874,1034.286995515695,-16.167266394246823,False
277,20,28,655.1111111111111,9,9,True,12969.218871514111,2620.4444444444443,1494.699333520732,1000787.3333333334,0.23396860067636918,0.06966609283052273,,-0.24303913376388028,456.0,964.0,2.1140350877192984,24,45.8666666666667,24,-5.400000000000111,-10.30000000000012,1.9074074074073903,1.9725799149824776,3.4531109971206058,1.053775808005063,15.780639319859821,2.7977217704761697,53.96812749003984,602.078353253652,53.51147988171802,True
