track_id,first_frame,last_frame,mean_area,num_detections,lifetime,disappeared,mean_volume,mean_surface_area,mean_fluor_intensity,mean_fluor_total,mean_cv,mean_nnrm,fluor_disappearance_frame,max_drop,area_initial,area_max,area_rel_max,frame_of_max_area,growth_rate_px_per_frame,changepoint_frame,slope_before,slope_after,slope_ratio,mean_speed,max_speed,speed_std,total_displacement,net_displacement,last_y,last_x,preburst_slope,preburst_spike
1,0,5,661.8333333333334,6,6,True,12828.644998395728,2647.3333333333335,3281.931479392623,2176118.1666666665,0.602637648833757,0.21134047577639292,,-0.2724813395333878,671.0,731.0,1.0894187779433682,1,-9.628571428571359,2,59.999999999999886,7.299999999999993,0.12166666666666677,1.10248048835874,1.7563118588251037,0.3457283004727165,5.5124024417937,3.596986053662356,649.613601236476,660.8948995363215,24.099402874319395,True
2,0,11,1290.3333333333333,9,12,True,34916.25376778154,5161.333333333333,3297.3953588068525,4245088.777777778,0.5259166154424849,0.1259170516550419,11.0,-0.3421867571809041,1175.0,1413.0,1.2025531914893617,8,7.804270462633424,8,21.68279569892479,-70.90000000000022,-3.26987354326804,0.8840791103374747,2.3998110540134587,0.6841118818788527,8.498645175304603,3.336296465946492,658.5089209855565,607.2701784197111,-137.01432849590313,False
3,0,12,719.3333333333334,6,13,True,14723.33535908888,2877.3333333333335,2936.8291512015844,2084386.5,0.344753336380949,0.05525068887824713,,-0.20610844604765755,667.0,1038.0,1.5562218890554722,12,27.951923076923052,8,-0.6666666666666469,84.4999999999999,-126.75000000000361,1.2595408181871115,3.2640996064452144,1.062668647378243,13.310861263855791,10.908119144842743,646.4036608863198,636.4084778420039,,False
4,0,16,1163.8823529411766,17,17,True,29910.346231512587,4655.529411764706,2739.283326779813,3170967.3529411764,0.687504012359587,0.15428545311673866,,-0.19303655713337833,1024.0,1271.0,1.2412109375,15,10.556372549019587,10,15.830303030303073,24.964285714285698,1.5769935462699576,0.8560924927355521,2.100053135071043,0.46099246293181523,13.697479883768834,4.775997233927899,666.8272727272728,1201.3413223140496,-99.4997626222002,False
5,0,13,1392.4285714285713,14,14,True,39263.79445923278,5569.714285714285,1975.861160104226,2693712.0714285714,0.618252771595805,0.1318141552744728,,-0.28021600231294025,1250.0,1733.0,1.3864,12,27.77142857142854,12,12.569930069930075,-33.00000000000036,-2.6253129346314603,1.1302679148102035,2.574042927941061,0.6812291254609679,14.693482892532645,3.518200666253573,668.0941176470589,516.9882352941177,-70.80843779876237,False
6,0,12,1142.1538461538462,13,13,True,29067.92156518775,4568.615384615385,2328.4270079908297,2639838.4615384615,0.7827002731132349,0.16119249136373973,,-0.2021454512546993,999.0,1222.0,1.2232232232232232,8,14.236263736263789,9,22.066666666666666,4.600000000000074,0.20845921450151395,0.489418676599268,1.143405145810621,0.3359276637806624,5.873024119191216,3.690680817020607,680.013104013104,1022.7714987714987,-130.10410285474694,False
7,0,19,1126.6315789473683,19,20,True,28733.68517556283,4506.526315789473,2539.6011081344736,2775448.947368421,0.661108891873553,0.13930492706649586,,-0.16623713347438376,909.0,1540.0,1.694169416941694,19,30.59930495221549,13,13.148351648351655,55.89440993788816,4.251058340449495,0.7598700948030597,1.6885488056168656,0.44600751272098904,14.681976061372273,5.822117779716739,680.2857142857143,241.162987012987,-48.49317652011326,False
8,0,15,1030.875,16,16,True,25035.241150845435,4123.5,2403.360485535719,2413204.8125,0.613801200133119,0.1379070086052792,15.0,-0.4468102460276957,856.0,1355.0,1.5829439252336448,15,24.65294117647058,11,15.754545454545479,82.00000000000016,5.204847085978074,1.0716188661987982,5.4240233525538715,1.2492270119958762,16.074282992981974,6.236656824518035,689.9335793357934,957.3520295202952,-121.4769975432421,False
9,0,14,1252.0,14,15,True,33554.90262140539,5008.0,2425.0832413046382,2999025.785714286,0.732623920711848,0.15525493675021385,14.0,-0.43593597040409787,1142.0,1561.0,1.3669001751313485,13,21.787500000000023,9,26.133333333333262,105.26744186046503,4.028090887517806,2.4654649323787066,4.12902791798199,1.007518327913074,32.961375998264224,6.4512391618642875,686.9891304347826,918.5360054347826,-20.356257417084805,False
10,0,15,1109.9333333333334,15,16,True,27968.993782566235,4439.733333333334,2120.1611825130544,2278810.066666667,0.7264536091764524,0.15327602840488416,,-0.25955667813877764,929.0,1470.0,1.5823466092572658,15,25.760678391959857,13,13.53846153846157,136.0000000000003,10.045454545454545,0.582547885742122,1.0424089029857073,0.2633527233560246,8.48016273406526,2.836859850564903,691.5564625850341,339.1340136054422,-220.4441603264828,False
11,0,13,1251.4285714285713,14,14,True,33444.175526547195,5005.714285714285,2900.918525776312,3570722.214285714,0.7038547517902066,0.14686722115849588,,-0.2697776267290835,1099.0,1610.0,1.464968152866242,13,22.272527472527454,11,19.827272727272746,278.50000000000006,14.046309032553864,0.8751309587169689,1.834089041907074,0.48315554465935534,11.376702463320596,3.460797139919519,695.3347826086956,792.2478260869565,-226.598189798915,False
12,0,10,1172.5454545454545,11,11,True,30219.854226949687,4690.181818181818,3532.6637927747706,4132556.4545454546,0.6172705230140302,0.16214158346559707,10.0,-0.4254108630596108,1084.0,1260.0,1.1623616236162362,8,9.963636363636377,8,11.892857142857181,-52.00000000000005,-4.372372372372363,1.0229830722289304,2.7110887663210983,0.771729187554588,10.229830722289304,6.028092981545304,700.7474048442907,731.2811418685121,-89.21108205042769,False
13,0,7,1157.75,8,8,True,29660.308359383518,4631.0,3342.500492562628,3877436.0,0.6795577580524138,0.16929083027061942,,-0.2714962017840605,1109.0,1231.0,1.1100090171325518,6,0.023809523809559335,6,16.20000000000007,-192.99999999999963,-11.913580246913506,0.6583003903964829,1.4430090079413627,0.4355082958980593,4.6081027327753805,3.4400852224567453,700.1840077071291,688.1926782273603,0.9471059337730717,False
14,0,16,1302.1176470588234,17,17,True,35414.77215472927,5208.470588235294,1705.5912716546823,2204093.470588235,0.6375403971196512,0.150858558869452,,-0.25020876319607976,1132.0,1492.0,1.3180212014134276,15,16.840686274509807,13,12.021978021978057,-19.700000000000053,-1.638665447897623,0.5147025673368607,1.1183350375766161,0.2526559264299687,8.235241077389771,1.507097908389887,646.9195318215069,214.3057790782736,-37.68759818948097,False
15,0,8,1308.6666666666667,9,9,True,35648.132697091954,5234.666666666667,2640.317744826669,3444728.4444444445,0.7384891877433204,0.1613509229978934,8.0,-0.32629439439405367,1286.0,1389.0,1.0800933125972005,8,-4.13333333333333,6,7.942857142857161,112.5000000000002,14.163669064748195,1.0416693765867246,1.811273059231938,0.5341969751097708,8.333355012693797,3.5861153041864484,711.6918646508279,400.5752339812815,-121.66532542526156,False
16,0,18,851.7647058823529,17,19,True,19476.250956411284,3407.0588235294117,2250.104694104594,1825534.705882353,0.8355592847586233,0.18420031863685,14.0,-0.38871007219298614,755.0,1933.0,2.5602649006622515,18,31.81396438612934,16,12.96350078492935,529.9999999999995,40.88401804365594,3.2539679600762668,24.558336274209697,5.889533323190303,52.77969772018295,23.364180622484472,709.0444904293844,551.1272633212623,-156.28447926848528,False
17,0,18,1510.4444444444443,18,19,True,44272.41785131631,6041.777777777777,3169.468025926528,4745950.777777778,0.6282735618732278,0.14823214117031222,,-0.20413822762847153,1332.0,1772.0,1.3303303303303304,18,18.753427686864264,12,8.265734265734322,5.357142857142866,0.648114575779547,0.46945187645441855,0.9527244110894267,0.2602653748164988,8.257527598880861,2.1293996940063975,731.1625282167043,657.1777652370204,-174.56211201630288,False
18,0,15,952.5,16,16,True,22139.66268091137,3810.0,3367.8796781949636,3195255.875,0.7848335776963029,0.19922571057927055,,-0.21670252358088507,906.0,1041.0,1.1490066225165563,15,1.1970588235294244,13,-7.3901098901098425,22.00000000000007,-2.9769516728624823,1.1881490624917856,2.7724840789877243,0.7396687991279063,17.822235937376785,5.172511272919202,732.747358309318,736.4034582132565,-67.53394866715493,False
19,0,29,1287.1153846153845,26,30,False,35402.83398956942,5148.461538461538,1947.6408600602565,2257708.0,0.5701264641740862,0.13380802897015895,,-0.2250165356832232,920.0,1828.0,1.9869565217391305,29,30.858762727553216,18,10.029411764705872,20.576782449725744,2.051643997919871,1.4004085476782777,4.595854762056588,1.0212395111239145,39.38548394269724,9.101164017876867,734.2155361050328,1143.3063457330416,,
20,0,14,1269.0,15,15,True,34140.25416185914,5076.0,2224.406152103534,2772030.7333333334,0.6648947602057349,0.15056419794533213,14.0,-0.4889738898432347,1215.0,1653.0,1.3604938271604938,14,19.79999999999997,11,4.472727272727344,171.89999999999984,38.43292682926764,0.6482538994766678,1.6638985124535715,0.3861677441942884,9.075554592673349,1.7939461240478771,738.7568058076225,805.431941923775,-120.99256966071403,False
21,0,14,703.3846153846154,13,15,True,14135.729902677265,2813.5384615384614,1665.9692886592654,1181139.6923076923,0.4984226108726286,0.11692589725833097,14.0,-0.514672325710565,741.0,894.0,1.2064777327935223,12,-5.160841232227502,12,-7.227272727272731,-180.00000000000082,24.90566037735859,1.9588201411663695,8.632507798279322,2.119592389203846,26.710154561313455,8.279965086600994,751.1498127340824,48.745318352059925,37.826387761232446,False
22,0,12,777.9090909090909,11,13,True,16369.64627076269,3111.6363636363635,2399.3791184824195,1859909.8181818181,0.4791128609898971,0.14265946461363058,,-0.14898875105562948,732.0,962.0,1.314207650273224,12,11.712244897959119,9,7.6999999999999575,85.99999999999994,11.168831168831224,1.0072324656607006,2.0266765708658814,0.6602517534002075,10.62079402915981,1.7880511936030123,744.2193347193347,690.8409563409564,-144.56138872645082,False
23,0,19,1163.3157894736842,19,20,True,29949.466323360888,4653.263157894737,1924.4346313928143,2211696.1578947366,0.6302089279879212,0.13722617454458955,,-0.19749606386494592,973.0,1378.0,1.4162384378211716,19,18.497132927888813,13,13.082417582417632,18.79503105590061,1.4366634406442242,1.570243521488405,10.654999970307326,2.284611861459519,28.74018917940205,18.710018482729954,729.5899854862118,239.74600870827285,-10.428728879850086,False
24,0,19,1077.3684210526317,19,20,True,26647.644300034797,4309.473684210527,2173.751883866157,2321831.947368421,0.6359496928745604,0.12720451195580124,,-0.2672327712381813,906.0,1234.0,1.3620309050772628,19,11.25021720243267,16,11.304411764705913,55.35714285714307,4.896950324295197,2.3305810909859948,9.927080023680562,2.450914072431694,44.62804034263405,12.33214214036874,743.8217179902755,538.8606158833063,-27.78649631625404,False
25,0,15,982.0625,16,16,True,23208.73065238351,3928.25,1500.1090199468777,1456075.625,0.5534781290960749,0.10146045318867644,,-0.23810893079498427,869.0,1210.0,1.3924050632911393,15,9.048529411764724,13,4.373626373626403,173.0000000000004,39.55527638190937,0.8495969506602298,2.0778157128496115,0.5257480439200024,12.743954259903447,3.331728293230522,751.9561983471075,78.52727272727273,-45.4096016480219,False
26,0,12,1354.6153846153845,13,13,True,37553.617819225685,5418.461538461538,2417.615713130145,3270699.3846153845,0.6657258930263025,0.146256086295244,,-0.21479279836175008,1272.0,1569.0,1.2334905660377358,12,12.818681318681325,11,10.872727272727332,275.0,25.29264214046809,0.5046035365250511,1.1092456957861743,0.26274534113094006,6.0552424383006125,2.731756699907944,755.4652644996813,349.92288081580625,-152.88942507219463,False
27,0,19,1437.4736842105262,19,20,True,41083.63152378995,5749.894736842105,2294.617127681354,3270433.736842105,0.643045529971008,0.14012640956918823,,-0.21560768164664865,1293.0,1668.0,1.2900232018561484,19,15.73492615117294,10,14.90909090909087,30.777941176470584,2.064374103299862,0.6212237625148879,1.38597666649934,0.33205413660750666,11.451651591380532,2.816402069567093,755.5695443645084,434.6726618705036,-34.884984319582244,False
28,0,11,892.75,12,12,True,20101.429060080427,3571.0,1866.7468211355717,1651944.4166666667,0.7168466812281996,0.15013364518707142,,-0.1812530089041065,777.0,975.0,1.2548262548262548,10,16.513986013986013,10,19.89090909090911,-40.999999999999844,-2.061243144424122,0.5595714202389845,0.9300882316882356,0.23117769635923077,6.15528562262883,4.193796813472824,754.1734475374732,916.6081370449679,-105.29838205590684,False
29,0,16,813.2352941176471,17,17,True,17478.937140314792,3252.9411764705883,2946.8189308434135,2376114.8235294116,0.5730351766934799,0.12124925087198989,,-0.1531668288919525,681.0,877.0,1.287812041116006,7,6.727941176470589,11,16.390909090909094,18.57142857142858,1.1330322478409003,0.6780636886619906,1.8013154019622848,0.4542527592089646,10.84901901859185,3.4009769762848134,720.179366940211,1088.6271981242674,-64.55638761848193,False
30,0,12,918.2307692307693,13,13,True,21048.54154430584,3672.923076923077,2832.5977710853044,2619862.153846154,0.5957338714674656,0.14594303972523945,10.0,-0.3450478154758087,944.0,1119.0,1.1853813559322033,12,-4.554945054945065,11,-9.118181818181778,406.00000000000006,-44.52642073778684,1.0391728158095537,4.699652845151113,1.1704259608411829,12.470073789714645,4.335484212580109,754.1939231456657,1131.1528150134047,-134.7003085705202,False
31,0,16,1129.7058823529412,17,17,True,28680.29516861315,4518.823529411765,2602.571532148528,2951964.411764706,0.5609911108153648,0.13709903539943044,14.0,-0.3057604348712095,1130.0,1396.0,1.2353982300884956,12,-3.313725490196102,12,-15.080419580419546,-97.60000000000002,6.471968467424083,1.2146054844629828,3.1383101474180974,0.7833250083417475,19.433687751407724,6.193616905370343,647.4678899082569,1256.361875637105,-103.0753564895056,False
32,0,28,1160.48,25,29,True,29926.94630266289,4641.92,1915.0358196872878,2232826.88,0.6597116009789317,0.1311854118265989,25.0,-0.9456359427755926,1118.0,1591.0,1.4230769230769231,23,-0.8937224669603497,21,-4.6662033014769575,-78.24000000000011,16.767379161391318,1.5510740104136562,5.565893716258692,1.225015326884742,41.18505157046328,7.654493572279254,628.4966183574879,519.3207729468598,-266.31786265472533,False
33,0,29,1142.923076923077,26,30,False,29682.980149021714,4571.692307692308,2372.6661804938276,2447299.0,0.6521136061541273,0.1403089774285945,10.0,-0.3288137207405291,886.0,1627.0,1.8363431151241536,27,27.48306849737734,10,15.25454545454549,47.49243126351561,3.1133298206118627,1.3010814002980648,9.526017357729254,2.2408122442915803,33.60124687858487,1.5688579539205363,561.3825338253382,940.1968019680197,,
34,0,19,1344.2631578947369,19,20,True,37408.61757773893,5377.0526315789475,1390.2728268204132,1805230.7894736843,0.6281324838696954,0.14314275314048705,14.0,-0.3800025017463775,1173.0,1932.0,1.6470588235294117,19,28.64109470026067,15,6.753571428571391,125.9999999999999,18.656795346377667,0.7204302481757523,2.02400132340064,0.42133095328781656,13.62946197584235,3.911208786927361,564.4689440993789,79.0031055900621,-87.91988197878717,False
35,0,19,893.3684210526316,19,20,True,20241.629934187244,3573.4736842105262,2302.8704995187422,2023207.6842105263,0.5475941891706364,0.14044214948416991,12.0,-0.3580477884168534,699.0,1074.0,1.536480686695279,19,6.28644656820158,12,25.377622377622412,63.01449275362319,2.483073150666328,0.99762648981253,5.874177026466554,1.2966531616388017,18.172397586696288,3.0662017584056134,561.1992551210428,1249.2495344506517,-57.428752666981886,False
36,0,13,1326.142857142857,14,14,True,36690.37779409909,5304.571428571428,2079.8983339610018,2645534.3571428573,0.6349549833875898,0.13709526868042027,10.0,-0.44362719242366994,1104.0,1874.0,1.6974637681159421,12,43.560439560439534,12,19.283216783216787,-69.00000000000021,-3.578241160471452,0.5508771770458633,1.0703356837507345,0.26156730873774714,7.161403301596222,4.140209537413909,565.5656509695291,333.8016620498615,-302.09981772240667,False
37,0,15,1080.875,16,16,True,26818.895891416672,4323.5,2055.8627825657677,2189510.0,0.5891608724488149,0.11263379388210003,15.0,-0.34204176595786495,943.0,1348.0,1.4294803817603394,15,17.682352941176493,11,16.372727272727268,82.20000000000009,5.020544142143261,0.9127102432420614,2.8689136876423302,0.7065203196633628,13.69065364863092,2.7936705976799936,568.3137982195846,189.6847181008902,-86.26536002297823,False
38,0,19,1204.6842105263158,19,20,True,31546.06884579637,4818.736842105263,2454.8982297531766,2933210.8421052634,0.7445059685174873,0.16864992078029728,,-0.2030732956624253,1131.0,1359.0,1.2015915119363396,19,-1.1297132927888418,11,18.954545454545443,38.90090090090087,2.0523257070019656,0.9854974419179877,1.9129286370186476,0.47267548812337934,17.887755963181032,3.806480001577922,570.5121412803531,848.6968359087564,-130.81578861593715,False
39,0,14,1360.4666666666667,15,15,True,37850.5167378093,5441.866666666667,2829.7013871204013,3824550.066666667,0.553844957838951,0.12622401143150538,14.0,-0.3580643444484158,1339.0,1568.0,1.171023151605676,14,8.296428571428558,10,3.187878787878755,101.99999999999997,31.9961977186315,0.8922747607167894,2.3642353571733548,0.5341221277854098,12.49184665003505,3.0858053665713943,572.2213010204082,1115.142857142857,-192.01217004135236,False
40,0,29,1314.0740740740741,27,30,False,36175.640217552675,5256.2962962962965,1991.7273437539968,2489584.703703704,0.5351246239316668,0.11916623044306816,,-0.2613609050325508,1045.0,1755.0,1.6794258373205742,29,22.34177914322207,23,13.729667657389884,26.3571428571429,1.9197218399497369,1.2849392389077454,3.689963446374444,1.1479941838890209,35.054617639915726,10.51850554703183,575.9396011396011,1159.82849002849,,
41,0,13,1482.5714285714287,14,14,True,43022.6422797918,5930.285714285715,2843.6896872829857,4196932.285714285,0.5212067156303861,0.10867781266885625,,-0.19274774080607018,1357.0,1713.0,1.262343404568902,13,17.942857142857086,12,7.0314685314685725,23.000000000000078,3.271009448035795,0.5561610488474404,1.0974657949139461,0.296027353478418,7.2300936350167255,2.126858084742057,582.2901342673672,1202.3876240513719,-89.15644378377259,False
42,0,29,1317.037037037037,27,30,False,36096.602880369515,5268.148148148148,1857.861350765982,2414809.111111111,0.5000111816147231,0.12014085670941016,,-0.26952097214476506,1375.0,1678.0,1.2203636363636363,29,8.883686009182243,27,4.258698599186607,18.000000000000384,4.226643323253331,1.3966785055102275,4.6628741273708885,1.1107747761435154,38.48560100083521,3.4990474626407657,582.9654350417163,128.6471990464839,,
43,0,15,918.0625,16,16,True,21013.67306048639,3672.25,2647.1335029570832,2382014.6875,0.556062675944049,0.14119369920425764,15.0,-0.3753626626125552,757.0,1170.0,1.5455746367239103,15,17.125000000000007,12,14.93706293706298,108.90000000000016,7.29058988764044,1.1788158507806759,3.5375157447051446,0.8989582192974661,17.682237761710137,1.9116668830434587,580.9111111111112,269.7401709401709,-37.37243252748269,False
44,0,10,1236.6363636363637,11,11,True,32807.495305211836,4946.545454545455,2912.8855243891717,3526133.727272727,0.7220980071921443,0.15469740841118826,10.0,-0.5028769897936746,1084.0,1504.0,1.3874538745387455,10,29.2727272727273,8,23.357142857142946,131.99999999999997,5.651376146788968,1.7262309898771258,2.70446044382055,0.7536785656970673,17.262309898771257,4.544560385049522,583.0864361702128,794.4760638297872,-215.07457577986665,False
45,0,11,813.9166666666666,12,12,True,17468.677268897092,3255.6666666666665,3576.6579984158,2911545.0,1.0239512204159027,0.21554060468079184,,-0.1467930658593456,806.0,834.0,1.034739454094293,8,0.8566433566433747,6,-1.999999999999979,-3.1714285714285673,1.5857142857143003,0.5643289614543042,1.1054602227500674,0.2832123212415446,6.207618575997346,3.0898707406867643,586.5859085290482,1041.3152039555007,-100.44190927165538,False
46,0,14,726.4666666666667,15,15,True,14757.396714575547,2905.866666666667,2786.523238392339,2010380.8666666667,0.4324120835012837,0.08933496258752391,14.0,-0.3082648265251588,611.0,835.0,1.3666121112929623,13,6.214285714285714,11,7.34545454545456,57.1999999999999,7.787128712871259,0.7240598412567374,2.6902890268626014,0.6991975354517378,10.136837777594323,3.7002390024633365,631.8345679012345,1214.1555555555556,-22.729265162801525,False
47,0,6,1084.5714285714287,7,7,True,26992.678285017475,4338.285714285715,2980.199533223201,3126723.714285714,0.5166031898878095,0.09414075152858323,6.0,-0.4682580875335227,997.0,1372.0,1.3761283851554664,6,48.392857142857146,5,20.099999999999977,286.00000000000074,14.228855721393089,1.6282427966374426,5.425777828611531,1.7424780119251446,9.769456779824656,3.3602487723842134,586.1836734693877,924.3804664723032,-365.38264224479525,False
48,0,14,1238.9333333333334,15,15,True,32866.728597073314,4955.733333333334,2630.331041326563,3240135.2666666666,0.5789041505877737,0.1448264535504168,14.0,-0.421730358706983,1148.0,1429.0,1.244773519163763,13,14.88571428571431,12,4.395104895104914,28.99999999999993,6.5982498011137185,1.129349198481825,3.2785308175597634,0.9151203532577346,15.81088877874555,4.825195420861485,595.4498220640569,307.6640569395018,-3.520932910347188,False
50,0,19,1119.4736842105262,19,20,True,29166.37179850475,4477.894736842105,3535.799884124275,3493191.3157894737,0.8130081837747191,0.18825428337661926,,-0.25758320973818133,913.0,1869.0,2.0470974808324205,19,49.41329278887927,13,-4.499999999999989,62.397515527950276,-13.86611456176676,1.2962293275678956,4.637940259390335,1.245986989379303,24.387047637895158,0.568126733971883,592.9464954521135,1273.9834135901551,-84.15006445035729,False
51,0,16,932.8235294117648,17,17,True,21549.821528336895,3731.294117647059,2085.2150208556127,1899941.8823529412,0.6118373118018868,0.13714909550258292,16.0,-0.3465866021545589,733.0,1158.0,1.5798090040927695,16,20.10294117647057,11,20.599999999999987,59.88571428571429,2.907073509015259,0.7581911640523398,1.3018616965084469,0.35863187751599623,12.131058624837436,2.228305218243602,592.4386873920553,1084.7461139896373,-85.09194586633734,False
52,0,19,1063.2105263157894,19,20,True,26185.71694751469,4252.8421052631575,1272.329112944102,1337809.0526315789,0.5929408277481051,0.13776651488285316,16.0,-0.34496971320178743,924.0,1367.0,1.4794372294372293,19,14.317810599478715,16,10.742647058823554,138.35714285714343,12.879241224210448,1.544865955323074,7.017082332777248,1.7390525334513671,30.5635747993297,13.352484922747625,610.407461594733,65.03218727139722,-24.511247763126203,False
53,0,13,1144.5,14,14,True,29220.476659254582,4578.000000000001,2588.6248582740095,2907798.8571428573,0.5335938004642168,0.12085942946076522,,-0.1687332087827537,983.0,1454.0,1.479145473041709,13,22.89010989010988,12,16.02447552447556,218.00000000000026,13.604189395592394,1.2986916948570497,2.267141412104224,0.5913159095074857,16.882992033141647,2.280962323449204,606.1526822558459,250.67606602475928,-211.7403999305127,False
54,0,12,1010.1538461538462,13,13,True,24260.20581131317,4040.6153846153848,2796.6922071483714,2785925.230769231,0.6545721184223999,0.16508967149371057,11.0,-0.33497971898424805,891.0,1361.0,1.5274971941638609,12,17.230769230769262,11,12.736363636363679,470.99999999999994,36.980728051391736,3.0210694246578327,12.473862025747774,3.107405697122231,36.25283309589399,8.873883078000272,598.0911094783247,1000.6216017634092,-247.4071174019941,False
55,0,8,763.7777777777778,9,9,True,16058.866499115426,3055.1111111111113,3027.5205151107343,2391219.222222222,0.6330344347248884,0.14719599447919499,8.0,-0.8219325154409873,875.0,886.0,1.0125714285714287,1,-30.666666666666668,6,-30.65714285714279,-200.99999999999997,6.5563839701770865,2.42265934107463,4.316894549337575,1.2754396208761793,19.38127472859704,10.638396308737384,602.4891304347826,187.05434782608697,-551.7719281855428,False
56,0,11,1397.4166666666667,12,12,True,39343.14411796919,5589.666666666667,2284.036040784634,3175756.5833333335,0.6984215543580238,0.15064959664097333,,-0.21170042922113597,1218.0,1486.0,1.2200328407224958,9,15.06643356643359,9,29.816666666666606,-71.50000000000024,-2.397987702627179,0.8359653662881397,1.5084668857282224,0.42794507721066977,9.195619029169537,2.3818627057690627,612.3008190618019,1319.005956813105,-112.5382836007967,False
57,0,16,1465.4666666666667,15,17,True,42408.8200443568,5861.866666666667,3844.8682622413644,5594591.733333333,0.45430802895208355,0.10478322624095086,16.0,-0.3846267510861024,1264.0,1870.0,1.4794303797468353,12,17.76893203883498,12,15.563636363636343,-124.57142857142844,-8.00400534045394,1.1413263363950237,2.260969520325241,0.6774157489878904,19.057725739534565,4.3439620139840365,612.1112770724421,662.1867064973861,-339.2867633107166,False
58,0,19,1155.1052631578948,19,20,True,29675.722534887598,4620.421052631579,2520.5516227569847,2896163.1578947366,0.8404034871925038,0.2042615079952462,10.0,-0.36215423562741905,1161.0,1445.0,1.2446167097329888,19,1.2723718505647261,12,-21.31468531468531,73.21014492753623,-3.4347279280307363,0.8283110863981911,1.5494503705350597,0.446406394093898,15.661506188950394,2.19618663840874,620.0207612456747,336.9321799307958,-64.81954469308612,False
59,0,11,1126.4166666666667,12,12,True,28453.67799519456,4505.666666666667,2644.901547653872,2973136.0,0.7090467444936288,0.1582169664629391,,-0.19056188055957032,1044.0,1205.0,1.1542145593869733,8,8.22727272727276,8,11.714285714285783,-30.300000000000104,-2.586585365853652,0.5864716272941967,0.9751881490234396,0.2831621948437803,6.451187900236163,3.827522202476366,619.2459459459459,879.1351351351351,-132.06748108591708,False
60,0,29,1140.888888888889,27,30,False,30178.55438719991,4563.555555555556,2128.2502205676096,2057625.7407407407,0.7996431896140436,0.17864777687853342,,-0.25058013894844205,760.0,1836.0,2.4157894736842107,27,40.43465428561568,11,9.781818181818165,58.694534844574115,6.000370662549408,1.2729859763747533,5.593348864168337,1.005326121457474,37.11946400391191,4.258711796392365,624.2282135076252,478.3137254901961,,
61,0,16,1701.0588235294117,17,17,True,52877.86414314591,6804.235294117647,4043.953643828087,6842920.235294118,0.43500538950262824,0.10132026954214837,,-0.259842532943429,1523.0,1974.0,1.2961260669730794,12,13.703431372549046,12,8.737762237762299,-80.70000000000016,-9.235774309723844,0.8412212155688191,1.9463761410575158,0.5103113466486159,13.459539449101106,3.49217542011622,593.9358086847074,626.9244808055381,-95.22183687537859,False
62,0,12,790.9230769230769,13,13,True,16782.9516662624,3163.6923076923076,1917.794067521193,1509535.8461538462,0.5751102061142354,0.140313948433657,,-0.2869147524647158,691.0,863.0,1.2489146164978293,10,4.928571428571454,11,15.000000000000009,-220.99999999999997,-14.733333333333322,0.428424946511439,0.9582246683410318,0.21468614646565146,5.141099358137268,2.5580376329338503,542.5594294770206,409.05071315372425,-93.95236838994448,False
63,0,29,1203.6842105263158,19,30,False,32085.667430934343,4814.736842105263,1696.0830240320129,1847166.5789473683,0.5292596598916974,0.12892099868676132,12.0,-0.3133077038692282,874.0,1639.0,1.8752860411899313,29,28.98646902835385,18,4.0352480417754615,33.50822669104203,8.303882771057317,1.064442748658797,2.4120827758939076,0.6136142274133225,28.78674268321757,20.593771458836173,742.2165954850518,1219.2647956070775,,
64,0,14,1104.0,15,15,True,27651.872996260347,4416.0,2157.6028484095677,2360470.6666666665,0.6012201162876932,0.12609374086641048,14.0,-0.3369061033282113,961.0,1308.0,1.3610822060353798,14,16.84642857142858,11,13.945454545454586,74.0999999999999,5.313559322033875,0.6388495556596618,1.5369058358426115,0.41787630835734985,8.943893779235266,5.019005919985193,766.7668195718654,269.1597859327217,48.78168780631254,False
65,0,16,1611.9333333333334,15,17,True,48804.943704809346,6447.733333333334,2362.801967243426,3760942.7333333334,0.5453399092703319,0.11822354882829214,,-0.19908193044525704,1377.0,1833.0,1.3311546840958606,14,23.98135593220339,14,26.2961335676625,-69.99999999999999,-2.6619883040935735,1.019288852152997,2.2706131960663227,0.534480675209474,14.718167748209732,3.3396492350847584,938.7968103957472,121.94802126402836,-239.73824792177768,False
66,0,11,1099.6666666666667,12,12,True,27486.57401023111,4398.666666666667,2034.387828474275,2216496.4166666665,0.6347045796175876,0.14159706069654573,11.0,-0.3564507383603708,963.0,1200.0,1.2461059190031152,10,20.923076923076927,2,-23.000000000000227,14.854545454545447,-0.6458498023715348,0.836510276484346,2.002184008896273,0.5669855858267242,9.201613041327805,6.1408795701596715,936.7475982532751,76.65502183406113,-110.68630772174986,False
67,0,16,992.9411764705883,17,17,True,23568.62704600874,3971.764705882353,2670.2624178750157,2628175.882352941,0.8697943731665281,0.17840786489665422,,-0.15884378284152745,881.0,1107.0,1.2565266742338252,16,10.821078431372522,12,11.538461538461567,35.69999999999998,3.093999999999991,0.7177271556387295,1.8491989943849965,0.33701960228710814,11.483634490219671,2.8291725717551457,944.5672990063234,811.4697380307136,-82.7895799698737,False
68,0,15,1152.75,16,16,True,29593.157300058872,4611.0,2905.658414347072,3285975.8125,0.6198876079072223,0.16367164297412562,,-0.2893362435093721,1005.0,1592.0,1.5840796019900498,15,23.661764705882355,12,14.314685314685322,158.00000000000028,11.037616023448964,1.285112695967462,3.7947888888180277,0.7987622780065349,19.276690439511928,5.840712471978604,944.0684673366834,1039.7625628140704,-60.654099358964245,False
69,0,14,582.4285714285714,7,15,True,10691.120554910218,2329.714285714286,3010.261927695605,1765636.857142857,0.45190503991168757,0.14103154133246468,6.0,-0.3196977189087568,684.0,736.0,1.0760233918128654,1,-13.088138385502495,12,-31.73008849557526,-89.49999999999983,2.8206665736996146,0.8564362281851788,2.036849673602119,0.6214465360069781,10.677280913866438,3.744463304259466,963.6441048034934,1015.3231441048035,,False
70,0,15,1098.125,16,16,True,27496.810475786413,4392.5,2139.6056715029536,2307106.0,0.6565425585381961,0.13254427925749784,,-0.15149630728002567,884.0,1321.0,1.494343891402715,15,20.282352941176484,12,24.36013986013986,121.70000000000017,4.995866226496347,1.3095438090435692,2.7446420823043884,0.6409798696616376,19.64315713565354,3.565542759706299,961.7373202119607,271.02800908402725,29.91684912012288,True
71,0,16,980.75,16,17,True,23225.799672464007,3923.0,2880.437550899725,2807540.4375,0.38629748167775374,0.13333471881931272,,-0.19753201114836208,614.0,1130.0,1.8403908794788273,13,17.95469710272176,3,170.99999999999991,11.960439560439552,0.06994409099672257,1.776856918247095,12.726213603819975,3.0244862801236825,39.3790673775264,24.25766133306365,986.8047445255474,115.73357664233576,-109.95346830455735,False
72,0,9,666.4,10,10,True,12958.724236712356,2665.6,2225.5651976755953,1475664.0,0.5705451204900006,0.13252252915002455,,-0.13209610451264203,588.0,725.0,1.2329931972789117,9,13.321212121212136,3,37.49999999999992,11.71428571428574,0.3123809523809537,0.6509035300294567,1.3365073344464384,0.2908149351492968,5.85813177026511,1.9849075145440775,962.8841379310345,1094.1020689655172,-7.578050406604727,False
73,0,9,1089.4,10,10,True,27092.547139929375,4357.6,3639.989916368093,3968362.5,0.3599768564966711,0.12868511255209567,,-0.25767930351118706,1074.0,1181.0,1.0996275605214152,1,4.642424242424223,2,106.99999999999989,16.91666666666666,0.15809968847352035,1.6372898858196947,3.9014252354099823,0.9294619118386662,14.735608972377252,2.4545336251671537,971.6742358078602,682.8917030567685,-5.913836053129872,False
74,0,29,1267.76,25,30,False,34435.5586770787,5071.04,2479.6672069776,2987361.08,0.5411354600006655,0.14135141610736798,,-0.2430441019007982,1008.0,1779.0,1.7648809523809523,29,27.02391759776538,18,7.580860403863083,34.066727605118814,4.4937811528304845,0.7233689846861263,3.3413170805291528,0.6094834471663856,20.902013510901533,4.250918232602082,972.955593029792,635.079820123665,,
75,0,15,608.4375,16,16,True,11398.36653051933,2433.75,2436.1173087890156,1435297.375,0.5016347078926077,0.1357775181847572,15.0,-0.34260830697756317,460.0,822.0,1.7869565217391303,15,16.030882352941177,12,16.909090909090917,105.30000000000015,6.227419354838716,1.2136271230686488,2.6636324063470873,0.5028412308423725,18.204406846029734,6.358592259109743,963.3722627737226,1070.683698296837,4.974168808071956,False
76,0,11,703.9166666666666,12,12,True,14053.560927108845,2815.6666666666665,2760.9625495977275,1938795.4166666667,0.9029387138965594,0.214430938806681,,-0.11062017522072165,672.0,735.0,1.09375,11,4.709790209790234,2,-14.0,2.5878787878788025,-0.1848484848484859,0.7258684907122341,1.1084473897340417,0.28290814596446695,7.984553397834575,3.453439526916062,970.9632653061225,1161.3986394557824,-96.58938017719267,False
77,0,9,854.2,10,10,True,18842.705357817686,3416.8,2761.817941685428,2323830.4,0.5047121461389448,0.09476580022475531,,-0.2644280284520938,761.0,1073.0,1.4099868593955323,9,23.47878787878792,8,13.416666666666691,180.9999999999999,13.490683229813632,0.8762427321976111,3.155644170751307,0.8612279541367414,7.8861845897785,5.405869628012192,972.8825722273998,146.38676607642125,15.396542843903843,False
78,0,13,898.0714285714286,14,14,True,20258.70880321719,3592.285714285714,2645.88661134767,2374500.214285714,0.8844645110864021,0.19409226281773842,,-0.15917522640788248,891.0,956.0,1.0729517396184063,2,-6.041758241758254,12,-6.139860139860129,114.99999999999997,-18.730068337129868,0.5819202222414976,1.166212540199369,0.2618574289723508,7.56496288913947,2.5744831607006193,930.453056768559,1146.6113537117903,33.55735168214543,True
79,0,12,1260.1538461538462,13,13,True,33723.71791114758,5040.615384615385,2349.2861311897504,2936022.230769231,0.6002393403161377,0.13402117130818028,,-0.21977662346384746,1149.0,1544.0,1.3437771975630983,12,16.296703296703345,11,11.472727272727317,331.00000000000006,28.851030110934918,0.9535582456250046,3.693083666766894,0.871266623428576,11.442698947500055,1.5088747921033274,982.4158031088083,1134.2046632124352,-123.58371713377129,False
80,0,16,1241.5294117647059,17,17,True,32951.11404601045,4966.117647058823,1981.3003646152017,2446868.7647058824,0.7933847496984134,0.16338684593875594,16.0,-0.3347809711572888,1100.0,1376.0,1.250909090909091,13,11.960784313725505,13,11.236263736263766,-24.39999999999987,-2.1715403422982713,0.6870945750919468,2.011025080698636,0.5208819447723079,10.99351320147115,5.120014853327822,990.4511627906977,868.9906976744186,-53.266325302859286,False
81,0,7,1100.857142857143,7,8,True,27498.656129401093,4403.428571428572,2304.515945995538,2531317.1428571427,0.736723569464994,0.14357048005159997,,-0.27817351871146256,1003.0,1177.0,1.1734795613160518,6,14.80434782608689,6,21.91860465116265,-87.99999999999999,-4.014854111405861,0.8856937106043752,1.8449137805593654,0.5214307284667931,5.924845899119078,1.8276249448257094,993.929292929293,486.86134067952247,-55.036777128276405,False
82,0,16,1087.235294117647,17,17,True,27041.398582938356,4348.941176470588,2239.142881907808,2433442.529411765,0.593464960049276,0.15684207864266417,16.0,-0.41316444167767075,1041.0,1230.0,1.181556195965418,16,1.990196078431341,15,2.660714285714253,294.9999999999998,110.87248322147778,1.1540424468977568,3.1936656203142855,0.8575221765023296,18.46467915036411,4.246463053192846,990.6666666666666,1056.2780487804878,-110.71475736805326,False
83,0,14,991.6666666666666,15,15,True,23537.981251344645,3966.6666666666665,1892.995323464774,1865008.9333333333,0.681046565468993,0.15352441302089978,,-0.1680453722307701,882.0,1150.0,1.3038548752834467,14,13.317857142857134,12,11.898601398601421,110.0000000000003,9.244784014105209,0.6454668757390193,1.4099758087023317,0.33221380096931713,9.03653626034627,5.089547573651443,992.1904347826087,231.87217391304347,34.75823808412714,True
84,0,12,997.9230769230769,13,13,True,23775.465389913585,3991.6923076923076,2447.9116804057276,2425795.3846153845,0.5323042445379997,0.12651389908152055,,-0.28374032767245055,896.0,1234.0,1.3772321428571428,12,12.439560439560449,11,10.19090909090912,320.99999999999994,31.49866190900972,1.2023758619446874,3.9279235102887666,1.1001401864478906,14.42851034333625,5.353627953509569,990.1815235008104,800.8654781199351,-173.90033778279965,False
85,0,13,887.0,14,14,True,20036.636377380368,3548.0,2245.8073542121774,1932007.142857143,0.5243957233979918,0.12204339579608038,10.0,-0.38989383499431784,738.0,1215.0,1.646341463414634,13,22.01318681318682,9,18.449999999999964,130.4,7.0677506775067895,0.914777279328598,2.693808988991344,0.7210723967620586,11.892104631271774,5.048987943955438,992.1497942386832,764.5522633744856,-328.1563817817843,False
86,0,10,992.5454545454545,11,11,True,23566.3906129705,3970.181818181818,2320.2030827540625,2289272.090909091,0.6464893162495272,0.1769468755500056,10.0,-0.37690023364915687,879.0,1128.0,1.2832764505119454,10,13.845454545454567,9,19.383333333333315,226.00000000000102,11.659501289767906,0.9478066760512934,2.7620276521498153,0.7902037673254083,9.478066760512935,2.94059692362284,998.8670212765958,731.4822695035461,-87.45413097627902,False
87,0,16,910.1764705882352,17,17,True,20672.027793158526,3640.705882352941,2523.1458653781333,2286634.294117647,0.7907264486091631,0.20092518415977387,,-0.15664589311910473,863.0,966.0,1.1193511008111239,15,4.3897058823529465,12,5.625874125874161,33.10000000000009,5.883530142945907,0.6721889762511277,1.2247840788607047,0.32002352309970683,10.755023620018044,3.2886689932569952,1002.0878661087866,615.8859832635983,-57.33821351456937,False
88,0,24,1037.2272727272727,22,25,True,25350.839487538047,4148.909090909091,2904.101016856916,2915103.272727273,0.6047886414294852,0.14339603575311302,,-0.1417809691820565,729.0,1354.0,1.8573388203017833,24,18.61184293062351,12,38.68881118881117,30.517350157728703,0.7887900718581484,0.9088126181461751,3.330894251839487,0.72377207650926,20.38367518710686,2.2066334246929853,999.3530280649926,660.1011816838995,-141.15807101707534,False
89,0,19,1031.3157894736842,19,20,True,24985.900309061348,4125.263157894737,2071.842596231499,2110376.210526316,0.5727032733607396,0.12467347192282018,,-0.23060813269028052,858.0,1177.0,1.3717948717948718,19,14.938140747176384,2,-7.000000000000114,12.851792402354214,-1.8359703431934293,0.806781806795037,2.523537115786399,0.597894081748131,15.565184256447793,3.0044426515368388,1007.4681393372982,148.54120645709432,-8.536514961588667,False
90,0,11,1176.0,12,12,True,30359.646487930007,4704.0,2664.9534115202428,3133591.25,0.611341186414749,0.1487557675660063,11.0,-0.3680033537449033,1082.0,1242.0,1.1478743068391868,8,5.538461538461553,10,13.078787878787924,-141.99999999999977,-10.857275254865561,0.7842469221451466,2.2262443490541144,0.5220968016387048,8.626716143596612,3.595625986829505,1011.0018399264029,1093.6264949402023,-134.28096786238774,False
91,0,15,1234.9375,16,16,True,32694.666447212036,4939.75,2191.596036960299,2706285.375,0.6535121816278284,0.12288727968056516,15.0,-0.34253594943404625,1113.0,1379.0,1.2389937106918238,12,6.948529411764739,12,4.573426573426631,-79.50000000000006,-17.383027522935574,0.8919594877040431,1.780767522035577,0.39564824184657205,13.379392315560647,5.347771726661577,1007.5697879858657,1270.4196113074204,13.682213592107773,False
92,0,19,950.1052631578947,19,20,True,22099.897863931263,3800.4210526315787,1683.081246701764,1584220.2105263157,0.7099226187510925,0.14719058383178937,,-0.17946939463582395,810.0,1144.0,1.4123456790123456,19,13.69748045178107,13,6.010989010989029,19.869565217391305,3.3055401001510116,0.6427851250034886,1.4381725515217436,0.28686719396380367,12.050193586261896,3.3856988914539823,1010.4423076923077,396.3181818181818,-11.808029964950947,False
93,0,16,1550.7058823529412,17,17,True,46086.47796293956,6202.823529411765,1945.8184379541508,2971702.0588235296,0.47524501139013275,0.11252174764655543,15.0,-0.3833806880153571,1394.0,1810.0,1.2984218077474892,16,20.323529411764735,12,4.527972027972137,16.899999999999945,3.7323552123551105,0.7184628194631701,2.2641294215552805,0.5051166670137999,11.495405111410722,5.478224694112493,983.7348066298342,58.86243093922652,-211.3631816768431,False
94,0,12,1059.8461538461538,13,13,True,25988.194717160568,4239.384615384615,3125.802881505084,3314461.4615384615,0.6157251489231845,0.17460075079028725,,-0.20976975781350135,1048.0,1212.0,1.1564885496183206,12,1.7912087912088432,11,0.8545454545455122,290.9999999999999,340.5319148935939,0.8944268101833144,2.8153646131382803,0.6526662089301207,10.733121722199773,3.708714356582805,764.5833333333334,1298.4389438943895,-122.73795745419888,False
95,0,14,613.1333333333333,15,15,True,11772.740905631967,2452.5333333333333,2037.701657272755,1307160.7333333334,0.22655758724460398,0.061087008613212014,2.0,-0.6073172562087185,715.0,982.0,1.3734265734265734,14,9.175000000000004,12,-18.692307692307665,12.500000000000359,-0.6687242798354112,2.8238364848216526,25.796399796626456,6.4185445508999255,39.53371078750314,23.1602934010785,946.0224032586558,995.0631364562119,209.0883818021024,True
96,0,19,1027.5263157894738,19,20,True,24917.773178948974,4110.105263157895,1956.6924665957647,1986274.3157894737,0.8698260142797271,0.18352102350844085,,-0.21606570867366534,993.0,1345.0,1.3544813695871099,19,2.80947002606431,8,6.1904761904761845,38.44179523141655,6.209828460459603,0.7349541574349813,2.711861969254072,0.6838427937760101,13.38052890685977,1.1231704299496001,898.503345724907,1355.975464684015,-52.07930155849334,False
97,0,15,1004.0,15,16,True,24061.325730530345,4016.0,2856.55292467016,2877371.2666666666,0.8237824758910487,0.16753983081360013,5.0,-0.35999946545979367,1058.0,1161.0,1.0973534971644612,2,-11.55281402936379,12,-24.4363636363636,-59.69999999999997,2.4430803571428594,3.7780118388836708,9.742380303619825,2.4150558740120025,55.26115554053946,4.049500124151596,772.1457489878543,1077.0506072874493,-6.446129730143705,False
98,0,12,959.6923076923077,13,13,True,22759.108825082247,3838.769230769231,3503.1124076610918,3384154.5384615385,0.3558224093924548,0.1137564045730058,10.0,-0.4673297826078516,1072.0,1344.0,1.2537313432835822,12,-12.6373626373626,11,-28.090909090909104,701.0000000000001,-24.954692556634296,1.8703343493510343,3.8232812624394805,0.9143383802548479,22.444012192212412,10.628544590679008,767.9441964285714,1259.373511904762,-209.59949067964237,False
99,0,7,967.125,8,8,True,22643.575452201243,3868.5,3055.385341057957,2944579.125,0.6888098378915922,0.15441627352485168,,-0.14555252247372016,883.0,1026.0,1.161947904869762,7,18.107142857142886,4,33.999999999999794,21.699999999999942,0.6382352941176492,0.8172129485488792,1.3725680777073286,0.3527634641582687,5.720490639842154,3.9169231398269715,777.4649122807018,631.4249512670565,-14.736382473266975,False
100,0,13,806.0,13,14,True,17294.636594352054,3224.0,1956.2220510712095,1543814.6153846155,0.551610687361715,0.12865375518952077,,-0.21507075396973982,618.0,985.0,1.5938511326860842,13,17.95091401489511,2,21.999999999999943,10.969598965071123,0.4986181347759614,1.2619969367646153,3.3398072923430866,1.0896098339282334,15.312935935617677,4.093523125601294,774.6598984771574,177.61116751269034,-39.73099803516412,False
101,0,14,1080.4666666666667,15,15,True,26766.84120360138,4321.866666666667,3167.859083539888,3398479.933333333,0.661051358415198,0.15815756657325641,14.0,-0.4115557878597088,960.0,1260.0,1.3125,13,15.210714285714293,12,9.538461538461542,-13.50000000000009,-1.4153225806451704,0.8297836802169327,3.149167212384683,0.7190222847591771,11.616971523037058,6.7805339190843545,777.0605802047781,692.5383959044368,10.846996807745452,False
102,0,10,1354.6363636363637,11,11,True,37537.90952711928,5418.545454545455,2620.175544099922,3550715.272727273,0.686441596732962,0.15371295366682158,,-0.2108989423188918,1340.0,1459.0,1.0888059701492536,8,6.600000000000015,6,-10.77142857142845,-17.900000000000105,1.66180371352788,1.9651962176895048,4.719512615140133,1.4394436763017662,19.651962176895047,5.76406480879935,794.3706189410888,392.82997762863533,-50.2321288725302,False
103,0,21,1158.95,20,22,True,30246.67919708863,4635.8,2856.173137540055,3109523.4,0.7445812874161645,0.17787819309396444,21.0,-0.37061142881849063,925.0,2008.0,2.170810810810811,21,36.0817346663064,19,20.4637328615657,143.99999999999974,7.036839318326704,0.9823176247912593,4.1532988166799605,1.014103201444857,19.427936805814298,3.006344721143732,791.1334661354582,661.4233067729084,-284.353259049944,False
104,0,13,853.0769230769231,13,14,True,18769.609248409644,3412.3076923076924,2453.238226498257,2080484.4615384615,0.46591875241863995,0.11650436733429795,,-0.19049311671142616,720.0,910.0,1.2638888888888888,12,10.578160059835435,3,58.99999999999987,5.482517482517487,0.09292402512741524,1.080588592817577,3.5946455879678596,0.9674271110897609,13.807201115507043,3.640406466009965,796.2345537757437,1316.7677345537757,2.7483085685215314,False
105,0,12,1046.076923076923,13,13,True,25530.439686816353,4184.307692307692,3200.3486889031115,3312520.3846153845,0.5055262829512019,0.11107151915048946,,-0.20730277788832843,907.0,1313.0,1.4476295479603087,12,12.719780219780235,11,11.64545454545457,406.00000000000006,34.86338797814201,0.7740339350627784,1.5002648816973525,0.44684944114957353,9.28840722075334,2.7624644871409387,798.8354912414318,1235.3769992383855,-155.10806931975014,False
106,0,19,1242.7894736842106,19,20,True,33171.37428028721,4971.1578947368425,2804.777075187144,3421736.5789473685,0.5376226337636915,0.13066364009165884,,-0.29622300496397597,1089.0,1642.0,1.5078053259871442,19,22.147002606429204,18,12.580882352941162,10.000000000000092,0.794856808883702,1.0784526093509497,2.289453496426354,0.6139938707188596,19.68912435581472,7.061465253991525,797.5456760048721,1283.2521315468941,-57.65889688162173,False
107,0,16,1062.5882352941176,17,17,True,26127.467109527082,4250.35294117647,1426.4027345510403,1499194.4705882352,0.6321193662709211,0.1357541339213924,16.0,-0.4305875481550714,958.0,1294.0,1.350730688935282,16,14.598039215686267,12,2.7062937062937276,32.39999999999996,11.972093023255706,1.5109522939820028,4.246921121783981,1.3158299053012419,24.175236703712045,5.867919470523213,801.3292117465224,56.30834621329212,-117.49774573542946,False
108,0,8,877.1111111111111,9,9,True,19611.402496068928,3508.4444444444443,1594.5009056196463,1376515.7777777778,0.6252753582141971,0.14265745476958064,8.0,-0.3006069415307138,746.0,1082.0,1.450402144772118,8,29.300000000000004,7,22.928571428571416,181.9999999999999,7.937694704049844,0.5485373641479862,1.1071071058071944,0.32558415510900657,4.388298913183889,2.460171008937311,803.4103512014788,18.15804066543438,-46.60497993674414,False
109,0,24,869.3636363636364,22,25,True,19389.34586111409,3477.4545454545455,1985.0996353899789,1689881.2727272727,0.6524573697688126,0.14740955140607762,,-0.16336477272727273,746.0,1048.0,1.4048257372654156,24,13.442478986325423,13,5.406593406593417,13.23398576512456,2.4477493996470177,0.8344714457831767,5.948709581427398,1.195626286754937,18.951433996556393,3.2391229199605722,815.2853053435115,264.0534351145038,-51.91308561890661,False
110,0,14,1254.4666666666667,15,15,True,33563.47719726419,5017.866666666667,2781.205628387383,3422831.1333333333,0.6914910578553132,0.16050720043294062,11.0,-0.3750921737455523,1184.0,1538.0,1.2989864864864864,14,19.342857142857113,11,9.036363636363655,162.69999999999973,18.005030181086454,1.045191648913741,2.425129206997805,0.48804379482530774,14.632683084792372,4.477256178473851,914.1235370611183,544.8621586475942,-338.38383738472464,False
111,0,18,741.5,18,19,True,15249.307494008015,2966.0,1706.24875000677,1245274.611111111,0.6468061908126448,0.17498553368662728,,-0.1634190314442351,632.0,873.0,1.3813291139240507,18,11.6888544891641,13,3.4340659340659556,6.17567567567566,1.7983567567567411,0.6773456290232145,1.1491987587568016,0.3345557957339933,12.373702512046789,6.391533295249308,817.6048109965636,140.39862542955328,-101.76807366363856,False
112,0,18,952.1666666666666,18,19,True,22160.3816384769,3808.6666666666665,1730.9104057715217,1623648.5,0.7341014254440686,0.1624007087357492,,-0.15262132829718214,804.0,1074.0,1.335820895522388,16,13.639982308712977,12,14.510489510489538,26.428571428571423,1.8213425129087741,1.2454485137679878,4.3456488538045575,1.057469509331422,21.85247551878213,4.610780392193909,827.3640595903166,592.1182495344507,-108.43505899862075,False
113,0,29,1483.125,24,30,False,43958.717790383926,5932.5,1880.5518840568682,2422689.2083333335,0.5705215505057911,0.11365303187881398,,-0.2851950938666653,1023.0,2079.0,2.032258064516129,29,38.915741304393464,13,14.456043956043994,25.703452527743533,1.7780419460468684,0.45562492232108803,1.4286081564372417,0.3631977726498491,11.596226412534254,3.2649493919135284,827.0432900432901,773.7869167869168,,
114,0,10,1027.3636363636363,11,11,True,24804.742445395517,4109.454545454545,2831.015993232589,2878349.090909091,0.6644208034107154,0.14470022622533715,10.0,-0.4284219014528097,911.0,1108.0,1.2162458836443468,8,18.827272727272746,3,42.99999999999995,17.916666666666675,0.41666666666666735,0.7162507998469604,1.170879879508586,0.2916860410034885,7.162507998469604,4.5511821487025825,833.1994560290118,848.4197642792384,-151.64786366963057,False
115,0,12,889.6923076923077,13,13,True,19977.236103250234,3558.769230769231,2050.0106886026797,1815431.2307692308,0.7168515084429525,0.14843573745268793,,-0.16656672829967523,809.0,944.0,1.1668726823238567,10,6.313186813186826,10,12.472727272727228,-46.999999999999936,-3.7682215743440315,0.6160617521887516,1.175276500372941,0.2772976913770737,7.3927410262650195,3.4213323000869145,840.5188235294117,430.5670588235294,-105.9588021357853,False
116,0,19,1105.1052631578948,19,20,True,27709.179745595964,4420.421052631579,2329.912789287899,2550233.1052631577,0.7403513323426738,0.1625545155521908,,-0.2167108980516718,998.0,1301.0,1.3036072144288577,19,14.763857515204172,9,16.566666666666617,25.642357642357673,1.547828429116162,0.5922741381540259,1.975134588776748,0.39192585190117446,10.834746870634307,3.9858578931524122,849.9938508839355,275.82475019215985,-26.440777464640668,False
117,0,11,717.75,12,12,True,14586.691526672437,2871.0,1962.5011564581307,1367702.3333333333,0.5785694449049495,0.12417684863170357,11.0,-0.8989296077043353,644.0,962.0,1.4937888198757765,11,11.003496503496518,4,26.399999999999864,41.32142857142862,1.5652056277056376,6.368028401176838,26.401537128018713,9.462169041971952,70.04831241294522,17.951059584908823,831.2577962577963,1204.420997920998,-195.86805256522123,False
118,0,11,1073.1666666666667,12,12,True,26476.08254005655,4292.666666666667,2951.094905046301,3163288.3333333335,0.6523715912499011,0.15049755864124967,11.0,-0.3700469564541029,979.0,1162.0,1.1869254341164452,8,8.77622377622379,10,18.224242424242448,-144.99999999999986,-7.9564349850349005,0.5211929319364602,0.9643126016683063,0.30839281546938024,5.7331222513010625,2.753727716577339,873.2707910750507,523.5081135902637,-157.0657120928941,False
119,0,9,840.2,10,10,True,18337.264956227005,3360.8,2116.4579100676465,1770707.4,0.7057953792542543,0.14447022956914046,,-0.16900767632197586,746.0,897.0,1.2024128686327078,8,13.345454545454563,2,58.999999999999886,10.107142857142874,0.1713075060532694,0.6909058516011264,1.1687417494692671,0.24150468315176032,6.2181526644101375,1.721451246477033,876.0463276836158,1235.2474576271186,-7.583864181061811,False
120,0,11,1041.3333333333333,12,12,True,25368.137203925624,4165.333333333333,3217.575948720518,3253941.5833333335,0.5855762683832253,0.13910320983096525,11.0,-0.8652204209897978,880.0,1289.0,1.4647727272727273,11,27.328671328671337,10,20.61212121212123,138.99999999999963,6.74360482211112,0.5284779649022451,1.0486390235021659,0.2803237232066274,5.813257613924696,2.41118644983295,891.7587276958883,494.488750969744,-219.24383387750956,False
121,0,8,1081.6666666666667,9,9,True,26849.03163177012,4326.666666666667,2900.5066039326043,3088817.222222222,0.6674764658937409,0.1469370151944007,8.0,-0.3492594977844477,940.0,1340.0,1.425531914893617,8,31.099999999999955,7,22.464285714285715,272.0,12.108108108108107,1.0149602377816684,2.168558737346766,0.5863087342494507,8.119681902253348,4.844759752473297,888.4932835820896,899.0119402985075,-53.7337033082812,False
123,0,19,987.4736842105264,19,20,True,23382.127286597748,3949.8947368421054,1599.263434681274,1565605.1578947369,0.6885447984999717,0.14699585737296875,,-0.2533968170054605,882.0,1125.0,1.2755102040816326,19,8.966898349261552,10,9.709090909090927,20.2794117647059,2.0887034589116524,0.7830838354164381,2.935467448074567,0.6991420779904662,14.196376506233584,8.037783982789902,889.5928888888889,459.28444444444443,-14.902954833216912,False
124,0,12,1201.923076923077,13,13,True,31361.038307754705,4807.692307692308,2011.658648304903,2413567.846153846,0.6411259972302853,0.14231500839467157,,-0.1655262613508292,1112.0,1259.0,1.1321942446043165,8,7.884615384615445,11,12.363636363636388,83.00000000000001,6.713235294117635,0.7342576779511852,1.2773129099594844,0.41387812397526846,8.811092135414222,4.960279910657715,898.1910112359551,124.92937399678972,-92.91382138302016,False
125,0,7,974.625,8,8,True,22899.43753775415,3898.5000000000005,3049.2004961714965,2978749.5,0.7632295277009524,0.1667485936829078,,-0.23863413909966766,961.0,1035.0,1.077003121748179,6,-1.059523809523786,6,3.800000000000055,-131.99999999999986,-34.73684210526262,1.372192526379101,4.017971934414375,1.1109778769484029,9.605347684653708,6.907624651429328,819.0741971207087,817.4706533776301,-13.599382476240601,False
126,0,9,748.4,10,10,True,15466.141908599613,2993.6,2207.6673824943764,1624826.2,0.6484597724537917,0.16889496404870036,,-0.2884069187688714,631.0,914.0,1.4484944532488113,9,21.22424242424245,8,21.119047619047645,175.99999999999997,8.333709131905287,0.6743480301155651,1.1649702561463258,0.3560739858675112,6.069132271040086,2.6578055583348617,543.656455142232,251.97045951859957,33.47604542519969,False
127,0,12,1031.8181818181818,11,13,True,25112.752318219897,4127.272727272727,2241.087803763045,2237107.8181818184,0.6009726614954972,0.1427135154974727,12.0,-0.3878467666873959,854.0,1420.0,1.6627634660421546,12,37.634693877550916,9,19.716666666666658,79.99999999999996,4.057480980557903,0.6328476081373935,1.4479457558791973,0.4004255709410635,8.039443307134912,1.8147907930858849,765.9774647887324,1183.3725352112676,-480.28237402989464,False
128,0,10,1054.090909090909,11,11,True,25770.63801166845,4216.363636363636,2413.9123403209596,2529223.272727273,0.6794034429816617,0.14637965405185985,10.0,-0.4114785336108125,930.0,1124.0,1.2086021505376343,8,16.10909090909092,2,66.99999999999989,12.366666666666653,0.18457711442786082,0.7564181894930082,1.7793234032874008,0.5230366466124147,7.564181894930082,2.6345657683573127,541.6290909090909,1028.3090909090909,-64.51953910643816,False
129,0,9,1035.1,10,10,True,25105.58374511751,4140.4,2790.650081085159,2855409.2,0.7689458720960825,0.16543957163224454,9.0,-0.3177117246933443,916.0,1222.0,1.334061135371179,9,24.551515151515197,8,16.904761904761937,123.00000000000001,7.276056338028156,0.8623252194446187,3.9168084577021287,1.118519232924258,7.760926975001569,3.520946982452483,136.34779050736498,1166.79705400982,-15.220741708461732,False
130,0,14,1090.7142857142858,14,15,True,27167.096511887044,4362.857142857143,2975.301738268838,3220487.285714286,0.5903821963961485,0.12044708561128059,,-0.24280745030914538,953.0,1291.0,1.354669464847849,14,9.894499294781374,7,34.658385093167645,31.523809523809522,0.9095579450418174,1.137078287022641,4.6095386409854395,1.1880905495483371,15.16086250981132,2.466483901328054,140.5979860573199,440.8636715724245,9.836229492498667,False
131,0,13,1253.4285714285713,14,14,True,33417.70505922723,5013.714285714285,3796.4940158423437,4728991.071428572,0.5013145529859636,0.13487572151609464,,-0.20213760016637106,1132.0,1386.0,1.2243816254416962,12,13.239560439560446,11,12.436363636363646,80.99999999999997,6.5131578947368345,0.752628072962967,1.6689385093687155,0.3912243420827739,9.78416494851857,1.3021176825327452,145.35225618631733,788.8333333333334,-78.67454770725783,False
132,0,11,884.5833333333334,12,12,True,19894.399934395697,3538.3333333333335,2079.681949269917,1798499.4166666667,0.7613141092076798,0.16616609565123783,11.0,-0.3254050776494891,676.0,1017.0,1.5044378698224852,10,26.674825174825195,2,13.999999999999773,16.830303030303032,1.2021645021645218,1.1307153192446497,1.795339335172144,0.44793742257194497,12.437868511691148,4.344007226958367,139.8488253319714,320.5280898876405,-120.23877159146971,False
133,0,18,1257.3333333333333,18,19,True,33682.29437766809,5029.333333333333,2524.605385382426,3128246.777777778,0.6846758140202279,0.1471789191379772,,-0.2505826312327969,1071.0,1644.0,1.535014005602241,18,22.555064130915568,16,19.223529411764705,149.99999999999983,7.80293757649938,0.8003104159626406,1.6227655714101927,0.46484311108423043,14.215634085727054,4.919649790450166,148.53406326034064,1078.315693430657,-208.71389231599773,False
135,0,16,933.5882352941177,17,17,True,21510.114419644,3734.3529411764707,2399.0144057196703,2212952.529411765,0.616200760556761,0.14141282227486907,,-0.21629009274816466,775.0,1050.0,1.3548387096774193,15,13.759803921568645,11,16.672727272727265,30.71428571428578,1.842187256582027,0.7163234657465367,1.1417590561469415,0.2971998544239745,11.461175451944587,4.0860426884483845,149.54214559386972,1223.1245210727968,-89.23252793729759,False
136,0,16,792.9375,16,17,True,16898.564206266317,3171.75,2006.9395402064615,1560223.75,0.6606640042255302,0.17033659327534942,,-0.21909327893806893,705.0,1000.0,1.4184397163120568,16,16.58682352941175,12,0.1363636363636241,23.7,173.80000000001561,1.2301585171856955,4.782992599710944,1.0941049416155635,19.54906291114787,11.649667784851626,147.248,641.432,-179.40725663252064,False
137,0,12,995.1538461538462,13,13,True,23648.595601763056,3980.6153846153848,2218.2112585461937,2196920.076923077,0.5671233302639224,0.1381833089933741,,-0.1699758329780995,862.0,1050.0,1.2180974477958237,10,7.80769230769235,11,15.88181818181818,-128.0,-8.059530623926733,0.6310594393446637,1.7624559687802746,0.4724423980869507,7.572713272135964,4.1295533113145435,160.38858397365533,61.577387486278816,-113.23504618601153,False
138,0,9,1000.8,10,10,True,23957.72892970799,4003.2,2038.6664434575955,2060873.9,0.5375201997524459,0.1429689113456885,,-0.2839962750940101,1085.0,1152.0,1.0617511520737328,1,-26.739393939393903,8,-24.369047619047574,-318.99999999999966,13.0903761602345,0.4950566253112194,0.9724363886762546,0.2927986200464294,4.455509627800975,1.3977396558426218,166.10960757780785,93.84979702300406,-20.112257547209794,False
139,0,10,718.9090909090909,11,11,True,14627.492435590162,2875.6363636363635,1968.2620810128983,1366045.7272727273,0.7008274630142789,0.17261328531262476,10.0,-0.35860939174050294,565.0,974.0,1.7238938053097346,10,29.28181818181819,8,25.285714285714313,135.50000000000014,5.358757062146893,0.6762978098574762,1.3414500695496183,0.3550691382315647,6.762978098574762,3.75759331808691,159.18788501026694,612.3388090349076,-147.60381966542724,False
140,0,13,1180.642857142857,14,14,True,30565.565350037392,4722.571428571428,2798.5861615276335,3278457.0714285714,0.6492869833869718,0.1433467674142236,,-0.1516055790562691,1020.0,1333.0,1.3068627450980392,12,16.621978021978002,11,17.472727272727266,72.00000000000004,4.120707596253906,0.4356615706900294,1.028286772435064,0.25559364766882675,5.663600418970383,2.752811096146166,168.23402617398,668.1832178598922,-29.16602025286071,False
141,0,7,715.875,8,8,True,14432.082698530972,2863.5,3311.1024134437594,2370978.625,0.5042749373002963,0.11886627828076231,,-0.18362724584671455,679.0,817.0,1.203240058910162,6,10.845238095238107,6,3.2000000000000246,-90.99999999999994,-28.437499999999762,2.011539655032886,3.9418946615623573,1.2015553307406577,14.080777585230203,2.5737574384446806,168.93388429752065,254.0840220385675,7.809748295489082,False
142,0,8,690.0,4,9,True,13646.325716111067,2760.0,3596.3606694202344,2476804.25,0.7165863645016497,0.24599734266722822,,-0.1423108774207,673.0,740.0,1.099554234769688,8,7.55263157894732,3,23.99999999999983,17.999999999999993,0.750000000000005,0.6967690619930001,0.9719773548799702,0.21348651647787492,4.86887377679702,3.597000385648408,123.31891891891892,463.59864864864863,,False
143,0,23,1257.904761904762,21,24,True,33818.12770194484,5031.619047619048,2807.55338611134,3434551.761904762,0.8225227822620012,0.18004744100031253,,-0.2711280506737875,1024.0,1525.0,1.4892578125,21,24.391415994130583,13,8.818681318681353,6.171761280931605,0.6998508119187213,0.7363813987270456,2.5656897137943044,0.6033563769316405,16.130034721219772,1.8835701913101817,173.4228373702422,862.0996539792387,-89.85638927865942,False
144,0,19,1181.7368421052631,19,20,True,30641.321887794624,4726.9473684210525,2448.7753027632884,2869790.4736842103,0.6220723671411869,0.13327979424030395,,-0.13214024611577768,1000.0,1425.0,1.425,18,15.669678540399689,18,15.409313725490223,-173.00000000000048,-11.226976300302223,0.6498425847847723,1.7205033612792306,0.4943085189295136,11.849375754641587,3.711304387498123,184.22284345047925,738.4848242811502,-53.010494421581136,False
145,0,13,984.2142857142857,14,14,True,23323.85530048306,3936.8571428571436,2215.946816538745,2144933.5,0.6374531181458408,0.15111272315721885,,-0.1797556893319555,884.0,1312.0,1.4841628959276019,13,16.560439560439548,11,13.336363636363641,204.00000000000009,15.296523517382413,1.2849572350885743,2.4907155792315554,0.6191571616333639,16.704444056151466,6.493567498427066,186.1608231707317,589.0137195121952,-77.3464728044553,False
146,0,14,1306.8,15,15,True,35643.16163505627,5227.2,1827.9098893881483,2359056.6,0.6501854972308914,0.12528664796910538,14.0,-0.42586172584059756,1155.0,1672.0,1.4476190476190476,14,20.689285714285695,13,10.384615384615413,224.99999999999963,21.666666666666572,0.9505884788098682,2.2322880922863253,0.6282295688959922,13.308238703338155,1.7292344836615592,197.28708133971293,112.90370813397129,5.533437755736608,False
147,0,29,983.3846153846154,26,30,False,23252.042741319452,3933.5384615384614,1848.0683301062531,1809737.5384615385,0.6271392716600903,0.14088502742497716,24.0,-0.6119394524735056,840.0,1165.0,1.3869047619047619,21,2.8370487503856685,23,10.771953526074013,28.107142857142858,2.609289279712191,1.1866112304264957,11.719516979300046,2.2232724727129387,42.39161576400932,20.201826207863924,215.93732193732194,1230.2687559354226,,
148,0,18,1143.1666666666667,18,19,True,29204.831104685945,4572.666666666667,1724.0628846421475,1925170.7222222222,0.670955468941781,0.1492211986705736,14.0,-0.3839845769603476,946.0,1533.0,1.620507399577167,18,19.857585139318925,13,15.64285714285717,88.1891891891892,5.637665062322586,0.6076407505877437,1.2157281952139203,0.31162602134756795,10.728683990781613,3.831061608853642,199.98043052837573,395.46053489889107,-178.09659614235068,False
149,0,19,1179.6842105263158,19,20,True,30594.127987988515,4718.736842105263,1893.435832560479,2196650.052631579,0.8474627237767782,0.18449537076375053,,-0.17247599619019882,942.0,1416.0,1.5031847133757963,19,13.523892267593405,12,22.458041958042,54.55434782608695,2.42916759742501,1.5344651807516527,3.0707716333611286,0.843054386080374,28.550295244130506,4.279516494713394,197.3213276836158,1166.859463276836,-51.48812909987073,False
150,0,29,996.16,25,30,False,24219.592580479974,3984.64,2038.7247443306135,1825823.56,0.6576617432665295,0.15781775716862578,16.0,-0.324246460205599,695.0,1598.0,2.2992805755395684,29,29.110963350313295,11,16.845454545454537,41.364906084443746,2.455552978569247,0.7002665060978767,1.9725697451464064,0.5375958693054737,19.019710682802973,3.3794562449428547,206.9762202753442,614.5907384230288,,
151,0,11,1107.5833333333333,12,12,True,27770.36707816868,4430.333333333333,2442.171894229066,2674395.5833333335,0.5669959816633167,0.1403336401587775,11.0,-0.4452640766050719,976.0,1226.0,1.2561475409836065,11,18.374125874125916,4,37.099999999999845,20.523809523809607,0.5532024130406925,0.6982011910950406,1.3217068202813476,0.3364073878229037,7.680213102045447,3.029434425489725,217.6411092985318,555.0717781402936,-132.1932048012215,False
152,0,5,635.1666666666666,6,6,True,12067.44617697034,2540.6666666666665,3247.3419805893777,2046076.0,0.5550763352367181,0.17330810782104997,,-0.1476852188454268,546.0,679.0,1.2435897435897436,5,25.457142857142927,3,54.5,11.499999999999973,0.21100917431192612,0.7752658697856628,1.0070762557996658,0.2107980905846518,3.876329348928314,2.851000529481496,218.05154639175257,588.0427098674521,-191.75434462511285,False
153,0,19,1432.6315789473683,19,20,True,41025.90527810134,5730.526315789473,1351.709045917218,1896646.1578947369,0.6615794614554665,0.1486154787268177,,-0.1853015089979612,1250.0,2018.0,1.6144,19,23.814769765421406,10,11.248484848484845,68.98676470588238,6.13298285370183,0.6010378034694763,1.128908395963912,0.2976023679329004,11.372494288800148,1.3008330397157943,228.03221010901882,51.81367690782953,-87.16173392238369,False
154,0,29,1217.125,16,30,False,32556.304042059022,4868.5,1602.9209390856795,1817680.5,0.6990616100554391,0.14474435125861482,27.0,-0.36562179092061076,990.0,1941.0,1.9606060606060607,29,33.377670779416164,13,9.868131868131899,32.94736842105265,3.338764505919579,0.5128731728859711,1.2865104229114714,0.3548581698234193,8.924385324307737,3.552804032868909,228.91602266872746,664.9953632148378,,
155,0,9,910.1666666666666,6,10,True,20751.59618429104,3640.6666666666674,3293.520382926876,2966026.5,0.4172804252185454,0.16075838361019998,,-0.17893626527617704,820.0,1112.0,1.3560975609756099,9,26.392857142857117,5,31.00000000000015,71.07692307692312,2.2928039702233156,3.0013203483413027,9.955703795149217,3.5154457378860515,36.891974648256706,27.079599697323275,233.46312949640287,1284.4010791366907,272.36236597148627,False
156,0,9,628.0,6,10,True,11868.282498671922,2511.9999999999995,1624.7602932934162,1018125.1666666666,0.6220653886696206,0.14248580306363087,,-0.20928801432520514,565.0,703.0,1.2442477876106195,8,4.158273381294975,8,14.238095238095221,-139.9999999999999,-9.832775919732445,0.7854624717214194,1.9865548721203645,0.6566008005181243,5.332168913973674,4.227651882513749,235.943161634103,208.94849023090586,-40.58658375709895,False
157,0,8,1016.2222222222222,9,9,True,24413.76067753693,4064.8888888888887,1926.1704853375122,1943529.7777777778,0.7970505262424343,0.17091312657992125,,-0.1724591036042027,927.0,1103.0,1.1898597626752967,6,3.516666666666646,7,24.8214285714286,-198.99999999999991,-8.017266187050346,0.5633686253691954,1.0141564973966244,0.37557012945588575,4.506949002953563,1.966473393384465,181.48855835240275,474.50686498855833,-49.375403418158115,False
158,0,19,1151.842105263158,19,20,True,29714.380396877244,4607.368421052632,2882.766239434975,3177107.5263157897,0.6146638750164319,0.14232480452244597,,-0.17703900432750835,887.0,1574.0,1.774520856820744,19,32.326933101650766,13,16.631868131868163,52.67701863354038,3.1672340242168255,0.9448048029618885,2.614691398185481,0.7766282254711455,17.311022694008788,5.6747203584300445,241.16963151207116,596.1550190597204,-44.492665804472225,False
159,0,15,1139.0625,16,16,True,28997.10389992057,4556.25,2146.5728174845194,2430867.1875,0.665387034789324,0.14949682525757899,15.0,-0.36277355022790764,997.0,1336.0,1.3400200601805417,13,15.463235294117663,12,6.6013986013986194,-44.10000000000006,-6.680402542372872,0.8925798262242904,2.7400485220378243,0.7606083879707559,13.388697393364357,2.4781179648796674,126.54957264957265,708.7495726495727,-25.889397439618424,False
160,0,13,1201.4285714285713,14,14,True,31525.33564581752,4805.714285714285,2334.6906815879224,2715684.285714286,0.6762297265711659,0.14802436248567435,11.0,-0.4024351343438481,999.0,1598.0,1.5995995995995995,13,33.775824175824155,10,23.024242424242406,158.30000000000024,6.875361937351951,0.7408127326236096,2.139421645797736,0.5589902459488918,9.630565524106924,3.6277871899016843,112.96433041301627,1061.3742177722152,-314.1186286414602,False
161,0,19,792.7894736842105,19,20,True,16946.402260147494,3171.157894736842,2311.4873591962487,1784722.8421052631,0.7286759954940676,0.16715222856516776,,-0.24975411815965967,897.0,1048.0,1.1683389074693422,19,13.348566463944401,3,-60.99999999999991,22.736984448951986,-0.37273744998282,1.1020237586953092,2.364091442576678,0.6380314776709048,20.310139719731318,3.869627241478286,542.6326335877862,163.90267175572518,-66.8744544088234,False
162,0,9,936.7,10,10,True,21588.714322561475,3746.8,1905.0627141066584,1786885.3,0.7206713085171264,0.1533409227678766,,-0.24105318952527857,906.0,1015.0,1.120309050772627,8,0.20000000000003973,8,-2.142857142857035,-122.99999999999979,57.40000000000279,2.166358589648763,9.894140554860426,2.857750917105223,19.497227306838866,13.371675148117895,34.87219730941704,1001.786995515695,-29.64402636288833,False
163,0,29,1214.7307692307693,26,30,False,32012.073093985113,4858.923076923077,1672.9710223698619,1950134.0384615385,0.5871620274968629,0.11892622958041975,,-0.26305350778411135,955.0,1478.0,1.5476439790575915,29,14.568006335379136,26,15.939230851480923,76.39999999999999,4.793204936416466,0.6510660808476658,1.646842367232972,0.42951245009186934,17.97813200631418,1.5690013739054836,23.671177266576453,618.8592692828146,,
164,0,7,1071.375,8,8,True,26452.394479539777,4285.5,1846.5753413965308,1948079.75,0.7043529484716878,0.15037329026613455,7.0,-0.3017538704780294,944.0,1291.0,1.367584745762712,7,33.39285714285715,6,19.742857142857222,199.99999999999943,10.130246020260422,0.6035586678703563,1.1657401896446946,0.3179356007511863,4.224910675092494,2.4704699685322917,23.946553059643687,1262.3307513555383,-0.01781962464996095,False
165,0,7,1298.875,8,8,True,35436.08675261103,5195.5,2572.7970398364996,3238105.875,0.7886804260130817,0.1661126963400913,7.0,-0.31516515356258573,1027.0,1604.0,1.5618305744888024,7,61.27380952380957,6,69.37142857142862,308.99999999999926,4.45428336079076,2.612943777483817,4.050031829700509,0.942263267453931,18.290606442386718,2.7809893688798866,26.859725685785538,563.3653366583541,-11.453484759346317,False
166,0,21,1341.8,20,22,True,37109.40736758052,5367.2,2480.120689434238,3288022.45,0.7825471637364955,0.17338336754657063,,-0.2205719948064325,1182.0,1623.0,1.3730964467005076,21,19.590380978114016,12,4.625874125874169,26.779411764705866,5.789048952914441,0.5324015846188882,1.0657289945158432,0.2606008429418367,10.374008888385232,2.467096144072201,34.98274799753543,1101.5834873690696,-19.83569556368141,False
167,0,9,838.7,10,10,True,18345.96484244046,3354.8,2473.718544495072,2035404.2,0.7206835253757762,0.1606449555480003,9.0,-0.32550311151990036,707.0,1035.0,1.463932107496464,9,25.860606060606084,8,24.95238095238097,194.9999999999999,7.814885496183196,0.5799955294182855,1.1931740187364204,0.36138101008427204,5.219959764764569,2.6406851569575305,32.93816425120773,969.823188405797,26.70200730789835,False
168,0,11,1210.3333333333333,12,12,True,31747.130213565837,4841.333333333333,2296.1902303889196,2781942.9166666665,0.750467744069478,0.16401817624670564,11.0,-0.32780882969738184,1112.0,1381.0,1.2419064748201438,8,-1.9510489510489175,8,16.571428571428587,-116.60000000000016,-7.036206896551727,0.9837479038159267,2.0742979101858454,0.497918233953517,10.821226941975194,5.260570626190489,36.05758157389635,469.88291746641073,15.359357050064466,False
169,0,10,1194.6363636363637,11,11,True,31100.686850960938,4778.545454545455,2479.975848790012,2936202.909090909,0.7383186407874006,0.1626532941195234,10.0,-0.45542583050819146,1042.0,1294.0,1.2418426103646834,10,20.554545454545455,2,89.99999999999977,17.20000000000004,0.191111111111112,0.5228142944783672,0.9976875644773439,0.3062331888681252,5.228142944783673,0.2785706642720186,46.61901081916538,673.129829984544,-65.98953802567732,False
170,0,29,1045.2307692307693,13,30,False,26509.343114380084,4180.923076923077,2028.2289219907866,1984057.076923077,0.5387248921955771,0.08314788800840386,27.0,-0.718292279022515,1413.0,1733.0,1.226468506723284,29,24.54887734840382,2,49.99999999999977,37.66276346604215,0.7532552693208464,1.8194719879487404,13.07547792975323,3.4270129243582463,30.931852999913968,7.188376695498687,44.35949221004039,750.1125216387767,,
171,0,14,1762.2142857142858,14,15,True,55879.22756562141,7048.857142857143,3809.4766457315754,6751185.071428572,0.4927557242024982,0.1158350574957017,14.0,-0.48704228894896034,1784.0,2164.0,1.2130044843049328,12,-5.322826086956447,12,-15.863636363636388,-276.50000000000114,17.429799426934142,1.9523565893830894,7.222797999927278,1.7843995346784556,26.12061108041418,12.44351086366769,67.26381129733085,617.5667287399131,-42.01709014034258,False
172,0,29,1281.2307692307693,26,30,False,34947.31065627005,5124.923076923077,1727.7313978306618,2088154.7692307692,0.69174506376282,0.14110464673181086,,-0.21787145696213586,989.0,1785.0,1.8048533872598584,29,24.64035020055536,23,10.799108349094837,20.357142857142843,1.885076267324343,0.7049285893333866,1.3952559755076488,0.35885925839000204,20.258064195122124,6.148340209164452,51.67563025210084,1200.0156862745098,,
173,0,14,892.5333333333333,15,15,True,20086.024427937537,3570.133333333333,2161.9923588417537,1927729.6,0.7014083579538227,0.15317363019259875,14.0,-0.417624225366848,816.0,1045.0,1.2806372549019607,12,5.257142857142844,12,2.6083916083916345,-59.50000000000017,-22.810991957104395,1.4721413105732724,6.830711202043771,1.899525310207795,20.609978348025813,1.9969240758002873,55.704103671706264,1288.1252699784018,14.987124947742922,False
174,0,14,1469.2666666666667,15,15,True,42469.95003245267,5877.066666666667,3280.479501254286,4760573.066666666,0.5169575757968546,0.10521360751365837,14.0,-0.35179971578164854,1280.0,1705.0,1.33203125,14,23.914285714285683,12,13.384615384615397,31.49999999999998,2.353448275862065,0.9184259275958685,2.7937614336959813,0.7606580647315685,12.857962986342159,6.780415605479007,119.6651026392962,755.7038123167156,-20.025058294695878,False
175,0,16,1286.764705882353,17,17,True,34926.45061340486,5147.058823529412,2520.233535253612,3141961.0,0.6449063340050948,0.1502135354553368,14.0,-0.4356093566579377,1073.0,1661.0,1.547996272134203,16,27.88235294117643,13,17.7692307692308,147.8000000000001,8.31774891774891,0.9307701670622837,3.775253751462542,0.8216949381542589,14.892322672996539,4.544967022893406,58.44310656231186,310.7037928958459,-348.5329673599092,False
176,0,18,979.4444444444445,18,19,True,23168.817744217,3917.777777777778,2261.555488542959,2168072.388888889,0.6175362281667888,0.1335499870509954,,-0.19169657104851212,785.0,1268.0,1.6152866242038217,18,18.76138876603276,11,20.781818181818164,45.40573770491802,2.1848780172970192,0.5140917629880799,1.1590519970723232,0.2774459676494175,8.961507730987636,2.393229797368615,69.04968454258675,1066.2760252365931,-223.95018697374954,False
177,0,18,939.9444444444445,18,19,True,21757.251439485583,3759.777777777778,2097.380075454544,1940576.388888889,0.7474356036741878,0.17697803196170556,18.0,-0.34154658000300275,858.0,1294.0,1.508158508158508,18,11.97058823529414,16,6.104411764705903,163.99999999999986,26.865815466152622,0.9576473794717615,3.3171764049834267,0.7414106082364273,17.763974587997502,2.1325761065040756,78.3902627511592,1228.7194744976816,-158.0214305157452,False
178,0,16,1136.9411764705883,17,17,True,28903.75459315945,4547.764705882353,2016.5722993435647,2276351.411764706,0.6866273499559162,0.145790593879684,16.0,-0.3813431131661309,968.0,1335.0,1.3791322314049588,15,13.49999999999998,15,15.39285714285712,-241.00000000000017,-15.656612529002356,0.6823877092868167,1.3016040708317203,0.3999541153489408,10.918203348589067,1.7120535224410594,79.21389396709324,47.60329067641682,-61.29958951018178,False
179,0,14,931.7333333333333,15,15,True,21433.894234654876,3726.9333333333334,2263.5313803261715,2095412.1333333333,0.6455749182860814,0.15473298681274927,14.0,-0.46361096535612106,842.0,1107.0,1.314726840855107,14,9.774999999999984,13,9.131868131868151,221.9999999999997,24.310469314079338,0.8526901236656089,3.131077712306106,0.7244657574260823,11.937661731318524,4.008253907834593,83.84733514001806,1260.1806684733515,-35.77998035712635,False
180,0,29,1294.625,24,30,False,35569.397934429515,5178.5,1689.3768298161046,2080251.5,0.6722863698041208,0.14435227333515566,,-0.1576701385291825,941.0,1839.0,1.9543039319872475,29,30.15643959757316,18,14.301141352063285,29.916256157635495,2.091878922189616,0.5000962473165721,1.0345380428029716,0.25847666161051414,13.643593667964593,4.067323081955827,88.49809679173464,279.85589994562264,,
181,0,14,1402.8,15,15,True,39641.875647321,5611.2,3130.297064973702,4312000.733333333,0.7236518560878114,0.16522500831092132,14.0,-0.44955482346025255,1179.0,1750.0,1.4843087362171332,14,25.04285714285712,13,20.912087912087937,285.99999999999955,13.676300578034644,1.5765808947506408,3.6236084222114098,0.9619597727824715,22.07213252650897,2.171642314375519,92.96914285714286,579.1554285714286,-61.333443595406536,False
182,0,16,1220.764705882353,17,17,True,32149.238944281988,4883.058823529412,2281.703998678222,2760991.0,0.6183677005080022,0.13285317057282675,16.0,-0.3790310045855874,1126.0,1502.0,1.3339253996447602,16,8.63235294117649,11,10.981818181818241,68.39999999999993,6.228476821192014,0.5858230526920093,1.0759979941158984,0.31970092576735604,9.373168843072149,3.585523682235344,91.1404793608522,506.96205059920106,-97.69537899691308,False
183,0,19,1213.7894736842106,19,20,True,31960.66660292343,4855.1578947368425,2637.5237950296582,3153446.3157894737,0.6516458198231391,0.1416528147243871,,-0.17951574060821784,1055.0,1492.0,1.414218009478673,19,20.585403996524786,12,1.6713286713286966,25.923913043478276,15.510960523921915,1.5202639602467827,7.199528158069401,1.8144906084853076,27.86083166643155,5.466575425514085,95.58310991957104,655.7955764075067,-85.54990286672651,False
184,0,12,1035.0,12,13,True,25119.98034545223,4140.0,2997.1501184108206,3065889.25,0.5070609527751179,0.15076683075856137,10.0,-0.3437487753815169,1130.0,1228.0,1.0867256637168141,12,15.737493275954806,2,-213.0,26.019480519480577,-0.1221571855374675,1.5581608945252625,6.661920016735401,1.7415527441815357,17.939777106179392,8.219701196744868,96.52035830618892,466.0325732899023,-371.30727727906486,False
185,0,15,1198.1875,16,16,True,31281.451341032996,4792.75,2673.3147165991986,3168526.0625,0.8458120890529731,0.18101673880635386,15.0,-0.3865964460454172,1107.0,1465.0,1.3233965672990062,15,17.269117647058824,11,10.672727272727283,80.1,7.505110732538323,0.6780924787650647,1.4667768565661694,0.42791026404223825,10.171387181475971,2.551301046144477,101.0,1159.5023890784983,11.415498152170256,False
186,0,19,1275.7368421052631,19,20,True,34395.788510669765,5102.9473684210525,1635.5998632731469,2058814.8421052631,0.728712635130119,0.15523033729277066,,-0.28167876718531104,1081.0,1631.0,1.5087881591119334,19,19.443266724587343,16,14.988235294117695,99.1428571428575,6.614711818793453,0.46480062860848786,1.1874212327248073,0.30599856659709573,8.593713526047488,2.8635239392534135,102.35928877988964,199.52667075413856,-33.099673034237824,False
187,0,29,1180.2962962962963,27,30,False,30577.45086841812,4721.185185185185,2332.6163338597494,2713001.074074074,0.8030687792597102,0.18586191544068065,14.0,-0.3140636544425252,983.0,1323.0,1.34587995930824,18,8.759967551520587,23,15.300864631180755,12.500000000000007,0.8169472968558243,0.8160760184006345,2.5921304703663965,0.6601611089560936,22.108528196738504,1.7400013973531352,104.03284950343775,409.7005347593583,,
188,0,18,1279.9444444444443,18,19,True,34536.114279232876,5119.777777777777,2078.704424733159,2619146.388888889,0.6903714244651543,0.1448997429765162,,-0.1923104236794637,1063.0,1490.0,1.4016933207902165,16,17.314462627156153,16,16.75147058823533,-47.00000000000005,-2.8057238170485443,2.1320172276552,5.43439888644183,1.2915597491973598,38.341604638279854,4.241493796941277,101.04154727793696,830.0494269340974,-183.59261610199766,False
189,0,12,1259.4615384615386,13,13,True,33699.94305787741,5037.846153846154,2446.983343238459,3049604.4615384615,0.6827636708098569,0.13275480524606972,,-0.19150984976384053,1091.0,1535.0,1.4069660861594868,12,19.527472527472565,11,17.52727272727272,325.99999999999994,18.599585062240667,0.9660909130446984,2.86410822719437,0.6546095262067763,11.59309095653638,3.556877516309273,69.43583061889251,777.4879478827362,-108.42340371467664,False
190,0,10,968.1818181818181,11,11,True,22679.89653467009,3872.7272727272725,2812.947177014165,2712805.090909091,0.6994866355955615,0.15330788200396156,,-0.15152471415604626,875.0,1021.0,1.1668571428571428,8,12.881818181818193,4,32.69999999999988,10.64285714285712,0.32546963739624335,0.6999985334641127,1.3592462487141994,0.4220859459632383,6.999985334641127,1.6195412844587211,248.78761061946904,541.3746312684366,-37.41641934987845,False
191,0,16,1182.2941176470588,17,17,True,30671.87721522996,4729.176470588235,1942.6637250670033,2269150.3529411764,0.6280026885380644,0.13987817345547976,,-0.2021766274863658,983.0,1356.0,1.3794506612410986,15,18.943627450980387,9,29.766666666666673,29.65476190476192,0.9962406015037597,0.46073498641938715,0.8149889842019495,0.23848017826751347,7.371759782710194,2.491325128069119,132.00377928949356,233.67800453514738,-82.27697922870222,False
192,0,29,1200.576923076923,26,30,False,32131.629855889852,4802.307692307692,1832.999722516467,1904619.5,0.577499586710457,0.13103611388786712,16.0,-0.42968486462494454,855.0,1735.0,2.0292397660818713,29,34.146598272138206,15,5.171428571428583,28.808618012422354,5.570727239971161,0.6845700512143261,1.8501979115832983,0.4097000594557793,19.057123867277227,6.9190527526778896,465.09625360230547,1109.4893371757926,,
193,0,14,930.8,15,15,True,21411.478767766144,3723.2,2157.372216976776,1990071.5333333334,0.7302679429404343,0.15526101091792915,,-0.17990860419150856,785.0,1066.0,1.3579617834394904,14,15.367857142857131,11,15.672727272727297,54.09999999999998,3.451856148491873,0.5245620607830105,2.2936784574277267,0.5608127523790722,7.343868850962147,4.17267332646809,400.24577861163226,937.2945590994372,30.183251457926314,False
194,0,15,1267.6875,16,16,True,34137.50322392715,5070.75,2616.460897723092,3215129.5625,0.5661576173667693,0.1279526853291117,14.0,-0.4523378244852002,1068.0,1624.0,1.5205992509363295,15,28.489705882352943,11,15.372727272727277,110.3000000000001,7.175044352454174,0.7368219809070061,2.0399728386233775,0.5548895508236562,11.052329713605092,3.0338942955267156,410.16933497536945,615.039408866995,-275.9005247771311,False
195,0,19,1071.9473684210527,19,20,True,26432.26279520258,4287.789473684211,2669.5622206400653,2846928.736842105,0.8450073943483218,0.1840589731716082,,-0.16639899809790626,990.0,1195.0,1.207070707070707,18,9.133709817549974,13,2.752747252747275,10.416149068322964,3.7839104399895493,0.4993602131488806,1.0486621569445627,0.2983692836612071,9.06320267603095,3.6298950552168843,408.85859441151564,1136.424216765453,-24.951690977809733,False
196,0,9,1022.4,10,10,True,24679.308549413927,4089.6,1910.0495744127802,1921431.0,0.7921997211459327,0.1772336625422151,9.0,-0.3678333853188752,895.0,1274.0,1.423463687150838,9,23.224242424242487,8,23.000000000000018,347.9999999999999,15.13043478260868,0.9168350167017658,2.2307747850069917,0.6580377427370537,8.251515150315893,4.570971842561674,423.3241758241758,411.7778649921507,-82.44259740202304,False
197,0,11,997.6363636363636,11,12,True,23739.516478912738,3990.5454545454545,2679.777966841739,2646821.727272727,0.631991991130525,0.1406456835457152,11.0,-0.4046220541504306,864.0,1081.0,1.2511574074074074,8,16.08811748998671,8,22.311643835616437,-14.100000000000005,-0.6319570222563318,0.8959348261819262,1.7817788043906608,0.48659607203107214,9.628738214511591,2.137684870888425,428.67054263565893,829.9641472868217,-132.53756934309428,False
198,0,18,868.6666666666666,18,19,True,19304.631678312442,3474.6666666666665,1899.3847020245755,1635938.3333333333,0.725369981777172,0.15929610512439385,,-0.1383426623615518,750.0,995.0,1.3266666666666667,18,8.91110128261834,12,7.818181818181839,34.75714285714288,4.445681063122915,0.567020337718124,1.3567384118126151,0.3239928004162463,9.67672393416206,3.6218959282966923,433.06834170854273,267.38391959799,-109.71636260931737,False
199,0,4,1064.0,5,5,True,26196.935182062996,4256.0,1624.6445534556224,1699940.4,0.6434770874154743,0.14031101346451796,,-0.15844408565232318,905.0,1170.0,1.292817679558011,4,60.199999999999925,3,130.99999999999991,94.99999999999991,0.7251908396946564,1.6737760311070848,2.517584212064602,0.6124919269028085,6.695104124428339,2.7212626815380174,440.3376068376068,951.0452991452992,-179.02188543664997,False
200,0,13,973.1428571428571,14,14,True,22863.392440342886,3892.5714285714284,1854.5545728738107,1793512.2857142857,0.7258596947652586,0.15267576092323418,,-0.16965787313820593,853.0,1090.0,1.2778429073856976,13,12.109890109890124,11,14.290909090909091,57.49999999999999,4.0235368956743,0.40619776599275637,0.8088036221834692,0.2671267201358663,5.280570957905833,2.6921731459439213,448.1981651376147,1245.3,-19.41854643941859,False
201,0,10,1165.4545454545455,11,11,True,29992.83455911187,4661.818181818182,1837.3335012301247,2146203.1818181816,0.7196326292131668,0.1520132277914998,10.0,-0.3877089062278436,1107.0,1310.0,1.1833785004516713,8,-0.9909090909090552,8,12.285714285714324,-174.00000000000006,-14.16279069767438,1.1360885759755592,2.7650775418826794,0.7347945171080038,11.360885759755593,5.074900037281362,460.3035343035343,90.07484407484408,-33.268099230508724,False
202,0,13,1092.2142857142858,14,14,True,27365.716183738587,4368.857142857143,1820.5416127597475,1913192.5,0.6706009845017034,0.16583614981182063,12.0,-0.3274406356747599,906.0,1458.0,1.609271523178808,13,35.15824175824176,11,18.045454545454557,72.4999999999999,4.017632241813594,1.2789271719557966,5.22061146889475,1.4538290863029895,16.626053235425356,4.411391794792494,461.64814814814815,217.40534979423867,-299.4274098046616,False
203,0,19,1372.9473684210527,19,20,True,38389.4045112289,5491.789473684211,4280.317105255213,5807405.894736842,0.5997489684794366,0.1302944993759964,,-0.1942955162489917,1174.0,1635.0,1.3926746166950597,18,19.614248479583004,12,9.248251748251775,23.507246376811604,2.541804334127826,0.560972175981441,2.515149828526419,0.5325133873639685,10.568613485775883,2.849691193400451,467.7457002457002,1049.254914004914,-60.51600295647313,False
204,0,15,1043.3333333333333,15,16,True,25397.220008383178,4173.333333333333,1555.6245169126998,1610609.7333333334,0.6082122530661649,0.13614281909399487,15.0,-0.37069428272759897,911.0,1182.0,1.2974753018660812,14,13.413944723618105,13,8.618881118881145,-23.500000000000032,-2.726572008113586,0.4663935593629277,1.149858061514631,0.3063132434794641,6.683272290641357,2.753855461341078,479.434628975265,63.5,-4.276351591860217,False
205,0,29,1669.695652173913,23,30,False,51571.80114977906,6678.782608695652,1953.4657985926847,3179956.1304347827,0.44028476426112917,0.09235050021642462,26.0,-0.32013480729874905,1390.0,2058.0,1.4805755395683453,29,16.404319999999984,26,15.533098358850065,181.49999999999994,11.684726112391438,1.07197439845054,4.623957970876473,0.9691514450803101,25.433992005502095,5.72366258870692,483.2891156462585,589.1671525753159,,
206,0,29,862.1111111111111,27,30,False,19210.611292392285,3448.4444444444443,2053.9182355466583,1671115.4444444445,0.6320228168940141,0.14036178222839008,,-0.26869268594146517,632.0,1108.0,1.7531645569620253,28,13.78903310435294,21,10.190529973935721,2.9749373433584303,0.2919315630263996,0.5511189952965363,1.3081332151129592,0.30395615820135247,15.246429424632282,3.2461964339338705,401.9463414634146,845.3424390243903,,
207,0,15,1243.375,16,16,True,33049.98097183306,4973.5,2698.4073988686605,3332187.125,0.5690257484545561,0.1328171815275811,14.0,-0.42197673526196683,1139.0,1459.0,1.2809482001755925,15,11.732352941176437,12,-0.33216783216777956,8.100000000000232,-24.3852631578993,1.1710095214343406,5.101446530385952,1.1809915040991374,17.56514282151511,13.707923275678084,501.4976010966415,1074.4153529814942,-148.4400515306688,False
208,0,13,798.0833333333334,12,14,True,16991.035477855447,3192.3333333333335,2369.5895647223892,1890639.4166666667,0.5016129746907819,0.12026499213006688,2.0,-0.3187351578026389,774.0,894.0,1.1550387596899225,8,3.5228471001757264,9,7.716666666666645,26.42307692307686,3.424156836683836,1.65234020265964,4.579649807343559,1.1868502016807567,19.50732805841012,6.451779568882056,482.0565167243368,556.9504036908882,29.83387823768822,False
209,0,8,1317.0,6,9,True,35993.84505583432,5268.0,2608.026617563302,3412411.5,0.7911196417402748,0.17719541666671831,8.0,-0.3028821403983903,1206.0,1431.0,1.1865671641791045,8,15.551401869158937,7,18.692307692307757,169.99999999999977,9.094650205761273,2.2790408678296408,5.561484198433335,2.1677063867828172,12.669320300164465,2.2639188623821913,494.7966457023061,794.654786862334,-193.8998972922951,False
210,0,12,687.6923076923077,13,13,True,13574.002286444962,2750.769230769231,2487.376553131759,1708684.6923076923,0.68755133569709,0.14667076786183794,,-0.1608787541655267,665.0,715.0,1.0751879699248121,7,-0.978021978021991,11,3.16363636363636,-72.00000000000004,-22.758620689655213,1.9006945051618693,7.372414516029173,2.0665565845224085,22.808334061942432,1.799958293752626,491.3127035830619,932.1205211726384,-84.45823496265872,False
211,0,14,958.8666666666667,15,15,True,22393.71402898586,3835.4666666666667,2254.738390500257,2136065.8,0.6844937658006175,0.16078254279783463,14.0,-0.3411974437889684,801.0,1158.0,1.445692883895131,14,15.764285714285693,11,17.372727272727328,70.7999999999999,4.075353218210342,0.5687420987225029,1.123964552051738,0.31624796176240305,7.962389382115041,2.2448226109595155,492.60535405872196,1147.7020725388602,59.11019985298549,False
212,0,18,893.3888888888889,18,19,True,20179.989311969533,3573.555555555555,1969.7275222299254,1733795.8333333333,0.666428948704589,0.15124370693394357,10.0,-0.307995435862219,786.0,1091.0,1.3880407124681935,18,7.833923042901385,10,20.800000000000022,47.095238095238095,2.264194139194137,0.7719060791858787,1.8650395552498582,0.42354162450182886,14.292981252875787,2.887488298434083,497.66361136571953,432.5939505041247,-221.83526813107196,False
213,0,16,987.4117647058823,17,17,True,23430.24455317976,3949.6470588235293,2731.511106411043,2648479.411764706,0.5735806796114254,0.15561004767550057,16.0,-0.35407992998355925,867.0,1241.0,1.4313725490196079,16,17.86029411764705,11,10.327272727272732,61.7428571428572,5.978621730382296,0.7794083997105179,3.0444746282287283,0.6565457931895768,12.470534395368286,3.427019138297044,501.88235294117646,1115.4206285253827,-193.5751746281298,False
214,0,12,1062.2307692307693,13,13,True,26095.66114564539,4248.923076923077,2116.522462582604,2222607.0,0.6899620708778399,0.1576692978896771,,-0.18964937818114322,930.0,1249.0,1.343010752688172,12,19.03296703296705,11,15.854545454545475,118.0,7.442660550458706,0.8684156617546925,2.404043832364649,0.5549634403899464,10.42098794105631,4.1751223130977415,498.5164131305044,390.6365092073659,-124.73610412723336,False
215,0,14,1112.2666666666667,15,15,True,27973.764215150033,4449.066666666667,2081.697268992009,2295338.7333333334,0.5819881844861631,0.12815030001050592,,-0.29499088748690117,977.0,1261.0,1.2906857727737973,14,10.192857142857143,12,14.776223776223823,178.50000000000045,12.080217699952666,0.9219537235207466,1.9241319983245857,0.4416491771234373,12.907352129290452,4.307623944486839,511.3132434575734,257.3489294210944,-171.19423613714983,False
216,0,29,1141.5925925925926,27,30,False,29397.14497430389,4566.37037037037,1526.4019140366136,1660190.6296296297,0.6492189967489991,0.14070868567457254,,-0.20827184368973958,897.0,1539.0,1.7157190635451505,27,22.72439504297699,14,3.938461538461514,26.510258915486062,6.7311204277601755,0.9635591864335102,3.1911083620794,0.7063749247484229,29.042492248102363,11.685325816207913,517.7740447957839,51.776021080368906,,
217,0,13,991.7857142857143,14,14,True,23560.254425241346,3967.1428571428573,2282.575796352864,2234672.6428571427,0.6354265725729739,0.14496863415208242,,-0.18265532421158534,842.0,1215.0,1.4429928741092637,13,17.593406593406563,11,16.636363636363672,132.00000000000009,7.934426229508185,0.667584318957229,1.5207959934728628,0.41890588066494666,8.678596146443978,3.6719232837450146,522.5802469135803,1236.5761316872429,-52.148612974464385,False
218,0,12,999.6153846153846,13,13,True,23793.95226729646,3998.4615384615386,2408.1933124484012,2399503.769230769,0.6142313040391408,0.14478009373814119,,-0.1595254526491168,914.0,1098.0,1.201312910284464,12,7.879120879120923,11,10.245454545454573,161.99999999999997,15.811889973380612,0.4628372005138,0.7803806614342148,0.2141577456541849,5.5540464061656,2.4533088458161996,530.4781420765028,1100.6193078324227,-85.92678727616716,False
219,0,10,710.6363636363636,11,11,True,14363.473819926045,2842.5454545454545,1535.1882397658278,1064259.5454545454,0.7089189044539296,0.1571917872751481,,-0.1586633460039664,510.0,823.0,1.6137254901960785,9,25.663636363636375,2,22.999999999999886,12.18333333333338,0.5297101449275409,0.9300865179686129,2.6153320212324176,0.7347262994930459,9.300865179686129,2.9956414392738413,247.802729528536,182.06699751861044,-21.68606642329352,False
220,0,19,1102.1052631578948,19,20,True,27863.42169420911,4408.421052631579,1654.7778821995935,1716423.105263158,0.6459060509450962,0.14828196381070424,10.0,-0.33383009493649535,882.0,1572.0,1.782312925170068,19,30.610947002606437,10,16.260606060606076,78.40588235294119,4.821830260244235,0.7916224763361839,2.237295207885943,0.46191322724654915,14.596372517220477,3.8844186770621034,536.1081424936386,1205.1087786259543,-33.95698835423352,False
222,0,10,675.375,8,11,True,14940.730178503007,2701.4999999999995,1603.1358229596372,1275470.5,0.626969020125639,0.18179417261606404,4.0,-0.8395780554234576,1308.0,1479.0,1.1307339449541285,1,-79.6675392670158,2,170.99999999999966,9.5017793594306,0.055565961166260926,4.717137101908398,27.083371021708246,9.184076352159074,34.72839747621192,23.599028966023795,403.87344398340247,789.838174273859,-47.36588787700433,False
223,0,10,1045.4,10,11,True,25461.27984556513,4181.6,2055.315339075234,2134545.5,0.7388998794286097,0.17444123367500225,10.0,-0.341106723608816,978.0,1125.0,1.1503067484662577,10,4.092803030303019,8,9.414383561643815,118.00000000000013,12.534012368133908,1.0862500391377636,2.4111183666231484,0.6740344712663091,10.088149920354024,2.080341961544319,418.888,1271.6595555555555,-157.17801213279327,False
224,0,29,914.5263157894736,19,30,False,21086.646291188186,3658.1052631578946,2196.5645481797937,1887552.5263157894,0.6349520278712748,0.14651847098665643,21.0,-0.3064887674249855,751.0,1194.0,1.5898801597869507,29,16.62029424491561,12,0.8727272727272404,17.434695912263194,19.977255732802316,0.6260508297593926,2.6078227191886465,0.5898870533072303,16.21329235684825,3.9830219928112416,302.10217755443887,820.3710217755444,,
225,0,21,1048.25,20,22,True,25832.0572458246,4193.0,1783.2127773179295,1773634.45,0.6066566706325945,0.1330205193189284,15.0,-0.3552180285780535,783.0,1612.0,2.05874840357599,21,26.877195352607416,14,18.650549450549423,89.36363636363626,4.791474728429715,0.8347371818140156,2.0474256352412064,0.5805019330233525,16.53559301980676,3.8264004085820935,249.97332506203475,384.99627791563273,-44.223186748596916,False
226,0,13,1037.5714285714287,14,14,True,25166.127075033586,4150.285714285715,1485.5827459221416,1536846.2857142857,0.7342517235261996,0.15230906140150255,,-0.15634382955156909,935.0,1120.0,1.1978609625668448,13,4.676923076923074,3,50.999999999999986,-3.390909090909113,-0.06648841354723753,0.6313855838824908,1.6899232954149135,0.43779530808724515,8.20801259047238,3.36281258549413,259.79464285714283,74.85,40.999962362678275,True
227,0,11,843.9166666666666,12,12,True,18487.658498231343,3375.6666666666665,1923.3084826311622,1602851.5833333333,0.5942708298946308,0.1306062237614294,11.0,-0.34473840507068987,709.0,979.0,1.380818053596615,11,17.772727272727288,2,16.999999999999886,12.315151515151523,0.7244206773618591,0.8460922193307251,1.5747832485632944,0.4369360613178285,9.307014412637976,2.893805267667132,261.39427987742596,426.6802860061287,-70.97060052765009,False
228,0,18,1178.8333333333333,18,19,True,30509.26685308409,4715.333333333333,2417.7186829820557,2825414.5,0.7761385386428846,0.16260611191432106,,-0.19047322897346128,1096.0,1341.0,1.2235401459854014,18,15.093542680230007,14,10.224175824175784,7.114285714285715,0.6958297506448867,0.8960116761089416,2.7777161218185036,0.5498975607117143,16.19987615905707,3.204775769130534,274.81431767337807,918.365398956003,-189.1380832855036,False
229,0,10,979.6363636363636,11,11,True,23089.756580199122,3918.5454545454545,2494.7093479829555,2443309.6363636362,0.5537059163816642,0.1504385203031791,10.0,-0.4102112688917314,905.0,1088.0,1.2022099447513812,8,7.827272727272771,9,17.56666666666667,79.0000000000003,4.497153700189769,0.628121414874796,2.3075556538677007,0.6017527757223992,6.28121414874796,1.9125513704922392,281.6442885771543,395.40280561122245,-115.15803207971018,False
230,0,10,1001.5454545454545,11,11,True,23897.381301068726,4006.181818181818,1970.1240444100142,1936501.0909090908,0.7157430953237424,0.14697892248685943,10.0,-0.86796296561502,891.0,1190.0,1.3355780022446688,10,19.218181818181836,9,20.016666666666655,232.0000000000007,11.590341382181558,0.6376535367927721,1.2771951537589714,0.2909628373849074,6.376535367927722,2.1946263158385704,288.6605042016807,626.046218487395,-140.88857196404228,False
231,0,13,1018.4166666666666,12,14,True,24489.685899519765,4073.6666666666665,1805.8749204070791,1829293.9166666667,0.7210194783758479,0.1571916523858269,,-0.18992748342012042,876.0,1151.0,1.3139269406392695,13,15.723702664796605,11,17.554263565891514,80.50000000000001,4.585780525502308,0.45487973174076796,1.0809885785589768,0.23678550086321412,5.969555810763301,2.5557946224685266,289.09643788010425,1313.406602953953,-35.44115165746911,False
232,0,10,831.6363636363636,11,11,True,18089.257277667435,3326.5454545454545,2976.684088943733,2444199.6363636362,0.6873914013369689,0.15124668518010798,10.0,-0.3211585283298568,694.0,953.0,1.3731988472622478,10,21.709090909090904,3,47.999999999999986,21.19047619047621,0.4414682539682545,0.8943313830221001,3.5727598162906338,0.9140555124257234,8.943313830221001,0.6104284940922695,292.8982161594963,791.3294858342077,-67.62959943608048,False
233,0,12,1048.2307692307693,13,13,True,25654.941222552952,4192.923076923077,2144.6676384351595,2210537.923076923,0.4697566296078071,0.12311864378899062,11.0,-0.3488068080212036,864.0,1363.0,1.5775462962962963,12,21.181318681318707,10,24.41212121212122,230.50000000000003,9.44203078450844,1.2954594089145588,3.0730844418874557,0.8694923334182738,15.545512906974706,3.7975595017582324,297.426265590609,363.75128393250185,-192.75552990873354,False
234,0,16,1116.6470588235295,17,17,True,28132.01792354571,4466.588235294118,1940.2847165207593,2132313.529411765,0.7080277046705445,0.14169352736467275,15.0,-0.3958364654326088,972.0,1331.0,1.3693415637860082,16,16.127450980392172,14,13.178021978021984,95.00000000000017,7.208972648432297,0.7012096969294048,1.4148538283349605,0.2552795363774897,11.219355150870477,4.063664151335053,298.20285499624345,1114.7475582268971,-190.44826922088225,False
235,0,10,1018.6363636363636,11,11,True,24478.28593265504,4074.5454545454545,2405.245092732698,2434616.909090909,0.7008461595065957,0.1592656239485043,10.0,-0.40856749320720614,917.0,1098.0,1.1973827699018538,9,15.10909090909094,2,51.99999999999977,13.400000000000025,0.25769230769230933,1.1980554767132727,5.233421935361712,1.377671120933547,11.980554767132727,3.279610377508233,386.1378353376503,1284.4893617021276,-54.68523537697746,False
236,0,10,970.4545454545455,11,11,True,22778.277232256612,3881.818181818182,2413.2382620273493,2323912.8181818184,0.7416300828653697,0.14820813451453338,,-0.15894975721594654,839.0,1045.0,1.2455303933253874,10,18.672727272727283,2,28.0,12.466666666666711,0.4452380952380968,0.5803923994824013,1.293184148670191,0.3505211500909575,5.803923994824013,3.8364141189373675,310.711004784689,554.067942583732,-38.57933970471659,False
237,0,12,1352.5384615384614,13,13,True,37650.389451184325,5410.153846153846,2939.169343089389,3995262.769230769,0.6315112204639828,0.17068867494812437,10.0,-0.3082219880901593,1426.0,1710.0,1.1991584852734922,12,-3.9615384615384723,11,-13.018181818181818,655.9999999999999,-50.39106145251396,1.4938708378651693,5.741542034346496,1.5032619063767338,17.92645005438203,1.881293565493236,322.77719298245614,396.3567251461988,-114.38892520718231,False
238,0,11,982.75,12,12,True,23229.511830059146,3931.0,1847.7990866786295,1794907.4166666667,0.6838757843013538,0.15262905870988944,,-0.1503574174521564,818.0,1063.0,1.2995110024449879,10,20.171328671328677,2,19.999999999999773,12.333333333333346,0.6166666666666744,0.5416320695500382,1.00287379948549,0.27681942539985693,5.95795276505042,3.339667249623205,319.36192271442036,458.9839773798303,-74.79741396799665,False
239,0,14,1235.1333333333334,15,15,True,32736.956954729165,4940.533333333334,2101.7697031355187,2571604.2,0.7448893881094253,0.16669269257439898,14.0,-0.47799445169987925,1102.0,1457.0,1.322141560798548,14,18.29642857142855,12,6.758741258741285,28.500000000000096,4.2167615106052745,0.4876139232855663,1.047669635536356,0.2733612160450475,6.826594925997928,2.976958274330017,328.0549073438572,1256.1763898421414,-2.9197968377990438,False
240,0,18,972.1666666666666,18,19,True,22840.774839612473,3888.6666666666665,3888.540158791291,3753101.722222222,0.7149455245756346,0.18461755437026695,,-0.15867382489825116,925.0,1077.0,1.1643243243243244,16,3.6647501105706,14,-5.138461538461571,-9.399999999999974,1.8293413173652529,1.0199153179917684,3.8793752336008,0.8716788482045061,17.757202679046724,3.051044604510918,325.8558823529412,799.3941176470588,-289.3539197340176,False
241,0,14,1368.8666666666666,15,15,True,38218.74974607888,5475.466666666666,2327.74458409424,3136475.933333333,0.6702213312274229,0.14356156762231848,,-0.29926151274204255,1252.0,1701.0,1.3586261980830672,14,16.899999999999988,13,1.087912087912116,63.99999999999965,58.82828282828099,0.8179395083652573,2.974722258871122,0.7084316071496826,11.451153117113602,2.93648979571802,376.2010582010582,1110.946502057613,-180.45889830991493,False
242,0,15,854.625,16,16,True,18833.360401407648,3418.5,1733.3522636740263,1469891.5625,0.741045174063802,0.1752237246460706,,-0.13038387581944066,724.0,956.0,1.3204419889502763,15,9.729411764705903,12,11.972027972027982,54.40000000000009,4.543925233644863,0.8134979309804936,1.6404305323218549,0.48796960742093365,12.202468964707403,2.894473788083225,343.2269874476987,303.2918410041841,22.651415806225284,True
243,0,19,842.3684210526316,19,20,True,18438.917961554573,3369.4736842105262,1940.1140792905358,1614841.6315789474,0.7607631865236153,0.16728439816748922,,-0.1500925942573581,715.0,942.0,1.3174825174825175,19,9.820677671589937,11,15.318181818181822,17.797297297297312,1.1618413665891418,0.5463735465073543,1.0911244051970501,0.27155748783855815,9.967698660379478,2.892528176340677,346.67622080679405,1208.8046709129512,-1.642967264941002,False
244,0,18,750.0,18,19,True,15600.867633936454,3000.0,2176.3223766880074,1578858.611111111,0.7023828610182133,0.17254081291217016,,-0.2591353867867889,577.0,1181.0,2.046793760831889,18,16.397832817337495,16,9.92205882352941,195.49999999999991,19.703571957907215,0.6460063566649212,1.6191790408852984,0.41350358619296157,11.324107949238703,3.8465181124593304,348.44877222692634,615.5723962743438,-126.35980424169978,False
245,0,15,876.125,16,16,True,19650.299116304945,3504.5,2615.852122310504,2215328.5,0.6348935655867817,0.16609056676793438,,-0.27613029822825075,716.0,1239.0,1.7304469273743017,15,18.04117647058825,12,5.601398601398638,142.60000000000025,25.457927590511737,0.9168569640220704,2.2843146724721084,0.5543035042915769,13.752854460331056,0.5244319058953473,356.6731234866828,676.2534301856335,-188.18355684729488,False
246,0,11,615.25,12,12,True,11524.841553254402,2461.0,2317.1885587824772,1397122.4166666667,0.42436222520744765,0.11264231512394991,,-0.16170054786465832,525.0,699.0,1.3314285714285714,11,17.080419580419594,2,-40.000000000000114,13.812121212121214,-0.3453030303030294,1.065326891662564,4.892353632335629,1.2743174335246457,11.718595808288203,8.9411330650001,346.9241773962804,645.0729613733905,-176.38958014816657,False
247,0,13,1080.7857142857142,14,14,True,26816.082728474303,4323.142857142857,2877.760087117828,3045595.285714286,0.6530475245644299,0.14648529545359995,10.0,-0.44588161362175255,930.0,1344.0,1.4451612903225806,13,21.470329670329654,9,22.666666666666664,78.69999999999996,3.4720588235294105,1.0074867403103263,2.8931503367922113,0.9046354960607472,13.097327624034241,2.5088408456810907,357.3563988095238,798.9010416666666,-299.8831729435017,False
248,0,14,1016.6,15,15,True,24524.979134789108,4066.4000000000005,2265.14510488145,2255193.6,0.5583091360127219,0.12186304305632537,,-0.10743579400295818,759.0,1243.0,1.6376811594202898,13,24.707142857142866,12,26.24125874125877,134.5000000000004,5.125516322451709,1.0825905864576373,2.7167937928472576,0.7077238903672074,15.156268210406921,3.3059796547692772,357.11941510966693,388.5824532900081,-23.712835024314717,False
249,0,15,1350.75,16,16,True,37385.496922676706,5403.0,2138.9712873443523,2877912.5625,0.6526483740991791,0.16078369210499946,,-0.24008251707866368,1225.0,1481.0,1.2089795918367348,13,11.876470588235332,9,17.666666666666647,29.28571428571428,1.6576819407008103,0.4041680421108289,0.9285254287786469,0.2353789333060089,6.062520631662434,2.630367709501745,335.5759019741321,339.53165418652145,-37.72762614444268,False
250,0,15,1021.625,16,16,True,24631.213216451,4086.5,1746.8121996975847,1756009.375,0.6981815360800581,0.1443935168776788,15.0,-0.5534221685505605,858.0,1203.0,1.402097902097902,15,17.994117647058832,11,17.72727272727276,43.299999999999976,2.4425641025640967,1.1699791389213536,2.760080655663603,0.7311583207366876,17.549687083820306,6.573734799572541,384.94513715710724,1188.9966749792186,9.273992444981028,False
251,0,19,1269.9473684210527,19,20,True,34094.80113206554,5079.789473684211,2534.159387718578,3207753.4736842103,0.7729312248665279,0.16742517367821516,,-0.18782017991403585,1150.0,1408.0,1.2243478260869565,18,10.531885317115545,12,4.325174825174836,2.086956521739109,0.482513795648653,0.5410342224525757,1.4524935065609845,0.3027105549203778,9.95644391400045,3.6148373257005573,373.30344332855094,1018.3931133428981,5.389045375490495,False
252,0,21,1366.7894736842106,19,22,True,38187.34112840074,5467.1578947368425,1999.973055791127,2669991.4210526315,0.5802766575064692,0.1304100922277897,15.0,-0.31436385012005125,1142.0,1766.0,1.5464098073555166,21,20.49536685401794,15,15.73423913043476,92.85087719298252,5.901199061693485,1.5364412598047068,4.320159822674434,1.1849832455657976,35.69658174812514,3.6703127235789896,384.980181200453,1058.254813137033,-89.59017948559014,False
253,0,11,895.0833333333334,12,12,True,20191.097030501176,3580.3333333333335,2502.411925566924,2205356.0833333335,0.5445604186000135,0.12548019549046943,11.0,-0.5522087890811682,738.0,975.0,1.3211382113821137,11,18.68181818181819,2,43.99999999999983,12.46666666666668,0.2833333333333347,0.4839814565476447,1.4939915513325774,0.387718942732658,5.323796022024092,2.9469372553443898,379.9066666666667,648.748717948718,-156.33832551651017,False
255,1,14,1019.0,9,14,True,24566.0681529359,4076.0,3154.613070814551,3138940.111111111,0.5410721040222585,0.14334753223903604,,-0.2615127714612989,804.0,1158.0,1.4402985074626866,13,22.348445595854926,4,135.9999999999999,18.455592105263182,0.13570288312693526,0.8014182876938221,1.3098881531196176,0.3386791262772301,9.676572446016177,5.148545144572004,594.9894736842106,954.4473684210526,-86.26602027415454,False
257,1,18,721.0588235294117,17,18,True,14703.555646868404,2884.235294117647,3238.9889419042324,2289856.588235294,0.4770199890706247,0.14293956064974228,14.0,-0.4314893894504548,562.0,1124.0,2.0,12,13.573504983388716,12,10.827272727272705,-30.657142857142908,-2.8314741513734063,2.4640176272182517,11.790185817397074,3.53420373463075,39.96818644218179,3.8984922631507306,620.2121212121212,1239.6836363636364,-366.8102562742839,False
258,1,14,943.7142857142857,14,14,True,21921.47759311949,3774.8571428571427,2877.661919869038,2651461.6428571427,0.5545408151111391,0.1268671700744593,14.0,-0.35335261321265443,844.0,1300.0,1.5402843601895735,14,16.602197802197807,12,6.254545454545446,236.00000000000088,37.73255813953508,0.8417093730706069,1.6406432314848285,0.4717131538332876,10.942221849917889,3.966380684482442,950.07,720.5561538461538,-126.48887806628014,False
259,1,29,977.4583333333334,24,29,False,23071.0122502982,3909.8333333333335,1510.2986855808147,1432016.9166666667,0.5630052276211562,0.1318096914302896,21.0,-0.39012723968431057,844.0,1136.0,1.3459715639810426,18,9.091409572745498,26,11.13807587470397,52.00000000000008,4.668669937695333,0.6160381130400573,2.139570893369545,0.42497376995201375,15.742836896084768,2.369653007790389,771.6032608695652,1337.0842391304348,,
260,1,29,1074.6923076923076,26,29,False,26612.95842906887,4298.7692307692305,1583.1611130616777,1647484.4615384615,0.6345382998477618,0.13907892628804763,21.0,-0.33869152611392794,881.0,1242.0,1.409761634506243,29,11.945565313711532,26,14.276372658876237,54.999999999999986,3.852519215783017,0.46228603870396695,0.9430083136561858,0.22513573597795009,12.24122197840276,2.409475618591789,871.8663446054751,821.0144927536232,,
261,1,11,825.9,10,11,True,18367.005604611924,3303.6,2548.917212853882,1983461.5,0.5441608972180245,0.09678042809713815,,-0.17373325717975815,378.0,966.0,2.5555555555555554,5,53.38095238095237,4,11.50000000000009,2.5952380952381304,0.22567287784679219,4.839724247568707,26.549338142362025,7.7356659216780805,46.44804697113379,36.10740423672881,197.99896480331262,794.4306418219462,-168.38477474300933,False
262,1,16,1147.9375,16,16,True,29321.74303313634,4591.75,1616.9530098351502,1837307.75,0.6296179796961601,0.12619180404315505,,-0.18674236489830226,1009.0,1313.0,1.3012884043607533,16,18.042647058823547,13,13.7377622377622,20.800000000000065,1.514074828200569,0.7470813087521587,2.3097536755441204,0.5396329783464934,11.20621963128238,2.691172721842679,193.43335872048743,312.04341203351106,-47.04552772850813,False
263,1,13,1024.2307692307693,13,13,True,24693.203994138086,4096.923076923077,2471.4428978620276,2518345.076923077,0.5471508245368955,0.12080490583256695,,-0.15013935451094818,876.0,1157.0,1.3207762557077625,13,12.93956043956044,12,13.84545454545454,149.0000000000002,10.761654629021686,0.6502595424182901,1.5773450179845772,0.4985728268749353,7.803114509019482,4.16993543304706,28.28781331028522,316.4961106309421,-4.744598813654697,False
264,1,10,799.8333333333334,6,10,True,17140.19888097025,3199.3333333333335,2689.371937926963,2130585.5,0.40532369731787804,0.09152726681705492,,-0.23498585277273867,701.0,1005.0,1.4336661911554922,8,18.106382978723424,8,8.516483516483575,-100.0000000000002,-11.741935483870911,1.314257043446953,2.2919798638631517,0.6661957853384736,9.72277957658772,8.920001299471132,107.22608695652174,612.9304347826087,-97.37403863708957,False
265,1,29,1237.28,25,29,False,32813.01964636847,4949.12,1084.386386906812,1330297.6,0.62968570938158,0.13435808939267976,,-0.19762574370242533,1085.0,1403.0,1.2930875576036867,23,8.803209109730842,26,12.85255603122637,12.500000000000066,0.972569189321584,0.835833185156631,5.450739225760054,1.2643825244876017,21.13182612380959,2.698087675026078,428.9011583011583,119.84324324324324,,
266,1,19,706.8823529411765,17,19,True,14213.070702390014,2827.529411764706,2362.5603307085535,1640171.294117647,0.640158824475844,0.13166203743909236,,-0.13484249779857152,511.0,847.0,1.6575342465753424,19,14.184772622875526,3,137.99999999999986,13.337382160986223,0.09664769681874084,0.8722173432947309,2.7096939767136496,0.8153715162312984,14.590981507177254,5.052753316003749,485.69539551357735,903.4238488783943,-31.807916756885,False
267,1,15,960.8,15,15,True,22465.793627157404,3843.2,1546.6311363000655,1462646.6666666667,0.6502669540711837,0.1524312771638548,14.0,-0.3950637184139231,867.0,1192.0,1.3748558246828142,15,14.496428571428586,11,11.648484848484838,74.30000000000013,6.378511966701369,0.5353580783158893,1.0903809683427306,0.29296488639737955,7.495013096422451,2.0124789345847818,336.01510067114094,1311.866610738255,-140.89759504473716,False
268,2,18,974.5,16,17,True,22967.29426505332,3898.0,2802.592139011762,2682245.0625,0.5769302033774587,0.14614451729106337,,-0.20678573574185852,890.0,1201.0,1.349438202247191,18,17.821949078138715,13,4.990909090909088,23.905405405405325,4.7897897897897765,1.0566199065579376,3.5054036339513237,0.9075797546985329,16.1109837124335,2.358357625040278,714.0291423813488,762.6253122398002,-229.81544622934095,False
269,2,14,744.0909090909091,11,13,True,15299.378387068755,2976.3636363636365,1012.5870746681703,747024.0909090909,0.8092227536454183,0.14843103680777175,,-0.20190686191699786,707.0,886.0,1.2531824611032532,14,11.808387096774165,11,4.42606516290726,57.50000000000001,12.991223103057784,0.6025833172383601,1.3239046739830105,0.33196228392331684,6.61040904178672,0.5320223248803025,692.9401805869074,1337.186230248307,12.73580473382393,False
270,2,8,945.7142857142857,7,7,True,22080.857273999874,3782.8571428571427,1966.3267038982751,1853138.857142857,0.5474130522077851,0.09920872775162122,8.0,-0.3989501889054677,810.0,1136.0,1.4024691358024692,6,23.82142857142861,4,295.9999999999997,60.49999999999996,0.20439189189189194,4.969405007017483,7.280182962163688,2.7294742739294517,29.816430042104898,0.3986745820160683,738.8289828982898,1354.5544554455446,-72.12008931435417,False
271,2,12,952.0,6,11,True,22119.95163688419,3808.0,1188.2326962707723,1133801.0,0.5774422801376513,0.13632330940095008,,-0.23469877489159263,1051.0,1051.0,1.0,2,-10.78421052631576,9,-25.000000000000018,6.200000000000004,-0.24799999999999997,0.4674427312324417,0.6783965896757782,0.1245848480156815,4.402017685088636,3.4820874184665342,740.7538461538461,18.816410256410258,-106.5524653859593,False
272,2,11,936.5714285714286,7,10,True,21574.91628797161,3746.285714285714,1840.3529711001015,1719295.5714285714,0.5040386965686585,0.15036543546881928,,-0.12464149363061476,894.0,1003.0,1.121923937360179,9,10.044871794871808,9,4.076923076923044,-10.5,-2.5754716981132284,0.795019998200209,1.382216206270518,0.4349313711269623,6.807772932231208,4.013393868700478,767.764765784114,1369.4022403258655,-53.06233569055224,False
273,2,10,942.75,8,9,True,21803.151379371262,3771.0,2476.599098536379,2312617.0,0.6504159649357107,0.13154070436965073,10.0,-0.4083378850754398,892.0,1077.0,1.2073991031390134,10,17.91979949874689,9,6.071428571428498,100.00000000000021,16.47058823529435,0.5579095775803061,0.7870931336176457,0.1805310532201198,4.291395183208331,1.8908952894800546,566.1439182915506,696.5227483751161,-45.363074018444614,False
274,2,18,1004.375,16,17,True,24109.969820297192,4017.5,1791.4112469157747,1749872.6875,0.6460406628813107,0.14250963009319229,,-0.18911415367720738,922.0,1366.0,1.4815618221258136,18,23.168744512730473,13,-0.26363636363638343,57.67567567567567,-218.76980428702922,0.5674724852590817,1.1391452920618739,0.3048531662597156,8.643371536068212,2.3243443384535305,581.4209370424597,402.1581259150805,-196.70062577245892,False
275,2,19,933.5,16,18,True,21500.641653838375,3734.0,1591.2575829636517,1472639.125,0.7030454263080053,0.14613149919215318,,-0.1723943848041273,863.0,1104.0,1.279258400926999,19,11.218137651821865,12,10.043548387096772,33.58695652173913,3.344132494536417,0.5745527963733698,1.5243646612867356,0.31215078356620657,9.049534797402274,1.4203963753121187,928.3034420289855,1197.865036231884,-27.343619850081723,False
276,2,12,834.7272727272727,11,11,True,18151.216986217514,3338.909090909091,2393.818528772347,1994866.3636363635,0.558211654442177,0.1409961970070058,,-0.15254985730892356,807.0,880.0,1.090458488228005,8,2.7818181818181857,11,10.833333333333368,-23.000000000000068,-2.1230769230769226,0.8253053066275863,1.6659850583079832,0.5116438881167252,8.253053066275863,1.934099212585704,1022.5119798234552,804.172761664565,-105.70329850494603,False
277,2,9,783.0,7,8,True,16516.658657558466,3132.0,1701.3211070098757,1314480.857142857,0.7008393214492223,0.14646454767146974,9.0,-0.332055804577885,739.0,924.0,1.250338294993234,9,18.24590163934427,8,7.932432432432465,163.99999999999983,20.67461669505952,0.9035499939672488,1.5942041603549095,0.43586596192266963,5.79236131739549,1.7612235299024641,914.7683982683983,343.0930735930736,-4.6823512492427115,False
278,2,29,1138.611111111111,18,28,False,29610.813153634354,4554.444444444444,1374.6676085284557,1330347.3333333333,0.5945442444978084,0.1256329680223589,10.0,-0.39693335610153,788.0,1443.0,1.8312182741116751,29,30.471053821800073,18,27.801612903225763,3.126142595978057,0.11244464869213891,0.5906154925327658,2.0038155114059313,0.4972740938170782,12.009420068430245,3.0528484169229975,888.8821898821899,771.5426195426195,,
279,2,18,912.6,15,17,True,20808.090990494762,3650.4,1961.3804214717982,1764698.9333333333,0.7598804385062732,0.17018543991199458,,-0.12587641295820853,840.0,1055.0,1.255952380952381,15,14.312903225806446,12,18.437096774193527,41.257142857142846,2.237724483547248,0.8636452039013048,2.8406106071015076,0.6500435038620815,13.676733185018815,2.1195818709444514,886.5909090909091,626.3510638297872,-191.8519369590612,False
280,2,14,940.9166666666666,12,13,True,21775.39024893456,3763.6666666666665,1841.4243207295433,1716570.5833333333,0.5688645011861161,0.13647496328809536,,-0.1688619031337145,863.0,1134.0,1.314020857473928,14,19.425101214574834,11,10.916666666666723,77.57142857142856,7.105779716466701,0.6827518201193704,1.0528869265800482,0.21791109638020315,8.239098737714198,1.3317199083821842,835.1111111111111,169.48589065255732,-18.56520828571502,False
281,2,15,756.1428571428571,14,14,True,15658.810040082722,3024.5714285714284,1904.5926564405706,1433259.357142857,0.7889889826079562,0.1738126951484609,,-0.2049336528310398,740.0,849.0,1.1472972972972972,15,7.810989010988986,13,1.354545454545465,10.500000000000105,7.751677852349011,1.28206820102683,5.032715168778399,1.188043908190773,16.66688661334879,2.493733697961824,874.5347467608951,1265.2343934040048,31.784033791839025,True
282,2,14,1096.0,11,13,True,27337.753804628715,4384.0,1786.2452881761294,1947636.1818181819,0.6005346858237393,0.13537784761300217,14.0,-0.4264520843148178,1021.0,1242.0,1.216454456415279,14,16.13333333333335,11,9.61842105263158,71.09999999999995,7.3920656634746855,0.4950425927392776,0.9054614190621735,0.27998933400701637,5.397628443276917,0.8636721563870484,149.34541062801932,1257.0805152979067,36.52352694222219,True
283,2,21,1014.375,16,20,True,24356.1444225457,4057.5,1343.2742976419122,1351150.375,0.6878513469774158,0.15881283723428,,-0.15508949284245865,934.0,1135.0,1.215203426124197,15,12.018964633521268,13,5.66129032258061,-4.520114942528739,-0.798424861643258,0.48168760682676076,1.0478010889670444,0.33083761437593995,8.797705585515915,2.767662142114818,171.6736641221374,33.00858778625954,55.02119039079234,False
284,2,18,838.8571428571429,14,17,True,18301.59664323928,3355.4285714285716,1491.6466199255603,1243311.642857143,0.7421695670453097,0.16698029821367052,,-0.21232017415403714,789.0,910.0,1.1533586818757922,18,9.252803738317715,13,3.270967741935485,1.418918918918937,0.4337917799456315,0.4131041859208358,1.0983163754641116,0.2871082560631019,6.094614572629089,1.7276897678818282,233.57142857142858,1331.4362637362638,-129.9176365596034,False
285,2,16,1021.9333333333333,15,15,True,24676.73189524232,4087.733333333333,1969.677435587214,1963795.2666666666,0.5327086565076791,0.11414203781275661,15.0,-0.48468144779098127,916.0,1287.0,1.4050218340611353,16,20.514285714285716,11,12.500000000000021,64.91428571428568,5.1931428571428455,0.8492954405912213,2.2735495456165724,0.5122708461015745,11.890136168277099,4.422667881733256,204.02253302253303,276.017094017094,-274.416088106957,False
286,2,13,646.1,10,12,True,12426.928916394147,2584.4,2233.9160112604764,1421888.9,0.5539824996505208,0.17495411371120967,,-0.11892653312259029,632.0,725.0,1.1471518987341771,13,11.84878048780488,9,-14.828571428571433,5.257142857142841,-0.3545279383429661,0.8374686149871322,1.9214696486194989,0.5345483009423994,8.411134768947202,1.167584902669326,43.23862068965517,111.78758620689655,-246.02604588883077,False
287,2,15,900.2727272727273,11,14,True,20496.111593800437,3601.090909090909,2171.5350209234743,1896406.2727272727,0.6444086316746969,0.14510201961904973,15.0,-0.41262293897424224,746.0,1157.0,1.5509383378016086,15,31.227771679473136,12,10.76644736842107,19.600000000000183,1.8204705163458739,1.7818760471318327,3.5598000790741064,1.1038760826200646,21.05571814977403,1.5686250912378854,53.54278305963699,736.3215211754538,-116.06384257166494,False
288,2,28,446.5,14,27,True,7207.025339564067,1786.0,294.57938678621093,114921.57142857143,0.4623415704125267,0.05726508713568225,21.0,-0.6534807806579567,341.0,563.0,1.651026392961877,25,10.477854472246195,21,9.468750000000004,0.43283582089552625,0.04571203388995655,0.42483808544992274,0.8177887905881478,0.21213299755651763,11.205962646513607,0.8034383543706571,58.18264014466546,1256.8137432188066,-3.2722137488094454,False
289,2,21,1048.857142857143,14,20,True,25615.958543365272,4195.428571428572,2586.4869554370157,2682917.9285714286,0.8275465857430664,0.18183214449993182,,-0.21888044738688975,986.0,1295.0,1.3133874239350913,21,8.50031969309463,13,5.091880341880332,36.14367816091955,7.0982968440245,0.46321698412225704,0.6923872916921372,0.17020594034621184,8.2795969572194,2.01237928961739,86.37606177606177,944.715057915058,21.821250188019093,False
290,2,19,1084.0,16,18,True,26885.588593906938,4336.0,1763.6059397129445,1897912.5625,0.7394982342912111,0.1629351287341481,,-0.22124405685824272,1065.0,1286.0,1.207511737089202,19,3.9669635627530333,12,2.553225806451611,39.905797101449274,15.629560456663656,1.7715661724044989,7.714506730102456,2.011502829015094,27.89027118996433,0.827200205021766,425.3895800933126,349.62052877138416,-35.83118628790889,False
291,2,19,1228.0666666666666,15,18,True,32423.322602544773,4912.266666666666,2236.0825408652086,2734596.8,0.5710107139299582,0.13335789310998564,,-0.17698330911057103,1115.0,1389.0,1.2457399103139013,19,9.785171102661634,14,18.83152173913043,47.06976744186047,2.4995201181247704,0.8791125628013222,2.310484079583312,0.6706100510518977,14.601768699546518,2.3224346487541734,507.1324694024478,538.227501799856,-29.499604050210483,False
292,2,15,815.5,14,14,True,17593.02929748804,3262.0,1918.8958032902913,1543287.4285714286,0.8002203566420235,0.17484294097162653,,-0.1103238997122384,791.0,977.0,1.2351453855878634,15,13.487912087912097,12,16.52727272727271,94.60000000000016,5.72387238723874,1.1770279727337503,2.997826786406032,0.7875434377938365,15.301363645538753,2.9496318152652345,283.2835209825998,1160.89252814739,25.532245831675198,True
293,2,13,987.5,10,12,True,23382.360293367787,3950.0,2200.410059439449,2163402.8,0.6978983940363027,0.14577582802527625,,-0.14064592386105873,906.0,1151.0,1.270419426048565,13,18.600000000000037,11,15.348370927318339,75.49999999999999,4.919088830829509,0.4039415112285878,1.1534814841776235,0.3410199059865537,4.162982346719309,1.9461974195867389,298.01476976542136,701.7211120764553,-146.13442563600805,False
294,2,11,904.4444444444445,9,10,True,20471.953520622526,3617.777777777778,2391.774290116088,2156680.5555555555,0.6725629949798344,0.14591641916880457,,-0.18318210779217683,854.0,952.0,1.1147540983606556,10,11.691935483870957,6,6.428571428571349,10.800000000000017,1.6800000000000235,0.47307458080608483,0.7860021427697539,0.21576151355255505,3.980657411415965,0.8928121066382284,365.80526315789473,702.5894736842105,-148.4950914780396,False
295,3,12,681.25,4,10,True,13382.655814286994,2725.0,2551.354707791713,1733197.25,0.3572019476414833,0.09708151782683681,,-0.13594811021744888,648.0,716.0,1.1049382716049383,12,6.730994152046793,8,13.999999999999948,11.249999999999995,0.8035714285714312,0.2895870821716395,0.41796728133211997,0.13616636330101214,2.2894121492195483,0.9713486998184235,966.0055865921788,98.83379888268156,,False
296,3,19,1015.875,16,17,True,24429.489804335502,4063.5,1703.0567371232733,1711455.3125,0.6328017431279335,0.13332024845843646,,-0.15111612344997735,910.0,1199.0,1.3175824175824176,19,17.23123732251521,13,6.333333333333331,21.149068322981396,3.3393265773128533,1.2870836307904738,4.172477569629753,1.3359330041475255,23.4093943648738,2.531356566611772,822.9366138448707,198.7531276063386,-27.092661466368217,False
297,4,11,777.2857142857143,7,8,True,16314.460243811662,3109.1428571428573,2829.2814984354304,2202469.0,0.5887020021415518,0.16610423608664035,,-0.1880606746178058,759.0,846.0,1.1146245059288538,8,-0.7463768115941765,8,6.214285714285657,-39.90000000000011,-6.420689655172492,0.6494399341438534,1.3993043130557243,0.43980102489116546,4.100344578480359,0.7738343810589502,917.4759284731774,913.6588720770288,-96.41039087095042,False
298,4,10,807.5714285714286,7,7,True,17270.071899933268,3230.285714285714,1875.2801410824782,1510302.5714285714,0.6791928288554804,0.13131060627997257,,-0.15013117690778233,786.0,848.0,1.078880407124682,9,9.32142857142857,9,2.5999999999999686,-12.00000000000027,-4.615384615384775,0.5815058034542511,1.5271017860890315,0.45189883167485645,3.4890348207255064,2.25077670984099,854.8157894736842,1180.4605263157894,-51.37797836215454,False
299,4,12,923.4444444444445,9,9,True,21477.629133348833,3693.777777777778,2460.0303845173457,2323199.4444444445,0.38306743019180706,0.11548055521025843,12.0,-0.693083470872645,947.0,1086.0,1.146779303062302,8,-37.26666666666661,11,10.071428571428651,-545.9999999999998,-54.21276595744636,4.20170061608076,24.3163771100927,7.650436969415858,33.61360492864608,28.297644924190084,170.428927680798,245.6359102244389,-154.40488962972273,False
300,5,10,1081.5,6,6,True,26809.083046386408,4326.0,1895.4750556616993,2017296.0,0.6037036110460708,0.14773697567524388,10.0,-0.4219798881040568,1001.0,1246.0,1.2447552447552448,10,41.45714285714286,9,23.700000000000028,152.00000000000054,6.413502109704656,0.7238745389080963,0.9925390501384153,0.26493636225523937,3.6193726945404814,0.7810031764430534,757.0072231139646,217.6099518459069,-94.30257335284077,False
301,5,21,996.4285714285714,14,17,True,23802.81043972943,3985.714285714286,1889.458033225736,1853636.5714285714,0.8597330025179277,0.1905897130487835,,-0.1282827816268925,1141.0,1193.0,1.0455740578439965,6,-2.4061433447099048,9,-38.80000000000005,26.209269662921326,-0.6754966407969406,1.087332749409002,3.8410442693470737,1.188991544844926,14.75577009726851,1.1922217595268276,651.098731884058,81.86050724637681,-12.647100378699124,False
302,5,19,929.8571428571429,14,15,True,21385.053005072717,3719.4285714285716,2461.2804216849327,2275190.285714286,0.5162228900578424,0.13712553681375225,,-0.0733562811989295,906.0,1054.0,1.163355408388521,19,9.937376586741912,12,4.999999999999995,35.87681159420291,7.17536231884059,1.3209971337414796,2.8224555351777165,0.7960536829000652,18.363123447320657,6.0157166900008985,945.7618595825427,678.5654648956357,14.36924145934468,False
303,5,11,964.7142857142857,7,7,True,22545.502040723914,3858.8571428571427,1824.7466687426056,1758022.142857143,0.5561299333337256,0.12922999920401154,,-0.16160099372825132,917.0,989.0,1.078516902944384,11,10.499999999999984,9,19.900000000000055,6.499999999999983,0.326633165829144,0.4453176674546206,0.9567689095328851,0.28277865486127723,2.6719060047277234,1.8235985159726102,850.6825075834176,574.6986855409505,-95.25673201928485,False
304,5,11,781.2,5,7,True,16428.888158018734,3124.8,1609.5731621944,1255952.2,0.5523038863924198,0.15240989692713064,,-0.10642442387529578,748.0,797.0,1.0655080213903743,10,8.56034482758614,9,11.000000000000007,-0.4999999999999554,-0.045454545454541376,0.39551487298395527,0.6590754237620813,0.19634717821663686,2.376085708262825,1.1724755222450256,844.7245283018868,139.41132075471697,-51.13442273930318,False
305,5,12,881.875,8,8,True,19920.910032666136,3527.5,2099.8844188264034,1868413.75,0.5471694825159708,0.15176981824365526,12.0,-0.5432452509816407,925.0,957.0,1.0345945945945947,11,-34.44047619047618,11,2.0571428571429182,-462.9999999999998,-225.06944444443766,4.0207442343733755,20.303233110213196,6.670257763405584,28.145209640613626,20.680105054986633,191.3502024291498,217.34008097165992,-99.15787141523381,False
306,5,18,700.9,10,14,True,13989.767251164923,2803.6,1640.580489878447,1139180.0,0.8024136962688703,0.16790551833046233,,-0.11232873360949734,676.0,783.0,1.1582840236686391,18,8.527795945062131,13,-10.294520547945252,15.432432432432408,-1.4990919062775259,0.5298366713818286,0.9854089061176412,0.2758388774474029,6.352440698923924,2.1059068868935493,23.825031928480204,1327.1813537675607,-127.57718644793125,False
307,5,16,1320.25,12,12,True,36136.91265331814,5281.0,1371.300214467981,1804346.8333333333,0.5648803564433933,0.12729570672698773,,-0.23046021923482965,1244.0,1451.0,1.1663987138263665,13,17.541958041958054,13,5.059523809523811,-29.20000000000002,-5.771294117647061,1.2704970291144633,5.076483818528319,1.3365223086333933,13.975467320259096,3.7909947025704778,290.09815498154984,495.48118081180814,-48.41608667821608,False
308,5,10,1017.5,4,6,True,24421.163610210606,4070.0,2366.4225542499994,2407984.0,0.4571063839573952,0.06436614147357972,,-0.14519050656859894,1000.0,1053.0,1.053,9,1.186440677966078,9,14.499999999999979,-65.00000000000043,-4.482758620689691,0.35552853931706246,0.5212473220097777,0.14772260640561413,1.6119239138925974,0.9583964106425543,379.03846153846155,1350.753036437247,-52.79180745489062,False
309,6,29,1540.5714285714287,21,24,False,45678.0493836424,6162.285714285715,1530.440556859849,2341823.714285714,0.5428028610707695,0.10811903698771719,,-0.268033874315296,1432.0,1864.0,1.3016759776536313,29,18.24653869022342,26,19.09185907643312,136.70000000000002,7.160119894701176,0.48850096296550605,1.4738140524722272,0.35424956409005826,10.611620669966888,2.2152130532399665,227.47585836909872,1103.6593347639484,,
310,6,29,888.3157894736842,19,24,False,20422.053012675828,3553.2631578947367,2035.563734860483,1652682.2105263157,0.6289045906452039,0.16669768708137883,,-0.1988277280788658,628.0,1285.0,2.0461783439490446,29,31.017230543626265,21,20.955936352509177,22.69075144508669,1.0827839454842492,2.038230967245799,9.604250778148048,2.089937184536148,45.87633037247903,26.67351788039296,213.68249027237354,760.0832684824903,,
312,7,19,1108.9166666666667,12,13,True,27816.181261062768,4435.666666666667,1525.0250325718678,1673697.25,0.5057678060641247,0.10850482305594561,,-0.2578433777836287,1026.0,1230.0,1.1988304093567252,18,15.131578947368457,13,-0.45714285714277886,11.136645962732931,-24.361413043482457,1.601805535713013,3.8802718716013587,0.9914579549127068,18.74876308666104,8.191491765016158,464.43963363863446,253.1074104912573,-58.966580070755974,False
313,7,18,1174.9,10,12,True,30348.230801581936,4699.6,2378.9844975079336,2783536.8,0.6167262837366825,0.13277506951448823,,-0.20857695584957714,1136.0,1293.0,1.1382042253521127,18,8.337792642140457,16,12.749999999999986,118.4999999999999,9.294117647058826,1.0034328220566437,3.0057579758460236,0.7861169650691051,13.323829582482066,5.354442803781567,349.0185614849188,1353.3944315545243,-75.32682902235923,False
321,9,13,1149.25,4,5,True,29326.65249103999,4597.0,1598.5270495719697,1840208.5,0.6476210758599993,0.12150181077163234,,-0.25197979443019153,1103.0,1220.0,1.1060743427017226,12,23.499999999999996,12,5.999999999999865,-55.00000000000001,-9.166666666666874,0.2686818829373658,0.4066631278372754,0.10624616847715489,0.9542271576400667,0.5021780658460555,105.10987124463519,1321.525321888412,93.09612669212056,True
324,14,21,1417.8,5,8,True,40192.37907583262,5671.199999999999,1699.591704842124,2398804.4,0.42073512201614893,0.10696417990143003,,-0.23182043881994607,1333.0,1496.0,1.1222805701425356,19,21.698795180722886,19,35.69230769230773,-24.999999999999876,-0.7004310344827545,1.2890463349872996,1.5788893815227636,0.20283049299235606,9.41094490442266,4.383646306087022,602.4356846473029,157.7807745504841,-300.8366622315743,False
