frame,label,centroid_y,centroid_x,area,track_id
0,11,23.533333333333335,496.26666666666665,1065,0
0,178,586.9298245614035,1108.1622807017543,1140,2
0,179,591.2870563674321,283.2348643006263,958,3
0,181,593.5299079754601,909.0345092024539,1304,4
0,182,583.8172413793103,1018.0885057471264,870,5
0,183,594.1072796934866,335.18773946360153,783,6
0,184,599.6233644859813,707.207476635514,1070,7
0,185,601.2801822323462,676.3883826879271,878,8
0,186,607.5630733944954,80.9598623853211,872,9
0,187,610.644976076555,309.61435406698564,1045,10
0,190,619.8926296633304,777.7879890809827,1099,12
0,176,582.8573315719947,1263.4861294583884,757,13
0,191,619.6613885505482,1093.7710109622412,821,14
0,193,621.5689865689866,1038.7399267399267,819,15
0,194,638.514303482587,937.5217661691543,1608,16
0,196,633.6425,1069.36625,800,17
0,197,637.8336538461539,623.7192307692308,1040,18
0,199,650.18671679198,889.8208020050125,798,20
0,200,662.5661322645291,1060.6322645290581,998,21
0,201,664.2525252525253,1007.6101010101011,990,22
0,202,674.9670846394985,397.2233542319749,1276,23
0,203,677.7892204042348,707.893166506256,1039,24
0,204,678.5033947623666,483.29776915615906,1031,25
0,205,689.5787700084246,1081.764953664701,1187,26
0,192,622.7799801783945,1007.8662041625372,1009,27
0,206,691.2609542356378,1029.3125608568646,1027,28
0,175,581.9685039370079,1206.206974128234,889,29
0,143,445.8025816249051,829.5816249050873,1317,31
0,144,446.48509174311926,613.8635321100918,872,32
0,145,456.9225888324873,432.33248730964465,788,33
0,146,464.0146137787056,240.95720250521921,958,34
0,147,467.2363150867824,1330.826435246996,749,35
0,148,474.92068595927117,573.3622722400858,933,36
0,149,477.74640088593577,310.2325581395349,903,37
0,150,493.2310258548791,279.78065054211845,1199,38
0,151,500.9102099927589,1325.4170890658943,1381,39
0,152,501.0642201834862,1045.2344546381244,981,40
0,155,516.7219209914795,432.3718048024787,1291,42
0,174,580.3862660944206,648.3948497854077,699,43
0,156,517.2492113564668,1263.4752891692954,951,44
0,159,530.8522984174831,347.64431047475506,1327,45
0,160,530.3779399837794,52.91403081914031,1233,46
0,162,536.0640870616687,548.4268440145103,827,47
0,163,542.853889943074,578.3292220113852,1054,48
0,164,543.0739064856712,410.0316742081448,663,49
0,166,547.3704188481676,1254.869109947644,764,51
0,167,553.6796875,462.1388888888889,1152,52
0,168,560.8066528066528,1283.6652806652808,962,53
0,169,562.2096774193549,772.1404174573055,1054,54
0,170,568.3139356814702,327.55283307810106,653,55
0,172,578.709090909091,941.3674641148325,1045,56
0,157,516.3812949640288,1009.6654676258993,834,57
0,208,693.387703889586,793.9335006273526,797,58
0,209,701.9456869009584,139.1629392971246,626,59
0,210,710.4771709937332,691.6213070725157,1117,60
0,252,890.1718931475029,802.3031358885017,861,61
0,253,892.3763326226012,322.1098081023454,938,62
0,254,902.1373679154659,748.8924111431317,1041,63
0,255,908.7107776261937,779.2523874488404,733,64
0,256,915.1253298153034,951.0778364116095,758,65
0,257,925.3014311270125,598.649373881932,1118,66
0,258,926.6699438202247,545.3806179775281,712,67
0,259,931.2339015151515,687.001893939394,1056,68
0,260,935.7379248658318,1014.2915921288014,1118,69
0,261,939.405472636816,1354.0356550580432,1206,70
0,263,938.7379032258065,937.25,744,71
0,264,950.7641342756184,1190.8047703180212,1132,72
0,251,886.9981308411215,642.6056074766356,1070,73
0,266,965.9142857142857,990.1496598639455,735,74
0,269,973.8903993203058,67.43415463041632,1177,75
0,274,979.4764764764765,647.8458458458458,999,77
0,275,979.6195372750643,148.34318766066838,778,78
0,277,991.1246660730187,177.60819234194122,1123,79
0,278,993.2287066246057,281.47476340694004,634,80
0,279,1004.8595371109337,1195.7940941739823,1253,81
0,281,1004.5090439276486,1360.9121447028424,774,82
0,282,1006.9349881796691,768.6217494089834,846,83
0,283,1009.5908479138627,1096.371467025572,743,84
0,285,1022.7296248382924,635.9909443725744,773,85
0,267,969.2995475113122,554.2497737556561,1105,87
0,250,880.369696969697,777.589898989899,495,88
0,247,874.8896473265074,828.4891922639363,879,89
0,245,855.5696539485359,90.35847382431233,1127,90
0,211,710.6856368563685,731.2574525745257,1107,91
0,212,708.5642946317104,490.8314606741573,801,92
0,215,718.9888392857143,662.3537946428571,896,93
0,216,726.2118834080718,466.8811659192825,892,94
0,217,734.7536108751062,119.4910790144435,1177,95
0,218,738.9614921780986,891.9169675090253,831,96
0,219,747.7261538461538,1027.7046153846154,975,97
0,220,765.3407344150299,394.23911187019644,1171,98
0,221,764.2712053571429,275.9017857142857,896,99
0,222,769.359233097881,140.941473259334,991,100
0,223,777.3670668953688,185.2401372212693,1166,101
0,224,779.0765550239234,502.61435406698564,1045,102
0,225,787.8589881593111,1274.7750269106566,929,103
0,227,792.7280405405405,271.4864864864865,1184,104
0,228,794.1850294365013,1326.7434819175778,1189,105
0,229,793.8154639175258,223.08453608247422,970,106
0,230,795.2577030812325,951.4332399626518,1071,107
0,231,797.2383177570093,420.52803738317755,856,108
0,232,804.4730195177956,1184.2824339839265,871,109
0,236,822.2382271468144,931.9168975069252,1083,110
0,238,817.8019323671498,164.00161030595814,621,111
0,239,817.9609120521172,337.00488599348535,614,112
0,240,823.7470775770457,365.9872476089267,941,113
0,241,836.3424124513618,145.42801556420233,771,114
0,242,845.7727272727273,1194.0754545454545,1100,115
0,244,851.2161204605845,480.07085916740476,1129,117
0,142,447.07142857142856,123.81990881458967,1316,118
0,140,433.96625421822273,952.0146231721035,889,119
0,207,692.2602100350058,36.4095682613769,857,120
0,138,425.72429906542055,408.8722741433022,642,121
0,49,155.15848214285714,229.34598214285714,896,122
0,50,154.4639889196676,58.34487534626039,722,123
0,52,161.94485683987276,811.4782608695652,943,124
0,53,163.4908350305499,972.5071283095723,982,125
0,56,184.9986559139785,199.8494623655914,744,128
0,57,189.22128851540617,829.1064425770309,1071,129
0,59,193.3216374269006,1144.672514619883,1026,130
0,60,190.8167701863354,109.1863354037267,644,131
0,61,193.08438287153652,432.4773299748111,794,132
0,62,197.67454688731286,1192.2671394799054,1269,133
0,47,151.61518771331058,152.22098976109214,1172,134
0,63,198.3081695966908,903.9120992761117,967,135
0,65,205.7222605099931,991.4838042729152,1451,136
0,66,201.01891551071878,1114.7717528373266,793,137
0,67,204.93305439330544,230.04916317991632,956,138
0,68,213.06130790190736,199.32970027247956,734,139
0,69,215.5717981888745,1236.8150064683052,773,140
0,70,219.76931447225246,526.424374319913,919,141
0,71,221.45934065934065,1330.6934065934065,910,142
0,72,229.46183574879228,837.3980676328503,1035,143
0,73,235.26490984743413,88.95769764216367,1442,144
0,74,234.68127962085308,902.4028436018957,844,145
0,76,248.7967213114754,319.905737704918,1220,147
0,64,201.20220588235293,171.09742647058823,1088,148
0,46,143.25992779783394,1294.173285198556,831,149
0,44,141.01161751563896,1233.1009830205542,1119,150
0,42,133.19907407407408,1200.6921296296296,864,151
0,139,429.2955326460481,587.6403207331042,873,152
0,12,32.0,387.81463414634146,615,153
0,14,44.732191163210096,78.52028854824167,1109,154
0,15,41.98203592814371,1138.3473053892214,668,155
0,16,46.45774647887324,1011.0633802816901,568,156
0,17,50.59504132231405,1306.0805785123966,968,157
0,18,48.97322623828648,515.9263721552878,747,158
0,21,53.521891418563925,375.52714535901924,571,160
0,22,56.016641452344935,400.55219364599094,661,161
0,23,61.13456221198157,213.96958525345622,1085,162
0,24,58.79471788715486,1341.7731092436975,833,163
0,25,66.67326732673267,135.91336633663366,1212,164
0,26,68.51629955947136,735.6678414096916,1135,165
0,27,76.31364441819255,1161.9982279976373,1693,166
0,28,73.42384887839434,1016.2939787485242,847,167
0,29,90.79143536875496,336.3156225218081,1261,168
0,30,87.5627157652474,415.0598388952819,869,169
0,32,99.267578125,527.7607421875,1024,170
0,33,95.62039045553145,365.55748373101954,461,171
0,34,104.88004750593824,496.65320665083135,842,172
0,35,109.13897937024973,200.19543973941367,921,173
0,36,116.44209466263847,1030.4934541792547,993,174
0,37,120.89282296650718,940.4430622009569,1045,175
0,39,125.15186915887851,353.14135514018693,856,176
0,40,130.1903584672435,479.4215080346106,809,177
0,41,132.76008273009307,1131.5149948293692,967,178
0,77,246.95425531914893,659.7265957446808,940,179
0,78,245.58759689922482,510.93333333333334,645,180
0,48,154.62383177570092,119.91705607476635,856,181
0,137,422.86436170212767,637.0567375886525,1128,182
0,110,351.9037037037037,131.63045267489713,1215,183
0,111,356.2427083333333,24.521875,960,184
0,112,355.50556117290193,526.4084934277048,989,185
0,113,354.19642857142856,959.5267857142857,672,186
0,114,350.19827586206895,1228.165948275862,464,187
0,115,356.913567839196,929.219095477387,995,188
0,116,357.72640382317803,1283.8327359617683,837,189
0,117,363.3782302270948,324.48159749412685,1277,190
0,118,374.12514484356893,183.07995365005794,863,191
0,119,379.22929936305735,216.59872611464968,1099,192
0,123,390.17381738173816,724.0770077007701,909,194
0,109,344.43429487179486,683.4246794871794,624,195
0,124,392.890625,691.0087890625,1024,196
0,127,397.709717097171,133.35670356703568,813,198
0,129,408.2317290552585,99.45098039215686,1122,200
0,130,405.49407114624506,391.0935441370224,759,201
0,131,406.9108635097493,1162.3635097493036,718,202
0,132,410.0304232804233,314.4854497354497,756,203
0,133,418.5706075533662,543.2865353037766,1218,204
0,134,415.91952309985095,1244.1997019374069,671,205
0,135,417.88350785340316,710.7146596858639,764,206
0,136,420.15969162995594,1209.8204845814978,908,207
0,79,244.39056603773585,201.4433962264151,530,208
0,125,394.7118644067797,1036.150758251561,1121,209
0,108,351.59140474663246,436.2527261064785,1559,210
0,121,388.91415094339624,657.9,1060,211
0,106,342.33377659574467,1255.5452127659576,752,212
0,80,249.1128871128871,1105.8021978021977,1001,213
0,107,345.1405782652044,1201.8773678963112,1003,214
0,82,257.3726315789474,67.41473684210526,475,215
0,83,262.6774193548387,1273.0208116545266,961,216
0,84,261.924317617866,161.58312655086849,806,217
0,85,272.4101174345077,47.06413730803975,1107,218
0,86,264.9344537815126,188.99495798319327,595,219
0,87,265.3094867807154,527.5754276827372,643,220
0,88,266.9208211143695,955.4213098729227,1023,221
0,89,267.35008103727716,215.27876823338735,617,222
0,90,280.21162790697673,82.00116279069768,860,223
0,91,280.48527918781724,619.0812182741116,985,224
0,92,287.38993089832184,488.86278381046395,1013,225
0,93,295.2026378896883,1103.928057553957,834,226
0,81,261.9883913764511,825.9461028192371,1206,227
0,95,316.216277317257,944.8779201205728,1327,228
0,94,305.76999101527406,994.8571428571429,1113,229
0,105,342.975505857295,1084.992545260916,939,230
0,104,344.56501831501834,1018.1483516483516,1092,231
0,103,340.8954895489549,635.7249724972497,909,232
0,101,334.8176197836167,482.72333848531684,647,233
0,102,338.46758104738154,708.7506234413966,802,234
0,99,324.57722513089004,1284.726439790576,764,235
0,98,317.38576779026215,94.3096129837703,801,236
0,97,313.5492957746479,204.71830985915494,994,237
0,96,310.8835051546392,522.6701030927835,970,238
0,100,338.18376865671644,985.2033582089553,1072,239
1,186,620.6201005025125,1093.3537688442211,995,14
1,188,624.1204268292682,1039.0274390243903,656,15
1,187,622.5396370582617,1007.4307545367717,1047,27
1,190,638.4345679012346,937.5845679012345,1620,16
1,185,614.5801668211307,777.0055607043558,1079,12
1,180,600.8284080076263,707.2478551000953,1049,7
1,183,611.1382033563672,309.2685093780849,1013,10
1,182,608.1474019088017,81.04772004241782,943,9
1,181,602.4537634408603,675.3118279569892,930,8
1,191,632.00140944327,234.9598308668076,1419,240
1,179,594.6201257861635,335.76981132075474,795,6
1,184,611.9976247030879,552.0950118764846,842,241
1,192,638.1055718475073,623.030303030303,1023,18
1,198,678.2620215897939,483.00294406280665,1019,25
1,194,661.4841121495327,1060.5943925233644,1070,21
1,195,664.1310418904404,1007.4983888292159,931,22
1,196,674.5207485760781,395.9560618388934,1229,23
1,197,677.469696969697,707.6354166666666,1056,24
1,199,689.280296784831,1081.7543281121186,1213,26
1,200,691.321665089877,1028.5042573320718,1057,28
1,201,690.9495614035088,36.375,912,120
1,202,695.531862745098,791.1115196078431,816,58
1,203,701.6548089591568,138.53096179183134,759,59
1,205,710.1344463971881,691.0228471001758,1138,60
1,206,710.5557506584723,730.3406496927129,1139,91
1,177,593.1325966850828,283.1060773480663,905,3
1,193,651.1672640382318,889.7741935483871,837,20
1,176,592.9509345794393,907.8598130841121,1284,4
1,146,464.26082677165357,240.91043307086613,1016,34
1,174,586.9958088851635,1108.5465213746857,1193,2
1,207,709.1482352941176,488.3588235294118,850,92
1,147,467.5094786729858,1331.0781990521327,844,35
1,148,476.0552434456929,573.183520599251,1068,36
1,149,476.81075697211156,308.53884462151393,1004,37
1,150,493.33698399326033,278.45829823083403,1187,38
1,151,501.3679880329095,1324.3403141361257,1337,39
1,152,500.8007774538387,1044.7317784256559,1029,40
1,154,517.3960396039604,432.3495811119574,1313,42
1,155,515.9885773624092,1008.1993769470405,963,57
1,156,516.8016112789527,1263.6012084592146,993,44
1,157,530.05094494659,53.016433853738704,1217,46
1,158,527.6233611442193,139.4243146603099,839,242
1,159,532.5,347.0926493108729,1306,45
1,160,538.2344827586207,549.3908045977012,870,47
1,161,542.813366960908,409.06305170239597,793,49
1,162,545.1137440758293,580.4341232227488,1055,48
1,164,547.6538461538462,1253.8246606334842,884,51
1,165,553.2515391380826,461.0668425681618,1137,52
1,166,559.859690844233,1284.6456599286564,841,53
1,167,563.4681467181467,769.7567567567568,1036,54
1,168,566.9834254143647,323.8718232044199,905,55
1,169,571.2074866310161,264.35187165775403,935,243
1,170,577.6555446516193,941.0834151128557,1019,56
1,171,579.9442332065906,647.9885931558936,789,43
1,172,581.4234042553192,1205.6,940,29
1,173,582.0181611804767,1262.400681044268,881,13
1,175,585.1468624833111,620.917222963952,749,244
1,208,714.5282631038027,59.435765673175744,973,245
1,278,1020.6230964467005,636.1725888324873,788,85
1,210,727.0434285714285,464.05028571428574,875,94
1,248,901.9611111111111,748.6212962962964,1080,63
1,249,910.1850443599493,779.7515842839036,789,64
1,250,914.755634638197,950.4804270462633,843,65
1,251,925.006183745583,598.3551236749116,1132,66
1,252,926.2252681764005,543.9606674612634,839,67
1,253,931.0052310374891,686.3417611159547,1147,68
1,254,935.936170212766,1013.6728723404256,1128,69
1,255,938.9599679743795,1353.3410728582867,1249,70
1,256,936.494004796163,1251.6187050359713,834,246
1,257,940.318407960199,937.026119402985,804,71
1,258,949.8724394785847,1190.4432029795157,1074,72
1,259,966.0342857142857,989.0733333333334,1050,74
1,247,891.9827060020345,321.4852492370295,983,62
1,261,969.1084010840109,552.5112917795844,1107,87
1,263,974.1788135593221,67.01864406779661,1180,75
1,264,970.0564399421129,754.7279305354558,691,247
1,265,974.4746162927981,827.9976387249114,847,248
1,267,979.7150735294117,647.6507352941177,1088,77
1,268,979.5138248847926,148.2741935483871,868,78
1,270,992.0707803992741,177.6606170598911,1102,79
1,272,993.0867279894875,281.08672798948754,761,80
1,273,1006.3225308641976,1196.719135802469,1296,81
1,274,1004.6666666666666,1359.4605855855855,888,82
1,276,1005.5281437125749,768.5988023952095,835,83
1,277,1010.1596009975062,1095.6571072319202,802,84
1,145,457.0177095631641,431.7827626918536,847,33
1,246,890.0591133004926,803.0443349753695,812,61
1,245,887.7339366515837,641.9420814479638,1105,73
1,244,880.8034782608696,777.5339130434783,575,88
1,211,734.8053173241852,119.09948542024014,1166,95
1,212,738.9759450171821,891.0641466208476,873,96
1,213,747.7435406698564,1027.221052631579,1045,97
1,214,765.3940714908457,393.27986050566693,1147,98
1,215,764.107966457023,275.6960167714885,954,99
1,216,768.1986368062318,140.88023369036028,1027,100
1,217,777.2877637130802,184.73417721518987,1185,101
1,218,779.1821705426356,501.6356589147287,1032,102
1,219,788.3329853862213,1273.0563674321504,958,103
1,220,788.8960280373832,1036.4742990654206,856,249
1,221,793.8849646821393,221.24823410696266,991,106
1,222,794.0486956521739,1326.6521739130435,1150,105
1,223,794.656378600823,267.31481481481484,972,104
1,224,794.9194570135746,951.0199095022624,1105,107
1,225,797.4156424581006,420.2513966480447,895,108
1,226,803.8485221674877,1185.396551724138,812,109
1,228,812.9057788944724,645.3781407035176,796,250
1,230,817.6898148148148,367.12268518518516,864,113
1,231,816.4708276797829,163.82632293080053,737,111
1,232,816.451094890511,337.9912408759124,685,112
1,233,816.1905487804878,786.3384146341464,656,251
1,234,822.0315985130112,930.6793680297397,1076,110
1,235,836.647473560517,144.80141010575792,851,114
1,236,845.7022421524664,1193.303139013453,1115,115
1,237,851.2958370239149,478.66873339238265,1129,117
1,238,855.2213261648745,89.62007168458781,1116,90
1,241,873.8350840336135,828.7331932773109,952,89
1,209,721.5483870967741,660.7729988052569,837,93
1,144,448.0428893905192,613.7336343115124,886,32
1,79,249.60211946050097,1105.1368015414257,1038,213
1,142,445.7989337395278,827.7814166031987,1313,31
1,49,155.34368308351176,119.46466809421841,934,181
1,50,154.96041666666667,228.27708333333334,960,122
1,51,154.68779342723005,58.728873239436616,852,123
1,52,156.04980842911877,290.04342273307793,783,252
1,53,161.57733990147784,812.2660098522167,1015,124
1,54,164.36003956478734,971.8041543026707,1011,125
1,55,183.84458509142053,431.8059071729958,1422,132
1,56,184.71949828962371,199.36488027366022,877,128
1,58,189.17115384615386,829.5413461538461,1040,129
1,59,190.45098039215685,107.54555940023069,867,131
1,60,193.31728880157172,1144.1178781925344,1018,130
1,61,196.84146341463415,1192.090243902439,1230,133
1,48,151.5155071248952,152.43419949706623,1193,134
1,62,201.48220640569394,170.00622775800713,1124,148
1,64,205.4222539229672,990.506419400856,1402,136
1,65,201.92298578199052,1113.6161137440758,844,137
1,66,204.59421641791045,229.2285447761194,1072,138
1,67,215.61301369863014,1236.4566210045662,876,140
1,68,212.6397188049209,198.26537785588752,569,139
1,69,218.78354554358472,525.437806072478,1021,141
1,70,220.83881578947367,1330.8037280701753,912,142
1,71,229.4137614678899,837.4137614678899,1090,143
1,72,235.55965147453082,88.75804289544236,1492,144
1,73,233.9042904290429,901.7601760176018,909,145
1,75,247.79385610347614,318.3508488278092,1237,147
1,76,243.66318926974665,201.04918032786884,671,208
1,63,200.79939819458374,902.4062186559679,997,135
1,47,143.31090487238978,1294.0742459396752,862,149
1,46,141.81401617250674,1233.5867026055705,1113,150
1,45,139.075,742.2,920,253
1,143,446.72906793048975,123.1785150078989,1266,118
1,11,32.24278846153846,387.2331730769231,832,153
1,13,44.25472547254726,78.34203420342034,1111,154
1,14,41.74622356495468,1138.5060422960726,662,155
1,15,45.51796407185629,1010.6107784431138,668,156
1,16,48.49588719153937,515.2256169212691,851,158
1,17,49.67007150153218,1305.7048008171603,979,157
1,19,57.485312899106006,400.2413793103448,783,161
1,20,58.975059382422806,1341.2173396674584,842,163
1,21,61.278799612778315,215.16166505324298,1033,162
1,24,65.70962199312714,135.03264604810997,1164,164
1,25,67.875,734.8993055555555,1152,165
1,26,76.24818959842001,1161.88676761027,1519,166
1,27,73.70079635949944,1016.4948805460751,879,167
1,28,90.4113584036838,335.9616270145817,1303,168
1,29,87.46831364124597,414.88936627282493,931,169
1,30,98.97767857142857,526.9482142857142,1120,170
1,33,96.9090909090909,365.65,440,171
1,34,104.4186046511628,494.5951374207188,946,172
1,37,116.18792599805258,1029.8120740019474,1027,174
1,38,120.73396226415095,939.8490566037735,1060,175
1,39,122.15443425076452,267.15902140672785,654,254
1,40,126.69560669456067,353.96757322175733,956,176
1,41,131.39614561027838,478.14453961456104,934,177
1,42,132.73515092502436,1131.273612463486,1027,178
1,43,133.03928170594838,1200.9079685746353,891,151
1,44,131.36323529411766,102.75294117647059,680,255
1,77,247.3081570996979,660.0513595166163,993,179
1,78,245.20605187319885,509.02305475504323,694,180
1,9,23.793607305936074,493.32237442922377,1095,0
1,80,261.7233691164327,823.8967795210569,1211,227
1,115,354.5611038107753,958.7174770039422,761,186
1,116,357.75939086294414,928.0091370558375,985,188
1,117,357.14431818181816,1283.2852272727273,880,189
1,118,363.4729411764706,324.82745098039214,1275,190
1,119,374.0,182.08325709057638,1093,191
1,120,379.0375670840787,216.27817531305902,1118,192
1,121,382.7211678832117,52.41459854014599,685,256
1,122,389.3174327840416,657.6140503035559,1153,211
1,123,388.4882978723404,724.563829787234,940,194
1,124,391.4525627044711,691.0316248636859,917,196
1,125,394.41608996539793,1035.9489619377164,1156,209
1,114,356.03371868978803,525.6290944123314,1038,185
1,127,397.30877573131096,132.55796316359698,923,198
1,129,407.8330508474576,98.96779661016949,1180,200
1,130,405.45075318655853,390.70220162224797,863,201
1,131,406.6273291925466,1162.8223602484472,805,202
1,132,409.5766081871345,312.68187134502926,855,203
1,133,418.3490488006617,542.7775020678247,1209,204
1,134,416.27898966704936,710.3719862227325,871,206
1,135,420.3658536585366,1209.7264050901379,943,207
1,136,423.6438848920863,636.1088129496403,1112,182
1,137,420.78998609179416,1241.9986091794158,719,205
1,138,427.24899598393574,408.91432396251673,747,121
1,139,429.08583690987126,587.4216738197425,932,152
1,140,433.6255144032922,951.5318930041152,972,119
1,113,356.8507877664504,24.007414272474513,1079,184
1,141,436.63246554364474,196.57427258805512,653,257
1,111,351.74672825250195,131.2509622786759,1299,183
1,81,262.2422954303932,160.87247608926674,941,217
1,82,262.7310924369748,1272.3067226890757,952,216
1,83,262.8535414165666,45.208883553421366,833,218
1,84,263.6929698708752,526.7862266857962,697,220
1,86,266.600700525394,188.70402802101577,571,219
1,87,269.4660194174757,957.1019417475728,1030,221
1,88,267.7602339181287,214.8859649122807,684,222
1,112,350.54358974358973,1228.5213675213674,585,187
1,90,280.1704980842912,617.7567049808429,1044,224
1,91,287.4268292682927,488.9971857410882,1066,225
1,93,292.4265402843602,1096.7689573459716,844,226
1,95,303.05210237659963,994.8464351005484,1094,229
1,96,315.2223776223776,944.1384615384616,1430,228
1,89,279.98757170172087,80.00095602294455,1046,223
1,98,313.77148253068935,203.69310670443815,1059,237
1,97,310.9970178926441,521.4821073558649,1006,238
1,110,348.2910602910603,1201.506237006237,962,214
1,109,351.21340273259597,435.60507482108005,1537,210
1,108,344.04358655043586,683.8194271481942,803,195
1,106,343.24216524216524,1084.1851851851852,1053,230
1,107,342.8271144278607,1255.0199004975125,804,212
1,103,340.7698833510074,633.5959703075291,943,232
1,102,334.69275700934577,480.74532710280374,856,233
1,101,337.0408719346049,984.8764759309719,1101,239
1,100,321.8776435045317,1286.5740181268882,662,235
1,99,317.06493506493507,93.06601731601732,924,236
1,105,343.767874632713,1018.3271302644466,1021,231
2,182,611.6940211019929,552.1113716295428,853,241
2,185,622.3490658800393,1007.4936086529007,1017,27
2,184,620.6204523107178,1093.7109144542774,1017,14
2,183,613.3330087633885,776.6738072054528,1027,12
2,181,610.2834489593657,309.4767096134787,1009,10
2,175,592.4265289912629,907.7712470214456,1259,4
2,179,602.1071428571429,677.6317733990148,812,8
2,178,600.2839756592292,707.6886409736309,986,7
2,177,594.9027431421447,336.49625935162095,802,6
2,176,593.1021814006889,283.57749712973595,871,3
2,180,608.7785939139559,81.44071353620147,953,9
2,187,622.0759930915372,1039.1208981001728,579,15
2,202,710.0368705035971,691.1402877697842,1112,60
2,189,631.4010840108401,235.2479674796748,1476,240
2,190,637.931906614786,623.2013618677042,1028,18
2,191,650.7349112426035,889.196449704142,845,20
2,192,661.4778092540132,1060.3984891406988,1059,21
2,193,664.0255319148936,1007.7425531914894,940,22
2,194,674.2409539473684,396.22861842105266,1216,23
2,195,677.2540747842761,707.8513902205177,1043,24
2,196,678.2043650793651,483.8184523809524,1008,25
2,197,688.7411376751855,1082.2407254740313,1213,26
2,198,691.0545112781955,1028.7265037593984,1064,28
2,199,690.5750528541226,36.18076109936575,946,120
2,200,696.6206482593037,789.2761104441777,833,58
2,174,584.9453333333333,620.7906666666667,750,244
2,188,638.3927227101631,937.6097867001255,1594,16
2,173,587.2591645353793,1108.8934356351235,1173,2
2,159,537.703534777651,549.7662485746864,877,47
2,171,581.5427666314678,1205.194297782471,947,29
2,203,710.3657243816255,730.4955830388693,1132,91
2,144,457.0731707317073,431.9965156794425,861,33
2,145,463.30227948463823,240.77601585728445,1009,34
2,146,467.29054842473744,1330.9393232205368,857,35
2,147,477.2042042042042,309.37237237237235,999,37
2,148,477.45269016697586,571.9879406307978,1078,36
2,149,492.9540816326531,278.6079931972789,1176,38
2,150,499.44772117962464,1044.33690795353,1119,40
2,151,501.37604245640637,1324.3623957543593,1319,39
2,153,517.1526479750779,432.5241433021807,1284,42
2,154,516.2201382033563,1263.9407699901283,1013,44
2,155,515.6984924623116,1007.6834170854271,995,57
2,172,581.9490373725935,1262.3827859569649,883,13
2,156,529.8469135802469,52.51604938271605,1215,46
2,158,532.3250401284109,345.98234349919744,1246,45
2,160,540.9469273743017,581.4441340782123,1074,48
2,161,542.4357405140759,409.1982864137087,817,49
2,163,547.5698198198198,1253.8400900900901,888,51
2,164,553.1277533039647,460.857268722467,1135,52
2,165,559.8341584158416,1284.6794554455446,808,53
2,166,563.1693779904306,769.8401913875598,1045,54
2,167,566.6509635974304,324.3147751605996,934,55
2,168,571.2,264.5979057591623,955,243
2,169,576.6177644710579,940.7614770459082,1002,56
2,170,579.6256218905472,648.0099502487562,804,43
2,157,527.5317073170731,138.92317073170733,820,242
2,204,709.2738780207135,488.0517836593786,869,92
2,237,854.830035971223,89.74280575539568,1112,90
2,207,721.7010550996483,660.5474794841736,853,93
2,245,891.9518072289156,321.28614457831327,996,62
2,246,901.1097345132744,747.7336283185841,1130,63
2,247,909.697270471464,779.6588089330024,806,64
2,248,914.6451612903226,950.4277180406212,837,65
2,249,924.7324561403509,598.6578947368421,1140,66
2,250,926.0492957746479,543.9542253521126,852,67
2,251,930.8327586206897,686.3396551724138,1160,68
2,252,935.7221735319895,1013.6432953549518,1141,69
2,253,938.6584394904459,1353.531847133758,1256,70
2,254,936.3872135102533,1251.2412545235222,829,246
2,255,940.0509316770186,936.5478260869565,805,71
2,256,949.6293900184843,1190.2476894639556,1082,72
2,244,889.8104138851802,803.0173564753004,749,61
2,257,965.7366579177602,988.920384951881,1143,74
2,260,973.7163667523565,67.22879177377892,1167,75
2,261,969.7801724137931,754.6465517241379,696,247
2,262,974.0424528301887,827.6804245283018,848,248
2,264,979.5652573529412,647.8097426470588,1088,77
2,265,979.3839184597962,148.66138165345413,883,78
2,266,992.1006404391583,177.87740164684354,1093,79
2,268,992.1005917159763,281.61775147928995,845,80
2,269,1005.9788519637463,1196.4796072507552,1324,81
2,270,1004.2219705549264,1359.291053227633,883,82
2,272,1005.9,768.7307692307693,780,83
2,273,1010.096654275093,1095.2007434944237,807,84
2,274,1019.6416337285903,635.7180500658761,759,85
2,258,968.3645454545455,552.5036363636364,1100,87
2,243,887.42935278031,642.257064721969,1097,73
2,242,880.7456747404844,777.7128027681661,578,88
2,239,874.2728215767635,829.0653526970955,964,89
2,208,727.8725055432373,463.7760532150776,902,94
2,209,734.4103004291845,118.937339055794,1165,95
2,210,738.9242937853107,891.2214689265537,885,96
2,211,747.5881801125704,1027.3508442776736,1066,97
2,212,764.38353765324,394.45008756567427,1142,98
2,213,763.6519959058342,276.128966223132,977,99
2,214,767.9912109375,140.99609375,1024,100
2,215,777.1399141630901,184.5931330472103,1165,101
2,216,778.9478178368122,502.1091081593928,1054,102
2,217,787.8189386056191,1272.9927159209158,961,103
2,218,788.832175925926,1036.6041666666667,864,249
2,219,793.6195219123506,221.25697211155378,1004,106
2,220,794.1280956447481,1326.4380871050384,1171,105
2,221,794.3488612836439,267.4792960662526,966,104
2,222,794.9146005509642,951.0238751147842,1089,107
2,223,796.8685082872928,420.6585635359116,905,108
2,224,803.7653194263364,1186.5593220338983,767,109
2,226,808.963190184049,365.24233128834356,652,113
2,228,812.7377666248432,645.4065244667503,797,250
2,229,816.482119205298,163.64503311258278,755,111
2,230,815.4779005524862,337.7182320441989,724,112
2,231,816.1756329113924,786.1645569620254,632,251
2,232,822.2374169040836,930.9487179487179,1053,110
2,233,836.8864168618267,144.83723653395785,854,114
2,235,845.6593695271454,1193.4141856392293,1142,115
2,236,850.4823943661971,478.8978873239437,1136,117
2,143,448.38695163104614,613.8852643419573,889,32
2,206,715.1293279022403,58.4989816700611,982,245
2,142,445.7857142857143,827.9324534161491,1288,31
2,201,701.5595390524968,138.7797695262484,781,59
2,140,436.42089093702,196.42703533026113,651,257
2,51,155.17684887459808,119.7749196141479,933,181
2,52,153.92105263157896,58.59496567505721,874,123
2,53,154.82559339525284,228.4891640866873,969,122
2,54,155.77455919395467,290.1108312342569,794,252
2,55,161.4677734375,811.7470703125,1024,124
2,56,163.9102079395085,972.0122873345936,1058,125
2,58,184.8849557522124,199.51216814159292,904,128
2,60,188.72336265884653,829.7253176930597,1023,129
2,61,190.29770992366412,107.66739367502726,917,131
2,62,192.95804878048781,1144.3180487804877,1025,130
2,63,197.0,1193.1328185328186,1295,133
2,49,143.05402298850575,1294.251724137931,870,149
2,64,193.52332361516034,432.4344023323615,686,132
2,66,201.00300601202406,902.0941883767536,998,135
2,67,205.4902102973169,990.6287164612038,1379,136
2,68,201.71198156682027,1113.7730414746543,868,137
2,69,204.5307621671258,229.67217630853995,1089,138
2,70,215.38028169014083,1236.4886240520043,923,140
2,71,211.77874186550977,199.01301518438177,461,139
2,72,218.4603481624758,525.2059961315281,1034,141
2,73,219.8915537017727,1330.9603753910324,959,142
2,74,229.8073476702509,837.741935483871,1116,143
2,75,235.33983286908077,89.21309192200557,1436,144
2,76,234.05513513513515,902.0745945945946,925,145
2,78,247.68326530612245,318.8326530612245,1225,147
2,65,200.8545603944125,169.063270336894,1217,148
2,48,140.9982126899017,1234.1394101876676,1119,150
2,47,138.74734607218684,741.9946921443736,942,253
2,46,131.00423728813558,102.7725988700565,708,255
2,141,446.4676775738228,123.16999201915404,1253,118
2,10,23.7453007518797,493.07612781954884,1064,0
2,12,32.29097387173397,387.458432304038,842,153
2,14,43.90564373897707,78.41887125220458,1134,154
2,15,41.549107142857146,1138.267857142857,672,155
2,16,45.060344827586206,1010.7241379310345,696,156
2,17,48.362028301886795,515.2794811320755,848,158
2,18,48.93605870020964,1305.625786163522,954,157
2,21,57.59532595325953,399.78474784747846,813,161
2,22,58.76905041031653,1340.8030480656507,853,163
2,23,64.95098882201204,136.61908856405847,1163,164
2,24,60.68790496760259,216.49568034557237,926,162
2,26,68.02834366696192,734.7909654561558,1129,165
2,27,76.02513586956522,1162.8158967391305,1472,166
2,28,73.62719298245614,1016.1853070175439,912,167
2,30,90.37381703470031,336.0410094637224,1268,168
2,31,86.92592592592592,415.38271604938274,891,169
2,32,99.32767857142858,527.4035714285715,1120,170
2,35,96.03837953091684,366.1705756929638,469,171
2,36,104.12092534174553,494.3932702418507,951,172
2,39,115.38398544131029,1029.6687898089172,1099,174
2,40,120.64358264081255,939.7691597414589,1083,175
2,41,121.87797619047619,266.82142857142856,672,254
2,42,127.75788402848423,354.52492370295016,983,176
2,43,131.42750533049042,478.092750533049,938,177
2,44,132.82996323529412,1131.4742647058824,1088,178
2,45,132.83754116355652,1201.01317233809,911,151
2,79,247.65087040618957,659.6441005802708,1034,179
2,80,243.42441860465115,201.5610465116279,688,208
2,50,151.36425531914892,152.75659574468085,1175,134
2,82,249.13757115749524,1105.534155597723,1054,213
2,113,350.50582362728784,1228.7720465890184,601,187
2,114,356.952636282395,23.822162645218945,1119,184
2,115,356.223291626564,525.4071222329163,1039,185
2,116,354.8367088607595,958.7329113924051,790,186
2,117,357.94620253164555,927.7151898734177,948,188
2,118,357.1330326944758,1283.6606538895153,887,189
2,119,363.12539936102235,325.30750798722045,1252,190
2,120,373.9652406417112,182.3217468805704,1122,191
2,121,378.7436594202899,216.58967391304347,1104,192
2,122,382.8177905308465,52.32137733142037,697,256
2,124,388.02107481559534,724.4499473129611,949,194
2,125,390.8578143360752,690.8707403055229,851,196
2,126,394.57378472222223,1036.3307291666667,1152,209
2,127,397.0588888888889,132.67777777777778,900,198
2,128,407.2476675148431,98.8100084817642,1179,200
2,129,405.4419953596288,390.707656612529,862,201
2,130,406.57560975609755,1162.8426829268292,820,202
2,131,409.5165714285714,312.71885714285713,875,203
2,132,418.30576441102755,542.797827903091,1197,204
2,133,415.99444444444447,710.3444444444444,900,206
2,134,420.1327713382508,1209.9062170706006,949,207
2,135,423.57971014492756,636.0769927536232,1104,182
2,136,420.9451137884873,1241.8313253012047,747,205
2,137,427.418449197861,408.918449197861,748,121
2,138,429.1707317073171,587.4517497348886,943,152
2,81,245.25979680696662,508.7880986937591,689,180
2,139,433.47047047047045,951.6876876876877,999,119
2,112,351.66846986089644,131.37944358578054,1294,183
2,111,348.071875,1201.5625,960,214
2,123,389.3238587424634,657.6365202411714,1161,211
2,109,343.5936739659367,683.9172749391728,822,195
2,83,261.44016736401676,823.3489539748954,1195,227
2,110,351.4054776219105,435.6205744822979,1497,210
2,84,261.75829875518673,160.63485477178423,964,217
2,85,262.4739583333333,1272.684375,960,216
2,86,263.14201183431953,526.7795857988166,676,220
2,87,263.7411225658648,45.09965635738832,873,218
2,88,266.1259259259259,188.74074074074073,540,219
2,89,269.6679764243615,957.0275049115913,1018,221
2,90,267.65656565656565,214.84271284271284,693,222
2,92,280.733268671193,79.65082444228904,1031,223
2,93,287.13696060037523,488.94465290806755,1066,225
2,94,292.5408878504673,1097.21261682243,856,226
2,96,304.3808695652174,995.7704347826087,1150,229
2,91,280.25623800383875,617.6669865642995,1042,224
2,98,310.950149551346,522.0907278165504,1003,238
2,97,296.95238095238096,943.3015873015873,315,258
2,107,344.75693779904304,1018.9712918660288,1045,231
2,106,343.0763569457222,1084.1646734130634,1087,230
2,105,340.30573248407643,633.5859872611464,942,232
2,104,337.2291666666667,985.2726449275362,1104,239
2,103,334.2120181405896,480.702947845805,882,233
2,108,342.6695437731196,1255.3107274969175,811,212
2,101,319.64537654909435,944.2144899904671,1049,228
2,100,317.0810234541578,93.28891257995735,938,236
2,99,313.6356807511737,203.72957746478872,1065,237
2,102,321.5132743362832,1286.5088495575221,678,235
3,182,621.4710221285563,1094.4099051633298,949,14
3,181,622.7317518248175,1007.3813868613139,1096,27
3,179,612.5432977461447,553.0913404507711,843,241
3,178,613.6603773584906,777.5102915951973,1166,12
3,176,609.5521042084168,81.8186372745491,998,9
3,175,600.1664804469274,676.6324022346369,895,8
3,172,594.443025540275,282.2721021611002,1018,3
3,174,601.0470275066548,707.795918367347,1127,7
3,173,595.7047289504037,336.9850057670127,867,6
3,183,622.3148788927335,1039.791234140715,867,15
3,177,613.2416356877324,309.8671003717472,1076,10
3,184,639.0070690592713,938.2251223491028,1839,16
3,197,696.190812720848,789.3698468786808,849,58
3,186,638.2823741007194,623.5755395683453,1112,18
3,187,633.6336283185841,1068.7911504424778,565,17
3,188,650.5087108013937,890.0592334494773,861,20
3,189,662.0073394495413,1060.4110091743119,1090,21
3,190,664.3684759916492,1007.8288100208769,958,22
3,191,674.9675471698113,396.75094339622643,1325,23
3,192,677.0501792114695,708.0994623655914,1116,24
3,193,678.3712918660287,483.85645933014354,1045,25
3,194,690.2836391437309,1082.558868501529,1308,26
3,195,691.0606884057971,1028.6422101449275,1104,28
3,170,593.1970479704797,907.9638376383764,1355,4
3,196,689.9173014145811,37.52883569096844,919,120
3,185,632.0442996742671,239.41889250814333,1535,240
3,169,585.5782967032967,621.0096153846154,728,244
3,141,457.7202718006795,432.36806342015853,883,33
3,167,582.7243367935409,1262.6712802768166,867,13
3,140,449.719298245614,613.9473684210526,969,32
3,198,702.2385444743935,139.411051212938,742,59
3,142,463.88909952606633,241.07677725118484,1055,34
3,143,467.9465648854962,1330.9580152671756,786,35
3,144,477.83260297984225,572.5065731814198,1141,36
3,145,477.34660194174756,310.42135922330095,1030,37
3,146,493.66386554621846,278.6470588235294,1309,38
3,147,501.80232558139534,1325.2900136798905,1462,39
3,148,501.355795148248,1044.737646001797,1113,40
3,149,517.4261049723757,432.47513812154693,1448,42
3,150,516.3400383141762,1264.191570881226,1044,44
3,151,516.6673796791443,1009.979679144385,935,57
3,152,530.2545045045046,52.226726726726724,1332,46
3,153,527.1148648648649,139.11373873873873,888,242
3,154,532.6554856743536,345.78476589797344,1431,45
3,155,540.407883461868,582.0145672664953,1167,48
3,156,538.754802259887,549.9446327683615,885,47
3,157,543.434036939314,409.81398416886543,758,49
3,158,547.6651785714286,1253.786830357143,896,51
3,159,553.8717948717949,461.97596153846155,1248,52
3,160,560.2144899904671,1285.1763584366063,1049,53
3,161,563.5126582278481,770.254972875226,1106,54
3,162,566.5753715498938,324.53821656050957,942,55
3,163,571.0443113772455,265.74610778443116,835,243
3,164,576.4017857142857,940.6339285714286,1120,56
3,165,579.8015364916773,648.2240717029449,781,43
3,166,582.3433922996878,1205.5109261186265,961,29
3,168,587.135831381733,1108.1569086651054,1281,2
3,199,710.1867862969004,692.089722675367,1226,60
3,269,1010.0519323671498,1095.6920289855072,828,84
3,202,710.0011494252874,488.3919540229885,870,92
3,241,892.7260406582768,321.36882865440464,1033,62
3,242,901.5787037037037,748.1828703703703,1296,63
3,243,910.1486146095718,780.301007556675,794,64
3,244,914.6957013574661,950.789592760181,884,65
3,245,924.8592715231788,598.7243377483444,1208,66
3,246,926.39625,544.72625,800,67
3,247,931.5029535864979,686.895358649789,1185,68
3,248,936.4705882352941,1014.2949234488316,1241,69
3,249,939.3924148606811,1354.030959752322,1292,70
3,250,937.4460674157303,1252.3314606741574,890,246
3,251,940.751179245283,936.8974056603773,848,71
3,252,950.5619047619048,1190.638961038961,1155,72
3,240,889.5119825708061,803.0610021786492,918,61
3,253,966.3498427672956,990.0644654088051,1272,74
3,256,974.0554675118859,67.04754358161648,1262,75
3,257,970.0180995475113,755.9834087481146,663,247
3,258,974.4163822525597,828.1217292377702,879,248
3,260,980.2636771300448,648.0582959641256,1115,77
3,261,979.5441696113074,148.70671378091873,849,78
3,262,984.9448888888888,244.91466666666668,1125,259
3,263,992.4215091066783,178.30702515177796,1153,79
3,264,992.9908735332464,282.35332464146023,767,80
3,265,1006.7972413793103,1196.7393103448276,1450,81
3,267,1005.9811985898942,768.705052878966,851,83
3,139,447.4766619519095,123.72277227722772,1414,118
3,270,1020.2102065613609,636.7825030376671,823,85
3,254,969.0414250207125,552.3885666942833,1207,87
3,239,887.9128949615713,642.3894107600341,1171,73
3,238,880.7184115523465,777.231046931408,554,88
3,235,873.9266331658291,830.2472361809046,995,89
3,203,720.0412262156448,661.8594080338266,946,93
3,204,716.5520833333334,59.071875,960,245
3,205,727.8865096359743,463.2152034261242,934,94
3,206,735.4261904761905,118.71190476190476,1260,95
3,207,739.2977777777778,891.8566666666667,900,96
3,208,747.877570093458,1027.6317757009347,1070,97
3,209,764.5833333333334,394.8671617161716,1212,98
3,210,763.207468879668,276.53215767634856,964,99
3,211,769.2229845626072,142.12435677530019,1166,100
3,212,777.6607717041801,185.2877813504823,1244,101
3,213,779.5597826086956,502.7699275362319,1104,102
3,214,787.8664007976072,1273.7637088733798,1003,103
3,215,789.4497041420118,1036.884023668639,845,249
3,216,793.8775020016013,1327.0968775020017,1249,105
3,217,793.9123314065511,222.61946050096338,1038,106
3,218,794.6949952785646,268.0859301227573,1059,104
3,219,794.8232142857142,951.4883928571429,1120,107
3,220,797.7817204301075,421.2548387096774,930,108
3,221,804.0632768361581,1187.2158192090396,885,109
3,222,809.8019375672767,364.005382131324,929,113
3,226,816.4934687953556,335.88243831640057,689,112
3,227,817.2410329985653,164.28120516499283,697,111
3,228,822.4605488850772,931.1903945111492,1166,110
3,230,837.1810650887574,145.28639053254437,845,114
3,231,846.0150880134115,1193.6999161777032,1193,115
3,232,850.4971932638332,479.26222935044103,1247,117
3,233,855.5242070116861,90.1085141903172,1198,90
3,200,711.1161825726141,731.0132780082988,1205,91
3,138,445.875702247191,828.0337078651686,1424,31
3,266,1004.7003367003367,1360.5510662177328,891,82
3,136,429.7578947368421,587.4947368421052,950,152
3,47,143.8513966480447,1294.6804469273743,895,149
3,48,150.27981293842558,152.7365549493375,1283,134
3,49,154.77674897119343,118.85185185185185,972,181
3,50,155.10010111223457,228.6076845298281,989,122
3,51,154.24763033175356,59.16469194312796,844,123
3,52,155.90591397849462,290.76209677419354,744,252
3,53,161.6969111969112,811.5521235521236,1036,124
3,54,164.94876660341555,972.2087286527515,1054,125
3,55,183.6502363268062,433.9372045914922,1481,132
3,56,184.60919540229884,199.0434227330779,783,128
3,57,190.25561312607945,830.4827288428324,1158,129
3,59,190.97865853658536,108.119918699187,984,131
3,45,141.73070469798657,1234.3640939597315,1192,150
3,60,193.35602575896965,1144.655013799448,1087,130
3,62,201.8347978910369,170.42091388400704,1138,148
3,63,201.33205741626793,901.7358851674641,1045,135
3,64,206.16093366093367,991.210687960688,1628,136
3,65,202.95823927765238,1113.7279909706547,886,137
3,66,205.1904761904762,230.58333333333334,1092,138
3,67,213.2735978112175,199.3611491108071,731,139
3,68,215.79056386651322,1236.825086306099,869,140
3,69,219.5639024390244,525.910243902439,1025,141
3,70,221.14198161389172,1331.2012257405515,979,142
3,71,229.4780269058296,837.9434977578476,1115,143
3,72,235.67175106772422,89.16229408175717,1639,144
3,73,234.12021857923497,902.303825136612,915,145
3,61,197.49924812030076,1192.121052631579,1330,133
3,75,248.32348484848484,319.9340909090909,1320,147
3,44,130.51904761904763,103.39206349206349,630,255
3,42,132.54336989032902,1130.7148554336989,1003,178
3,12,24.26397248495271,492.7214101461737,1163,0
3,14,32.36543535620053,388.3575197889182,758,153
3,16,44.45663265306123,79.02891156462584,1176,154
3,17,42.2440119760479,1138.751497005988,668,155
3,18,45.57770800627944,1010.8241758241758,637,156
3,19,49.900763358778626,1306.1908396946565,1048,157
3,20,49.31976744186046,515.439534883721,860,158
3,22,55.65587734241908,375.2350936967632,587,160
3,23,61.65590484282073,216.2353440951572,1177,162
3,24,58.48015873015873,401.72486772486775,756,161
3,25,59.31444444444445,1341.171111111111,900,163
3,26,66.30687397708674,136.65220949263502,1222,164
3,43,133.2149028077754,1201.0097192224623,926,151
3,28,68.22367346938775,735.2277551020408,1225,165
3,30,74.29967426710098,1016.1183496199783,921,167
3,31,90.67600574712644,336.51077586206895,1392,168
3,32,88.21897073662967,415.1029263370333,991,169
3,33,99.45142378559464,526.9824120603015,1194,170
3,34,98.34826883910387,366.78411405295316,491,171
3,35,104.29028815368197,494.0074706510139,937,172
3,36,104.80326086956522,203.66521739130434,920,173
3,37,116.75685903500474,1030.0321665089878,1057,174
3,38,121.14413607878245,940.3661593554162,1117,175
3,39,122.33395176252318,268.5027829313544,539,254
3,40,127.42568250758342,354.40141557128413,989,176
3,41,131.7639751552795,478.3850931677019,966,177
3,29,76.50240384615384,1163.3022836538462,1664,166
3,76,245.71447902571043,507.73477672530447,739,180
3,11,24.227963525835865,610.4340425531915,1645,260
3,78,244.20723684210526,201.97203947368422,608,208
3,110,352.0832729905865,131.46270818247646,1381,183
3,111,356.58412098298675,24.534971644612476,1058,184
3,112,356.39269406392697,525.6630136986302,1095,185
3,113,351.16194331983803,1229.259109311741,494,187
3,114,358.3333333333333,927.8370577281191,1074,188
3,115,355.3283378746594,959.0027247956403,734,186
3,116,363.1710037174721,325.7390334572491,1345,190
3,117,358.51720310765813,1283.8879023307436,901,189
3,118,374.25320197044334,182.54187192118226,1015,191
3,119,379.2755705832629,216.87573964497042,1183,192
3,120,383.21415607985483,53.57531760435572,551,256
3,121,389.2896551724138,657.3379310344827,1160,211
3,122,388.9005025125628,725.2331658291457,995,194
3,123,392.0150234741784,691.2694835680751,1065,196
3,124,394.65737704918035,1036.6295081967214,1220,209
3,125,398.38028169014086,133.00234741784038,852,198
3,126,407.09186991869916,99.04878048780488,1230,200
3,127,405.7694994179278,391.13271245634456,859,201
3,128,407.3748473748474,1163.2637362637363,819,202
3,129,409.87531486146094,313.8173803526448,794,203
3,130,418.7873831775701,543.0109034267913,1284,204
3,131,418.2806183115339,710.8275862068965,841,206
3,132,420.7671092951992,1209.7477017364658,979,207
3,133,423.50622406639,636.7269709543568,1205,182
3,134,420.6800535475234,1242.2583668005354,747,205
3,135,427.48671328671327,409.248951048951,715,121
3,77,246.5709939148073,659.892494929006,986,179
3,109,348.3578244274809,1201.8167938931297,1048,214
3,108,344.9519890260631,683.315500685871,729,195
3,137,434.43904958677683,951.9876033057851,968,119
3,106,342.9299287410926,1255.1235154394299,842,212
3,107,351.95093882495456,436.305269533616,1651,210
3,79,249.6818181818182,1105.9721706864564,1078,213
3,80,262.2529002320186,823.1585460170147,1293,227
3,81,262.2421959095802,160.70182992465016,929,217
3,82,263.328,1272.559,1000,216
3,83,259.37168141592923,65.71902654867256,452,215
3,84,262.6236220472441,43.24566929133858,635,218
3,85,263.74780058651027,526.5043988269795,682,220
3,87,270.71630537229026,957.4665409990575,1061,221
3,88,268.2187958883994,216.04405286343612,681,222
3,89,282.16372093023256,80.26697674418605,1075,223
3,90,280.75830258302585,618.6273062730627,1084,224
3,91,287.8839826839827,488.83116883116884,1155,225
3,86,266.38556067588326,188.91090629800308,651,219
3,93,293.17545871559633,1098.0905963302753,872,226
3,105,343.32236842105266,1084.5817669172932,1064,230
3,103,340.65265265265265,633.6206206206206,999,232
3,102,337.6111111111111,708.7868217054264,774,234
3,101,335.1572739187418,482.1035386631717,763,233
3,100,338.1229293809939,985.2449869224063,1147,239
3,104,344.0625521267723,1019.5487906588824,1199,231
3,98,317.23839662447256,93.6824894514768,948,236
3,94,303.83319570602805,995.2890173410404,1211,229
3,97,313.7898936170213,204.21897163120568,1128,237
3,96,311.29000969932105,522.2793404461688,1031,238
3,95,317.14758620689656,944.8979310344828,1450,228
3,99,323.5936675461741,1285.2189973614775,758,235
4,179,621.5086372360845,1094.5239923224567,1042,14
4,178,612.3276836158192,552.4508474576271,885,241
4,177,613.1981566820276,776.479262672811,1085,12
4,176,611.6851851851852,310.22514619883043,1026,10
4,173,600.7806385169928,674.9660144181256,971,8
4,174,601.1215043394407,706.9421407907425,1037,7
4,172,595.6188811188811,337.5151515151515,858,6
4,171,595.1042105263158,283.23052631578946,950,3
4,170,583.6384364820847,1008.9690553745928,614,5
4,180,622.4126984126984,1007.3230625583567,1071,27
4,175,609.8204081632653,81.92244897959183,980,9
4,182,638.8432527990572,937.7607542722451,1697,16
4,196,701.8949320148331,138.52286773794808,809,59
4,185,638.296875,623.3051470588235,1088,18
4,186,650.5849486887115,889.1174458380843,877,20
4,187,662.1028999064546,1059.0991580916746,1069,21
4,188,664.3783231083845,1007.2372188139059,978,22
4,189,674.5453100158983,395.9618441971383,1258,23
4,190,676.8723404255319,707.8390379278446,1081,24
4,191,678.3252895752896,483.996138996139,1036,25
4,192,689.0572792362768,1082.4645982498012,1257,26
4,193,690.765478424015,1028.6491557223264,1066,28
4,194,690.5181451612904,35.84274193548387,992,120
4,195,696.0024154589372,788.0905797101449,828,58
4,183,631.8426966292135,236.1844018506279,1513,240
4,169,592.7467079783114,907.425251742835,1291,4
4,155,540.0262443438914,581.8868778280543,1105,48
4,167,585.0609452736319,619.6529850746268,804,244
4,140,457.49770114942527,431.8609195402299,870,33
4,141,463.7754519505233,240.92768791627023,1051,34
4,142,467.9576470588235,1330.9658823529412,850,35
4,143,477.40349264705884,308.6626838235294,1088,37
4,144,478.05212014134275,571.9540636042403,1132,36
4,145,499.8209982788296,1044.3261617900173,1162,40
4,146,501.5226748654881,1324.7417371252882,1301,39
4,147,505.8279301745636,349.56857855361596,401,262
4,148,517.4263157894737,432.48646616541356,1330,42
4,149,516.106936416185,1263.9826589595375,1038,44
4,150,516.3782991202346,1007.7595307917888,1023,57
4,151,530.1713823767178,52.1301535974131,1237,46
4,152,527.4289017341041,137.74797687861272,865,242
4,153,533.2402799377916,344.89968895800934,1286,45
4,154,538.5246440306681,549.6506024096385,913,47
4,198,710.2789291882556,691.4723661485319,1158,60
4,156,542.9964705882353,408.93176470588236,850,49
4,157,547.7615384615384,1253.79010989011,910,51
4,158,553.333621434745,460.71218668971477,1157,52
4,159,559.7515151515152,1285.3042424242424,825,53
4,160,563.4268518518519,770.2046296296296,1080,54
4,161,566.7006048387096,324.4778225806452,992,55
4,162,571.5618556701031,264.5577319587629,970,243
4,163,574.3030907278165,939.0498504486541,1003,56
4,164,579.8490338164252,647.8260869565217,828,43
4,165,581.719832109129,1205.0419727177334,953,29
4,166,581.9329608938548,1262.3709497206703,895,13
4,168,587.3700254022016,1108.66299745978,1181,2
4,199,710.8168654173764,730.370528109029,1174,91
4,215,793.6591478696741,1326.2163742690059,1197,105
4,202,718.3789260385005,54.780141843971634,987,245
4,241,892.9469026548672,320.81907571288104,1017,62
4,242,909.7060889929743,778.523419203747,854,64
4,243,914.6879910213244,950.5488215488216,891,65
4,244,924.9396771452846,598.3347493627867,1177,66
4,245,926.2899884925201,543.92750287687,869,67
4,246,931.6413678065054,686.5037531276064,1199,68
4,247,936.0555088309504,1013.6240538267451,1189,69
4,248,938.7383540372671,1353.5240683229813,1288,70
4,249,937.0208333333334,1251.232638888889,864,246
4,250,940.8776470588235,935.9976470588235,850,71
4,251,949.993583868011,1189.929422548121,1091,72
4,252,965.7683965917893,989.3780015491867,1291,74
4,240,888.926273458445,802.6045576407507,746,61
4,253,968.5380577427821,551.2799650043745,1143,87
4,256,970.1392757660167,754.4456824512534,718,247
4,257,973.7912457912458,827.267115600449,891,248
4,259,979.8900709219859,647.6498226950355,1128,77
4,260,979.708946772367,148.5719139297848,883,78
4,262,992.567992599445,178.17206290471785,1081,79
4,264,992.4142212189616,281.92437923250566,886,80
4,265,1007.1900519673349,1196.3080920564216,1347,81
4,266,1004.6378923766816,1359.2589686098654,892,82
4,268,1005.9022556390977,767.8233082706766,798,83
4,269,1010.3845223700121,1095.7472793228537,827,84
4,270,1019.7773487773488,635.9047619047619,777,85
4,139,449.50708833151583,613.669574700109,917,32
4,255,974.0936663693132,66.81445138269402,1121,75
4,200,710.044994375703,487.62204724409446,889,92
4,239,887.7933740191804,642.3862249346121,1147,73
4,235,874.624007936508,829.6388888888889,1008,89
4,203,722.1472957422325,660.463751438435,869,93
4,204,728.3474945533769,462.62745098039215,918,94
4,205,734.8272120200334,118.69449081803005,1198,95
4,206,739.3329694323144,891.0491266375545,916,96
4,207,747.9917279411765,1027.2150735294117,1088,97
4,208,764.186541737649,394.3143100511073,1174,98
4,209,764.0459540459541,276.036963036963,1001,99
4,210,768.6868178001679,141.0864819479429,1191,100
4,211,777.6995073891626,184.67733990147784,1218,101
4,212,779.2355679702049,502.14245810055866,1074,102
4,213,788.1746506986028,1273.1556886227545,1002,103
4,214,789.248492159228,1036.5657418576598,829,249
4,238,880.8774834437086,777.0082781456954,604,88
4,216,793.8199608610568,221.2945205479452,1022,106
4,218,794.9201637666325,267.46673490276356,977,104
4,219,797.6413867822318,420.49295774647885,923,108
4,220,803.2955729166666,1187.6341145833333,768,109
4,223,809.3835845896148,364.0,597,113
4,224,813.2039072039072,645.3101343101343,819,250
4,225,816.7618437900128,163.71062740076826,781,111
4,226,816.6286509040334,337.4673157162726,719,112
4,227,816.5022354694486,786.220566318927,671,251
4,228,822.6623735050598,929.9944802207912,1087,110
4,229,837.4966063348417,144.69230769230768,884,114
4,231,845.2553740326741,1193.7351676698195,1163,115
4,232,850.2969018932874,479.14974182444064,1162,117
4,217,794.992876224399,950.952804986643,1123,107
4,233,855.4314236111111,89.58767361111111,1152,90
4,138,446.9733959311424,123.15727699530517,1278,118
4,136,436.6389728096677,196.47280966767372,662,257
4,47,149.73637103336046,152.4540276647681,1229,134
4,48,155.13435897435897,118.62666666666667,975,181
4,49,154.1820224719101,59.19101123595506,890,123
4,50,154.7899497487437,228.09748743718592,995,122
4,51,156.08616504854368,290.0728155339806,824,252
4,52,161.65125240847783,811.393063583815,1038,124
4,53,164.48996350364965,971.6952554744526,1096,125
4,54,183.15484311050477,433.15893587994543,1466,132
4,55,184.3483606557377,199.39344262295083,976,128
4,57,189.45514018691588,829.7046728971962,1070,129
4,58,190.848814229249,107.57509881422925,1012,131
4,59,192.81439393939394,1144.0075757575758,1056,130
4,60,197.0848909657321,1192.3901869158879,1284,133
4,62,201.27330677290837,168.81752988047808,1255,148
4,63,201.32421875,901.6572265625,1024,135
4,64,202.45842696629214,1113.3134831460675,890,137
4,65,204.7535460992908,229.7508865248227,1128,138
4,66,215.7316798196167,1236.422773393461,887,140
4,67,212.35084033613447,199.03361344537817,476,139
4,68,219.7635009310987,525.4720670391062,1074,141
4,69,220.24130879345603,1331.0368098159508,978,142
4,70,232.58444816053512,837.7274247491639,1196,143
4,71,235.75859788359787,89.06216931216932,1512,144
4,72,234.56599788806759,902.0306230200633,947,145
4,74,248.39204988308651,319.7638347622759,1283,147
4,46,143.9123595505618,1294.3011235955057,890,149
4,44,139.16717019133938,741.7744209466264,993,253
4,43,130.474930362117,102.27437325905292,718,255
4,42,133.29317697228146,1200.7889125799575,938,151
4,137,446.1641791044776,827.3149253731343,1340,31
4,11,23.591509433962266,492.3179245283019,1060,0
4,12,32.71734234234234,387.57545045045043,888,153
4,13,44.40392826643894,78.52092228864218,1171,154
4,14,41.881231671554254,1138.0894428152492,682,155
4,15,48.65470852017937,514.6804932735427,892,158
4,16,46.355862068965514,1010.9875862068966,725,156
4,17,49.297679112008076,1305.5923309788093,991,157
4,20,58.60986547085202,399.2825112107623,892,161
4,21,59.128,1340.512,875,163
4,22,60.36544502617801,217.09424083769633,955,162
4,23,65.62214708368555,136.09044801352493,1183,164
4,75,247.66069745523092,659.3647502356267,1061,179
4,24,68.43401015228426,734.6370558375635,1182,165
4,26,75.54769921436588,1015.692480359147,891,167
4,28,90.73813169984686,335.9042879019908,1306,168
4,29,87.60574712643678,414.4413793103448,870,169
4,30,98.26086956521739,526.7843478260869,1150,170
4,33,98.20564516129032,365.57459677419354,496,171
4,34,104.17896865520729,493.5470171890799,989,172
4,36,115.44235924932975,1029.3118856121537,1119,174
4,37,121.09417040358744,939.980269058296,1115,175
4,38,122.22539229671898,266.641940085592,701,254
4,39,126.78670634920636,354.07738095238096,1008,176
4,40,133.18319928507597,1131.3279714030384,1119,178
4,41,131.97181628392485,477.919624217119,958,177
4,25,76.55372445616348,1163.3526697429136,1517,166
4,76,244.03698435277383,200.65860597439544,703,208
4,45,141.35447437011294,1234.3683753258038,1151,150
4,78,249.6888888888889,1105.3240740740741,1080,213
4,110,357.1881625441696,23.75971731448763,1132,184
4,111,356.27356746765247,525.2855822550832,1082,185
4,112,355.40836408364083,958.6125461254612,813,186
4,113,359.15384615384613,927.1214574898786,988,188
4,114,358.37942122186496,1283.8745980707395,933,189
4,115,363.3088803088803,325.65173745173746,1295,190
4,116,374.6273666092943,181.85370051635113,1162,191
4,117,379.14854111405833,216.4314765694076,1131,192
4,118,383.60719424460433,51.985611510791365,695,256
4,119,389.558256496228,657.2799664710813,1193,211
4,120,388.8056680161943,724.7186234817814,988,194
4,122,394.4675,1036.8116666666667,1200,209
4,109,351.538961038961,1228.4642857142858,616,187
4,123,397.8207440811725,132.34723788049607,887,198
4,125,405.7686230248307,390.4819413092551,886,201
4,126,407.3277711561383,1162.8605482717521,839,202
4,127,409.9747252747253,312.55164835164834,910,203
4,128,418.554356846473,542.7244813278008,1205,204
4,129,417.25613660618995,709.9519743863394,937,206
4,130,420.4186284544524,1209.8464687819858,977,207
4,131,423.97097625329815,636.1635883905013,1137,182
4,132,421.1471354166667,1241.7786458333333,768,205
4,133,428.3160621761658,408.37823834196894,772,121
4,134,429.470893970894,587.2328482328483,962,152
4,77,246.0,507.47041847041845,693,180
4,135,433.93039215686275,951.4774509803922,1020,119
4,124,407.75382003395583,99.24193548387096,1178,200
4,108,352.1625282167043,131.35515425131678,1329,183
4,121,390.7471131639723,690.7782909930716,866,196
4,80,263.3735632183908,526.3505747126437,696,220
4,79,261.813,160.193,1000,217
4,107,351.7611842105263,435.7657894736842,1520,210
4,81,263.4118246687054,1272.4057084607543,981,216
4,82,263.7808219178082,44.2648401826484,876,218
4,83,269.77713178294573,956.9127906976744,1032,221
4,84,267.44746376811594,188.22826086956522,552,219
4,85,268.14726507713885,214.75035063113606,713,222
4,86,280.59926131117265,617.4672206832871,1083,224
4,88,287.4836716681377,488.80847308031775,1133,225
4,90,292.49592549476137,1099.803259604191,859,226
4,92,304.5581967213115,995.8450819672131,1220,229
4,93,297.9192546583851,943.195652173913,322,258
4,94,311.07784431137725,522.0049900199601,1002,238
4,87,281.61043802423114,80.05125815470643,1073,223
4,105,344.08066429418744,683.8884934756821,843,195
4,106,347.66599597585514,1200.880281690141,994,214
4,95,313.8623188405797,203.75996376811594,1104,237
4,104,342.67436208991495,1254.9793438639126,823,212
4,103,345.16309412861136,1019.4408201304753,1073,231
4,101,340.514811031665,632.9918283963228,979,232
4,102,343.3641207815275,1084.0586145648313,1126,230
4,99,334.7486398258977,480.6746463547334,919,233
4,98,321.8244604316547,1286.2086330935251,695,235
4,97,320.39525691699606,942.6482213438735,1012,228
4,96,317.3073022312373,93.18356997971603,986,236
4,100,337.95675675675676,985.1036036036036,1110,239
5,177,612.670745272525,553.3414905450501,899,241
5,180,622.668169522092,1007.6266907123535,1109,27
5,179,621.4946445959105,1095.6319376825707,1027,14
5,176,613.9673913043479,776.9665551839465,1196,12
5,170,595.3015873015873,282.16806722689074,1071,3
5,174,609.7610186092066,82.71988246816846,1021,9
5,173,601.7649363369246,673.9353574926542,1021,8
5,172,600.8666100254885,707.2735768903993,1177,7
5,171,595.8655913978495,337.9451612903226,930,6
5,181,626.8477751756441,1039.9168618266979,854,15
5,175,613.7527272727273,310.3354545454545,1100,10
5,182,638.9529534762154,938.9200209095661,1913,16
5,195,697.0342857142857,787.5862857142857,875,58
5,184,638.7846715328467,623.2180656934306,1096,18
5,185,635.0907643312102,1070.2022292993631,628,17
5,186,650.6280623608018,889.5144766146993,898,20
5,187,662.5988960441582,1058.7939282428704,1087,21
5,188,664.3684210526316,1007.1976166832175,1007,22
5,189,674.9014189693802,396.150858849888,1339,23
5,190,676.4032957502168,708.1188204683434,1153,24
5,191,678.3239436619718,483.49295774647885,1065,25
5,192,689.6614699331849,1083.033407572383,1347,26
5,193,690.457091237579,1028.8599819331528,1107,28
5,194,689.4041025641026,37.16717948717949,975,120
5,169,583.0,1015.37890625,768,5
5,183,632.1174603174603,239.28761904761905,1575,240
5,168,593.2875536480686,907.5150214592275,1398,4
5,140,463.2461257976299,240.38468550592526,1097,34
5,166,586.861178369653,1107.9257465698145,1239,2
5,197,702.2138364779875,139.0641509433962,795,59
5,139,457.70873786407765,431.7669902912621,927,33
5,141,468.0012515644556,1331.2227784730915,799,35
5,142,477.5177993527508,308.9514563106796,1236,37
5,143,478.2804674457429,572.2854757929883,1198,36
5,144,501.69424460431657,1326.1755395683454,1390,39
5,145,501.3923145665773,1044.7176050044682,1119,40
5,146,517.3962390866353,432.31766286098053,1489,42
5,147,516.0746965452848,1264.1942110177404,1071,44
5,149,516.4171779141104,1009.5245398773006,978,57
5,150,530.170531039641,51.719521316379954,1337,46
5,151,532.792984869326,344.6416781292985,1454,45
5,167,585.4700854700855,619.5384615384615,819,244
5,152,527.9674027339643,139.23449001051526,951,242
5,154,539.7135193133047,550.043991416309,932,47
5,155,543.9251533742331,409.0233128834356,815,49
5,156,547.7777777777778,1253.549019607843,918,51
5,157,553.9297553275454,461.6953433307024,1267,52
5,158,560.1975540921919,1285.585136406397,1063,53
5,159,563.8090990187333,771.1694915254237,1121,54
5,160,565.9848628192999,324.73699148533586,1057,55
5,161,571.2198895027624,265.139226519337,905,243
5,162,574.9304347826087,940.1921739130435,1150,56
5,163,579.7608695652174,648.0301932367149,828,43
5,164,582.0844629822732,1205.0802919708028,959,29
5,165,582.8563411896745,1262.4792368125702,891,13
5,153,539.1386554621848,582.8025210084033,1190,48
5,198,709.9852024922118,691.873831775701,1284,60
5,267,1010.5645933014354,1095.218899521531,836,84
5,200,710.207440811725,487.9413754227734,887,92
5,239,889.0693832599119,803.5143171806168,908,61
5,240,892.6447985004686,321.2005623242737,1067,62
5,241,909.774599542334,778.6670480549199,874,64
5,242,914.3486140724947,950.7313432835821,938,65
5,243,925.1302211302211,598.2874692874693,1221,66
5,244,926.2395577395578,544.59828009828,814,67
5,245,930.5273052820054,686.6168307967771,1117,68
5,246,936.1105807478123,1014.1328560063644,1257,69
5,247,939.147947327653,1353.756777691712,1291,70
5,248,937.3285556780595,1251.5071664829106,907,246
5,249,940.8800904977376,935.7138009049773,884,71
5,250,950.0625,1190.4286971830986,1136,72
5,238,888.0767960363336,642.1692815854666,1211,73
5,251,966.399564902103,990.2153734590282,1379,74
5,254,970.3239436619718,755.4605633802817,710,247
5,256,974.5235042735043,827.1869658119658,936,248
5,257,980.1830863121186,647.8064516129032,1147,77
5,258,979.5532879818594,148.0204081632653,882,78
5,259,985.0470793374019,243.30514385353095,1147,259
5,260,992.4253164556962,177.9071729957806,1185,79
5,261,991.9420935412027,282.70601336302894,898,80
5,263,1007.1056105610561,1196.4844884488448,1515,81
5,264,1003.7046688382193,1359.4495114006515,921,82
5,266,1005.924617196702,767.4075382803298,849,83
5,268,1020.1488862837045,636.5439624853458,853,85
5,138,450.60410256410256,613.8389743589744,975,32
5,252,968.9632352941177,551.5596405228758,1224,87
5,237,880.5812807881773,777.0492610837439,609,88
5,234,874.2257751937984,831.1065891472869,1032,89
5,232,855.4406224406224,89.91482391482391,1221,90
5,201,720.9957894736842,661.1126315789473,950,93
5,202,719.6737044145873,55.07293666026872,1042,245
5,203,728.3026737967914,462.5433155080214,935,94
5,204,735.2286609240407,118.73923257635082,1277,95
5,205,739.5227995758219,891.6670201484624,943,96
5,206,747.9500907441017,1027.385662431942,1102,97
5,207,764.3081861958267,394.8892455858748,1246,98
5,208,763.0477611940298,275.78905472636814,1005,99
5,209,769.129829984544,141.50850077279753,1294,100
5,210,777.8594594594595,185.1081081081081,1295,101
5,211,779.577365163572,502.7303271441202,1131,102
5,212,788.1571290009699,1273.6226964112511,1031,103
5,213,793.384074941452,1327.0944574551131,1281,105
5,214,789.788679245283,1038.416352201258,795,249
5,215,793.8616822429907,222.02990654205607,1070,106
5,217,794.7244094488188,951.509186351706,1143,107
5,218,795.4671814671815,267.91409266409266,1036,104
5,219,797.5400213447172,420.77054429028817,937,108
5,220,801.5270880361173,1186.854401805869,886,109
5,221,808.3055859802848,362.9145673603505,913,113
5,223,813.1066176470588,645.7720588235294,816,250
5,225,817.1434159061278,164.0612777053455,767,111
5,227,822.5607476635514,930.7281223449447,1177,110
5,228,817.9883551673945,336.2649199417758,687,112
5,229,837.7984665936473,144.25082146768895,913,114
5,230,845.365813377374,1192.1874483897604,1211,115
5,231,850.7478329393223,479.5941686367218,1269,117
5,199,711.1769911504425,730.9597747385358,1243,91
5,137,447.1104033970276,123.92215145081387,1413,118
5,45,139.42827442827442,742.2286902286902,962,253
5,135,434.37732160312805,951.5982404692082,1023,119
5,136,445.8939393939394,827.4015151515151,1452,31
5,46,143.7353914002205,1294.32414553473,907,149
5,47,149.78231292517006,152.73998488284204,1323,134
5,48,154.9360465116279,118.06395348837209,1032,181
5,49,154.10449438202247,59.60674157303371,890,123
5,50,155.04226804123712,229.38556701030927,970,122
5,51,156.4296388542964,289.9701120797011,803,252
5,52,161.69524697110904,811.2348555452004,1073,124
5,53,165.23257918552036,971.6696832579186,1105,125
5,54,183.61387434554973,433.27486910994764,1528,132
5,55,183.4498106060606,200.1467803030303,1056,128
5,56,190.35029686174724,830.2960135708228,1179,129
5,44,142.11120263591434,1234.7306425041186,1214,150
5,58,191.27634011090572,107.73012939001849,1082,131
5,60,197.37433155080214,1191.7402597402597,1309,133
5,61,200.2485549132948,901.0664739884393,1038,135
5,62,202.09580838323353,170.03849443969204,1169,148
5,63,205.4468085106383,229.36,1175,138
5,64,203.1914191419142,1113.1320132013202,909,137
5,65,215.9880810488677,1236.3849821215733,839,140
5,66,215.1889055472264,197.57721139430285,667,139
5,67,220.05936920222635,526.4146567717996,1078,141
5,68,221.12993762993764,1330.956340956341,962,142
5,69,235.88367952522256,88.9240356083086,1685,144
5,70,232.15780866721178,837.8119378577269,1223,143
5,71,233.81361256544503,902.0984293193717,955,145
5,59,192.5901189387008,1144.0988106129917,1093,130
5,73,248.65887509130752,320.04309715120525,1369,147
5,43,133.41737288135593,1200.7870762711864,944,151
5,41,132.53935860058309,1130.3372206025267,1029,178
5,11,23.743023255813952,611.6889534883721,1720,260
5,14,32.36866902237927,388.0447585394582,849,153
5,15,44.394563426688634,79.16062602965404,1214,154
5,16,42.06831395348837,1138.452034883721,688,155
5,17,48.867483296213805,515.0256124721603,898,158
5,18,46.13428571428572,1011.1957142857143,700,156
5,19,49.80321665089877,1305.8902554399242,1057,157
5,21,56.68447412353923,374.2838063439065,599,160
5,22,61.474489795918366,216.0578231292517,1176,162
5,23,58.95875,401.975,800,161
5,24,59.32591768631813,1340.813125695217,899,163
5,25,66.04051863857374,137.02836304700162,1234,164
5,42,130.15578635014836,102.5,674,255
5,27,67.84135753749014,734.9044988161011,1267,165
5,29,81.02239641657334,1013.5901455767078,893,167
5,30,90.53463960811756,336.3009097270819,1429,168
5,31,88.03319502074689,415.11410788381744,964,169
5,32,98.4827868852459,526.7639344262295,1220,170
5,33,104.13074565883555,493.3135852911134,979,172
5,34,100.73346693386773,366.32665330661325,499,171
5,35,105.21164613661814,202.68309070548713,893,173
5,36,116.80076628352491,1030.111111111111,1044,174
5,37,121.05052264808363,940.0888501742161,1148,175
5,38,122.34499205087441,266.95389507154215,629,254
5,39,127.6923076923077,353.73222979552094,1027,176
5,40,132.1689723320158,478.1521739130435,1012,177
5,28,76.54354354354355,1163.1873873873874,1665,166
5,74,246.0680473372781,659.2228796844181,1014,179
5,12,23.580288870008495,492.4579439252336,1177,0
5,76,246.31266149870802,507.3475452196382,774,180
5,109,356.8125,24.22554347826087,1104,184
5,110,356.46902654867256,525.6566371681416,1130,185
5,111,355.33551769331586,958.7903014416776,763,186
5,112,351.7523277467412,1228.7225325884544,537,187
5,113,360.3693284936479,927.3638838475499,1102,188
5,114,363.2228696285506,325.16533139111436,1373,190
5,115,358.91041666666666,1283.9239583333333,960,189
5,116,374.62719703977797,181.9713228492137,1081,191
5,117,379.1539735099338,216.591059602649,1208,192
5,118,389.4595709570957,656.75,1212,211
5,75,243.8366718027735,201.74114021571648,649,208
5,120,389.24657534246575,725.3444227005871,1022,194
5,108,352.35483870967744,131.48457223001404,1426,183
5,121,391.89289099526064,690.9924170616114,1055,196
5,123,398.5515288788222,132.85956964892412,883,198
5,124,407.74764150943395,99.2743710691824,1272,200
5,125,405.828349944629,390.74750830564784,903,201
5,126,407.74881516587675,1162.9229857819905,844,202
5,127,410.1627384960718,313.2749719416386,891,203
5,128,418.83462732919253,542.7864906832298,1288,204
5,129,419.08859357696565,710.5260243632337,903,206
5,130,420.6913086913087,1209.8871128871128,1001,207
5,131,423.82914979757084,636.5773279352227,1235,182
5,132,420.76159793814435,1241.9987113402062,776,205
5,133,428.32068062827227,408.8979057591623,764,121
5,134,429.7180527383367,587.1460446247464,986,152
5,122,394.65337672904803,1036.7485760781124,1229,209
5,107,345.2148337595908,683.5895140664961,782,195
5,119,383.6725806451613,53.1,620,256
5,105,345.94962686567163,1201.1875,1072,214
5,77,249.52376599634368,1105.4725776965265,1094,213
5,106,351.75924838520257,435.7110980622431,1703,210
5,78,262.0040322580645,160.17741935483872,992,217
5,79,263.5537688442211,1272.5165829145728,995,216
5,80,262.9846153846154,42.42517482517483,715,218
5,81,259.7072072072072,65.1036036036036,444,215
5,82,264.1810344827586,526.9353448275862,696,220
5,83,266.7594553706505,188.83358547655067,661,219
5,85,270.581220657277,957.1849765258216,1065,221
5,86,281.10159010600705,617.773851590106,1132,224
5,87,282.4540727902946,80.6317157712305,1154,223
5,88,287.59295659295657,488.9017199017199,1221,225
5,84,268.524893314367,215.77951635846372,703,222
5,92,303.9639711769415,995.9487590072058,1249,229
5,104,342.85547785547783,1254.820512820513,858,212
5,91,292.91001124859395,1100.3070866141732,889,226
5,102,344.9535472972973,1020.231418918919,1184,231
5,101,340.822091886608,633.0635386119258,1023,232
5,100,337.89905787348584,709.1736204576043,743,234
5,99,335.5406698564593,481.9377990430622,836,233
5,103,343.42429737080687,1084.1876699909337,1103,230
5,97,322.2703081232493,1286.0854341736695,714,235
5,96,317.2067632850242,93.18550724637682,1035,236
5,95,313.9656357388316,203.99484536082474,1164,237
5,94,311.4581328200193,522.6775745909529,1039,238
5,93,317.3255347593583,942.9391711229947,1496,228
5,98,338.3293103448276,985.2120689655172,1160,239
6,181,621.8792270531401,1096.0106280193236,1035,14
6,180,612.8972067039106,552.077094972067,895,241
6,179,614.0803493449781,776.3737991266376,1145,12
6,178,612.9791863765373,310.57426679280985,1057,10
6,177,610.3084577114428,82.76517412935323,1005,9
6,174,596.0867678958786,338.441431670282,922,6
6,175,599.7535587188612,707.2597864768683,1124,7
6,173,583.854381443299,1012.6224226804123,776,5
6,172,594.1069703243617,909.7474120082816,1449,4
6,182,622.9898804047838,1007.5170193192272,1087,27
6,176,603.8549763033176,673.8976303317536,1055,8
6,184,638.1801075268817,938.5822580645162,1860,16
6,198,702.4204685573367,138.63131935881628,811,59
6,186,632.1368142762723,236.0561797752809,1513,240
6,187,638.8493803622498,622.9828408007627,1049,18
6,188,650.3448275862069,889.2825361512791,899,20
6,189,662.9587534372135,1057.877176901925,1091,21
6,190,664.5878312070657,1007.1511285574093,1019,22
6,191,674.3801652892562,396.10330578512395,1210,23
6,192,676.3696428571428,708.2821428571428,1120,24
6,193,678.5401869158878,483.7214953271028,1070,25
6,194,689.1254871395167,1082.8565861262666,1283,26
6,195,690.417593528817,36.406471183013146,989,120
6,196,690.9124423963134,1028.6866359447004,1085,28
6,197,695.9694570135747,787.1651583710408,884,58
6,185,626.4975530179445,1039.1174551386623,613,15
6,171,595.6830443159923,282.34200385356456,1038,3
6,143,463.08446866485014,240.2470481380563,1101,34
6,169,587.290909090909,1108.2280991735538,1210,2
6,200,710.1734860883797,691.6178396072013,1222,60
6,144,468.1166281755196,1331.378752886836,866,35
6,145,477.23606271777004,309.2778745644599,1148,37
6,146,478.2118644067797,572.1771186440678,1180,36
6,147,501.04476275738585,1044.8316920322293,1117,40
6,148,502.1788491446345,1324.656298600311,1286,39
6,149,505.70426065162906,349.81954887218046,399,262
6,150,517.7443181818181,432.32670454545456,1408,42
6,151,516.3039772727273,1264.2594696969697,1056,44
6,152,516.8273170731708,1008.390243902439,1025,57
6,153,530.2082683307332,51.725429017160685,1282,46
6,154,528.4504896626768,138.27856365614798,919,242
6,170,585.1804245283018,618.996462264151,848,244
6,155,533.580310880829,344.2264988897113,1351,45
6,157,539.6768893756846,550.1204819277109,913,47
6,158,543.5727590221187,408.65075669383003,859,49
6,159,548.1148429035753,1253.4615384615386,923,51
6,160,553.6944213155704,461.20233139050794,1201,52
6,161,559.8714596949891,1285.8910675381264,918,53
6,162,564.2737987307344,772.4587488667271,1103,54
6,163,566.280751173709,324.52957746478876,1065,55
6,164,571.7544973544974,263.65820105820103,945,243
6,165,573.2485768500949,940.3709677419355,1054,56
6,166,580.2388571428571,648.096,875,43
6,167,581.7224008574491,1204.2175777063237,933,29
6,168,582.4050218340611,1262.3755458515284,916,13
6,156,538.8059322033898,582.8720338983051,1180,48
6,201,711.2095316351684,730.4913722267872,1217,91
6,234,874.4241545893719,829.9990338164251,1035,89
6,204,720.0724206349206,53.94345238095238,1008,245
6,241,910.0190796857463,778.6464646464647,891,64
6,242,914.4366492146597,950.7193717277487,955,65
6,243,925.4338842975206,598.0115702479338,1210,66
6,244,926.4045307443366,543.3182308522114,927,67
6,245,931.1407766990292,686.5412621359224,1236,68
6,246,935.953488372093,1014.028067361668,1247,69
6,247,939.1424172440338,1353.7397998460353,1299,70
6,248,937.2857142857143,1250.943956043956,910,246
6,249,941.3645484949833,935.473801560758,897,71
6,250,950.0053956834532,1189.6879496402878,1112,72
6,251,966.8947368421053,989.705547652916,1406,74
6,252,968.8755256518083,550.4903280067283,1189,87
6,254,970.3547523427042,754.9290495314592,747,247
6,255,973.996855345912,67.48218029350105,954,75
6,257,974.6745379876796,827.3613963039014,974,248
6,258,980.2408695652174,647.6504347826087,1150,77
6,259,979.7877777777778,148.12666666666667,900,78
6,260,986.5627782724844,241.02938557435442,1123,259
6,261,992.8349429323969,178.1132572431958,1139,79
6,262,993.4107981220657,281.5868544600939,852,80
6,264,1003.8983606557377,1358.6666666666667,915,82
6,266,1006.2632226322263,767.0553505535055,813,83
6,267,1010.6177829099307,1095.8233256351039,866,84
6,268,1020.0207823960881,637.1552567237164,818,85
6,142,457.62979189485213,431.78751369112814,913,33
6,240,893.0377714825307,320.97261567516523,1059,62
6,239,889.9798488664987,803.419395465995,794,61
6,238,888.4137353433836,642.643216080402,1194,73
6,237,880.9288025889967,777.2605177993528,618,88
6,205,722.5877777777778,660.4688888888888,900,93
6,206,728.3817980022197,462.188679245283,901,94
6,207,735.1622516556291,118.76407284768212,1208,95
6,208,740.0692737430168,891.9374301675978,895,96
6,209,748.2524797114518,1027.238954012624,1109,97
6,210,763.5966633954857,275.9293424926398,1019,99
6,211,765.0240663900415,394.301244813278,1205,98
6,212,769.1081504702195,141.09639498432603,1276,100
6,213,777.817594834544,184.64326069410816,1239,101
6,214,779.5355191256831,502.41530054644807,1098,102
6,215,788.334649555775,1272.8489634748273,1013,103
6,216,793.0666666666667,1326.932510288066,1215,105
6,202,710.7511111111111,487.73555555555555,900,92
6,217,789.7445442875481,1038.392811296534,779,249
6,219,795.2019323671498,267.70531400966183,1035,104
6,220,795.2280550774527,951.105851979346,1162,107
6,221,797.8851422550052,420.1664910432034,949,108
6,222,800.1436984687869,1186.7608951707891,849,109
6,224,813.3145933014354,645.2547846889952,836,250
6,226,817.2326431181486,163.54811205846528,821,111
6,227,816.3398601398601,786.4951048951049,715,251
6,228,822.7890974084004,929.9794459338696,1119,110
6,229,838.4925690021231,143.552016985138,942,114
6,230,845.9420529801324,1192.0902317880796,1208,115
6,231,850.9852579852579,479.2710892710893,1221,117
6,232,855.5389121338912,89.7949790794979,1195,90
6,218,794.1236816874401,221.11984659635667,1043,106
6,141,450.8734309623431,614.092050209205,956,32
6,137,433.1687116564417,951.5899795501023,978,119
6,139,446.24734982332154,827.1519434628975,1415,31
6,49,143.0693832599119,1294.285242290749,908,149
6,50,149.6135831381733,152.7447306791569,1281,134
6,51,155.67419038272817,118.28949950932287,1019,181
6,52,155.46560846560845,229.194708994709,945,122
6,53,155.95774647887325,289.9143192488263,852,252
6,54,157.04921700223713,60.738255033557046,894,123
6,55,161.67009345794392,811.403738317757,1070,124
6,56,165.62916291629162,971.4428442844285,1111,125
6,57,183.9316851008458,433.0052049446975,1537,132
6,58,182.23706896551724,200.4146551724138,1160,128
6,60,189.7509090909091,830.1827272727272,1100,129
6,61,191.0225988700565,107.64312617702448,1062,131
6,62,192.24077490774908,1143.8514760147602,1084,130
6,63,197.38648860958367,1191.8515318146112,1273,133
6,64,199.90845070422534,901.8732394366198,994,135
6,65,202.0295566502463,169.34811165845647,1218,148
6,66,204.59408602150538,229.2311827956989,1116,138
6,67,203.1013215859031,1113.0462555066078,908,137
6,68,215.971363115693,1236.3780068728522,873,140
6,69,214.25822368421052,197.89144736842104,608,139
6,70,220.04495412844037,526.3981651376147,1090,141
6,71,220.91649484536083,1331.0845360824742,970,142
6,72,236.1291718170581,88.92398022249691,1618,144
6,73,232.314333612741,837.7585917854149,1193,143
6,74,233.85251046025104,902.2887029288703,956,145
6,48,142.15141430948418,1234.9034941763728,1202,150
6,47,139.50098039215686,741.9186274509804,1020,253
6,46,133.50316455696202,1200.8755274261603,948,151
6,45,130.2013605442177,102.2843537414966,735,255
6,13,23.292083712465878,491.70063694267515,1099,0
6,140,446.8639097744361,123.81954887218045,1330,118
6,15,44.660330578512394,78.67933884297521,1210,154
6,16,42.01157742402315,1138.4153400868306,691,155
6,17,48.69759825327511,514.0043668122271,916,158
6,18,46.65986394557823,1011.447619047619,735,156
6,19,52.301310043668124,1305.8061135371179,1145,157
6,21,60.92850595783685,216.47846012832264,1091,162
6,23,59.43620501635769,1340.7535441657578,917,163
6,24,60.07319952774498,400.97520661157023,847,161
6,25,57.60648148148148,373.56481481481484,432,160
6,26,66.3297342192691,135.56312292358805,1204,164
6,75,248.88332086761406,319.8908002991773,1337,147
6,27,68.44700082169268,734.6803615447823,1217,165
6,29,81.4448123620309,1012.3134657836645,906,167
6,30,90.67031363967907,335.98614150255287,1371,168
6,31,87.80290456431536,415.2748962655602,964,169
6,32,98.66556836902801,526.996705107084,1214,170
6,35,104.01137440758293,492.71943127962084,1055,172
6,36,99.52581261950287,366.2810707456979,523,171
6,39,116.64732965009208,1029.8692449355433,1086,174
6,40,121.51095530236634,940.1165644171779,1141,175
6,41,121.97122302158273,268.0359712230216,834,254
6,42,127.7943661971831,353.9755868544601,1065,176
6,43,132.779,477.85,1000,177
6,44,133.30783078307832,1131.2754275427542,1111,178
6,28,75.63257575757575,1162.3377525252524,1584,166
6,76,246.91423185673892,659.2196041470311,1061,179
6,14,32.95958549222798,387.8663212435233,965,153
6,78,246.32288828337875,507.0258855585831,734,180
6,113,356.54658385093165,525.7719609582964,1127,185
6,114,355.50737100737103,958.4594594594595,814,186
6,115,359.148070907195,1283.903023983316,959,189
6,116,363.58827948910596,325.1893313298272,1331,190
6,117,362.0229007633588,926.9475190839695,1048,188
6,118,374.86410256410255,181.65470085470085,1170,191
6,119,379.2725724020443,216.4190800681431,1174,192
6,120,383.8270042194093,51.89029535864979,711,256
6,121,389.6,657.0365853658536,1230,211
6,122,389.67222767419037,725.5230618253189,1019,194
6,123,390.9239956568947,691.070575461455,921,196
6,124,394.88990066225165,1036.5728476821191,1208,209
6,125,397.84081196581195,132.6655982905983,936,198
6,126,408.094616639478,99.1394779771615,1226,200
6,127,405.97045951859957,390.78336980306347,914,201
6,128,408.0293427230047,1163.0915492957747,852,202
6,129,410.32296137339057,312.48497854077254,932,203
6,130,418.8413621262458,542.6187707641196,1204,204
6,131,418.598121085595,709.9279749478079,958,206
6,132,420.9012219959267,1209.8574338085539,982,207
6,133,424.1818181818182,636.3101104502973,1177,182
6,134,421.2941919191919,1241.8194444444443,792,205
6,135,429.8891149542218,587.1820956256358,983,152
6,136,429.1275510204082,408.1938775510204,784,121
6,77,244.6844319775596,200.16970546984572,713,208
6,112,357.1938596491228,23.94298245614035,1140,184
6,111,352.2644230769231,1228.5288461538462,624,187
6,138,437.23293768545994,196.62017804154303,674,257
6,108,352.0153354632588,436.0926517571885,1565,210
6,79,249.56102003642988,1105.667577413479,1098,213
6,80,262.04799216454455,160.05680705190989,1021,217
6,81,263.61139896373055,1272.4880829015544,965,216
6,82,264.1606648199446,526.6980609418282,722,220
6,83,264.87513935340024,44.14158305462653,897,218
6,84,268.61511423550087,188.26362038664323,569,219
6,85,268.6657420249653,214.90291262135923,721,222
6,110,352.2998544395924,131.09606986899564,1374,183
6,87,281.10176991150445,617.1283185840708,1130,224
6,88,282.43362831858406,80.5212389380531,1130,223
6,89,287.38266557645136,488.81684382665577,1223,225
6,91,293.44606741573034,1100.1685393258426,890,226
6,93,304.1932638331997,996.0601443464315,1247,229
6,86,270.9777365491651,957.4842300556586,1078,221
6,96,314.1451187335092,203.67194371152155,1137,237
6,95,311.51606621226875,522.0360272638753,1027,238
6,106,345.84341978866473,1200.9529298751202,1041,214
6,105,345.7661510464058,1020.0063694267516,1099,231
6,104,342.9905437352246,1254.7659574468084,846,212
6,103,343.6381118881119,1084.0157342657342,1144,230
6,107,344.53588516746413,684.1196172248804,836,195
6,101,338.1371681415929,985.2823008849557,1130,239
6,100,335.4731958762887,480.8927835051546,970,233
6,99,322.13592233009706,1286.4674063800278,721,235
6,98,321.5382608695652,941.5391304347826,1150,228
6,97,317.46329837940897,93.12297426120115,1049,236
6,102,340.55467980295566,632.7477832512316,1015,232
7,174,622.4694621695534,1095.701002734731,1097,14
7,173,613.9708097928437,774.9463276836158,1062,12
7,172,612.6595059076262,551.8925886143932,931,241
7,171,613.2917448405253,310.4465290806754,1066,10
7,168,599.8792775665399,708.0399239543726,1052,7
7,169,604.9833333333333,674.4648148148148,1080,8
7,167,596.6565762004176,338.9384133611691,958,6
7,166,596.3589232303091,282.7218344965105,1003,3
7,165,593.7809890815671,909.3615928066795,1557,4
7,170,610.6439842209073,82.64201183431953,1014,9
7,175,622.647114474929,1007.190160832545,1057,27
7,190,695.7367829021372,787.4994375703037,889,58
7,178,625.0208816705336,1038.0812064965198,431,15
7,179,632.0864790665752,234.47426218256692,1457,240
7,180,638.8395061728395,622.9078822412156,1053,18
7,181,650.4535398230089,888.9911504424779,904,20
7,182,663.0871177015755,1057.3299351251158,1079,21
7,183,664.551656920078,1006.7738791423002,1026,22
7,184,674.617193836172,395.8718572587186,1233,23
7,185,676.091985428051,708.2695810564663,1098,24
7,186,678.3510737628385,483.4519140989729,1071,25
7,187,689.1193798449613,1082.2961240310078,1290,26
7,188,689.9693372898121,36.47279920870425,1011,120
7,189,691.2382704691812,1028.6347746090157,1087,28
7,177,638.6461803561172,938.1338311315336,1741,16
7,164,585.2968568102444,618.6530849825378,859,244
7,150,538.7777777777778,583.0974358974358,1170,48
7,162,582.2142857142857,1262.2206823027718,938,13
7,136,457.85559174809987,431.5678610206298,921,33
7,191,702.1484560570071,138.4501187648456,842,59
7,137,464.0941828254848,239.70914127423822,1083,34
7,138,468.1653454133635,1331.3578708946773,883,35
7,139,477.3286219081272,309.428445229682,1132,37
7,140,478.40905280804697,571.97820620285,1193,36
7,141,499.77231777231776,1043.95085995086,1221,40
7,142,502.26563769293256,1324.2526401299756,1231,39
7,143,506.3165137614679,349.55045871559633,436,262
7,144,517.6005873715125,432.5234948604993,1362,42
7,145,515.8185185185185,1263.9814814814815,1080,44
7,146,516.4870565675935,1007.8072866730585,1043,57
7,163,587.4061718098416,1108.1376146788991,1199,2
7,147,530.3209377526273,51.904607922392884,1237,46
7,149,533.7726235741445,343.9269961977186,1315,45
7,151,539.4002123142251,549.9256900212314,942,47
7,152,543.7102908277404,408.4563758389262,894,49
7,153,548.0598290598291,1253.3985042735044,936,51
7,154,553.7552039966695,460.9275603663614,1201,52
7,155,559.5704057279236,1285.4498806682577,838,53
7,156,564.7070422535211,772.8572769953051,1065,54
7,157,566.7801683816651,323.6267539756782,1069,55
7,158,571.8224016145308,263.8678102926337,991,243
7,159,580.0209281164695,945.9326660600545,1099,56
7,160,580.1904218928164,648.0832383124288,877,43
7,161,581.4136842105263,1203.9252631578947,950,29
7,148,528.4674033149171,137.85193370165746,905,242
7,193,710.1764199655765,691.6462994836489,1162,60
7,223,848.9752300070771,476.621372965322,1413,117
7,195,710.6819708846584,487.8320268756999,893,92
7,231,888.4025,642.3891666666667,1200,73
7,232,893.1685288640596,320.78677839851025,1074,62
7,233,889.8204379562044,802.4700729927007,685,61
7,234,910.3359375,777.96875,896,64
7,235,914.2489495798319,950.6165966386554,952,65
7,236,926.0936270653029,599.125885129819,1271,66
7,237,931.4894941634241,686.2980544747081,1285,68
7,238,935.2385993485342,1013.792345276873,1228,69
7,239,937.2324022346369,1250.3418994413407,895,246
7,240,941.3340883352208,934.6240090600227,883,71
7,241,949.1176470588235,1189.1131221719456,1105,72
7,243,968.4840604026846,550.256711409396,1192,87
7,259,1019.6894329896908,636.1855670103092,776,85
7,247,974.9150326797386,66.37037037037037,918,75
7,248,974.5930962343097,827.0083682008368,956,248
7,249,980.0661512027491,647.6365979381443,1164,77
7,250,979.8928571428571,148.11383928571428,896,78
7,251,986.904718693285,239.49818511796732,1102,259
7,252,992.3,178.6743119266055,1090,79
7,253,992.5213581599123,281.907995618839,913,80
7,254,989.0926365795724,1193.2612826603327,421,81
7,255,1004.3620283018868,1358.060141509434,848,82
7,257,1006.4066924066924,766.2908622908623,777,83
7,258,1010.2868949232586,1095.796930342385,847,84
7,135,451.2422360248447,614.0031055900621,966,32
7,230,881.2405063291139,777.1693037974684,632,88
7,194,711.0849292256453,730.2839300582848,1201,91
7,227,874.7540983606557,829.4686595949855,1037,89
7,224,845.9363265306123,1191.941224489796,1225,115
7,197,720.09375,53.630859375,1024,245
7,198,722.630214205186,660.1668545659527,887,93
7,199,728.9694989106754,462.80392156862746,918,94
7,200,734.9248747913189,118.86143572621035,1198,95
7,201,740.1551155115511,891.5500550055006,909,96
7,202,748.1587867975022,1027.041926851026,1121,97
7,203,762.5635514018692,276.18317757009345,1070,99
7,204,764.4023470243085,394.0779547359598,1193,98
7,205,769.1324095458044,140.8598922247883,1299,100
7,206,777.7684210526315,184.72793522267207,1235,101
7,207,779.5117328519856,502.115523465704,1108,102
7,208,788.2672497570456,1273.1554907677357,1029,103
7,209,788.998673740053,1038.4801061007959,754,249
7,210,793.0180327868852,1326.6532786885246,1220,105
7,211,794.1000935453695,220.8334892422825,1069,106
7,212,795.4196350999131,950.6029539530842,1151,107
7,213,794.7521865889213,267.02915451895046,1029,104
7,214,798.0688935281837,419.9509394572025,958,108
7,215,800.2977099236641,1186.6692111959287,786,109
7,218,813.1155660377359,644.9728773584906,848,250
7,219,817.3506172839507,163.11234567901235,810,111
7,220,816.4042857142857,786.0742857142857,700,251
7,221,823.315739868049,929.5268614514608,1061,110
7,222,838.5878594249201,143.33546325878595,939,114
7,225,855.5645161290323,89.50679117147708,1178,90
7,134,447.1073094867807,123.77838258164853,1286,118
7,245,970.5115961800818,754.8117326057298,733,247
7,132,437.0832095096583,196.4918276374443,673,257
7,46,149.52689873417722,153.10680379746836,1264,134
7,47,156.748031496063,118.68897637795276,1016,181
7,48,155.41279669762642,228.93188854489165,969,122
7,49,155.9685746352413,289.58249158249157,891,252
7,50,157.39804772234274,60.83405639913232,922,123
7,51,161.69668246445497,810.7630331753554,1055,124
7,52,164.85689948892676,971.7027257240204,1174,125
7,53,183.3361236316806,432.8570508692853,1553,132
7,55,189.7722681359045,830.0835629017447,1089,129
7,57,191.0101569713758,107.50230840258541,1083,131
7,58,192.32342007434943,1143.6737918215613,1076,130
7,59,197.74048174048173,1192.5081585081584,1287,133
7,61,199.2642487046632,902.1896373056995,965,135
7,62,201.89275147928993,168.68565088757396,1352,148
7,63,204.5335658238884,229.55187445510026,1147,138
7,64,203.05982905982907,1112.6463675213674,936,137
7,65,215.97979797979798,1236.20202020202,891,140
7,66,213.0776892430279,199.0378486055777,502,139
7,67,220.32789855072463,526.4076086956521,1104,141
7,68,220.5910478128179,1330.8687690742624,983,142
7,69,232.72189841798502,837.7060782681099,1201,143
7,70,236.0162052667117,89.4004051316678,1481,144
7,71,233.66080661840743,902.076525336091,967,145
7,72,248.82965779467682,319.641825095057,1315,147
7,73,247.9644484958979,659.4813126709207,1097,179
7,45,143.28155339805826,1294.0021574973032,927,149
7,74,244.95138888888889,199.2111111111111,720,208
7,44,142.73737373737373,1235.0412457912457,1188,150
7,42,133.51921079958464,1200.7030114226377,963,151
7,133,446.5940170940171,828.2300569800569,1404,31
7,12,44.07860615883306,78.47811993517018,1234,154
7,13,41.8822695035461,1138.1517730496455,705,155
7,14,48.50982532751092,513.5360262008734,916,158
7,15,46.78431372549019,1011.2614379084968,765,156
7,16,49.31612903225806,1305.8860215053764,930,157
7,18,55.74189675870348,399.33613445378154,833,161
7,20,59.66346153846154,1340.684829059829,936,163
7,21,60.251372118551046,216.60812294182216,911,162
7,22,66.08032128514056,135.7429718875502,1245,164
7,24,68.21110176619007,734.232968881413,1189,165
7,25,76.62654521795706,1162.6005204944697,1537,166
7,27,81.26470588235294,1010.9596949891068,918,167
7,28,87.47929606625259,415.9875776397516,966,169
7,29,92.59900373599004,352.8530510585305,803,171
7,30,98.74567901234568,527.3761316872428,1215,170
7,32,93.70025839793281,24.713178294573645,387,264
7,33,103.52291105121294,492.09254267744836,1113,172
7,35,116.0557461406518,1029.5557461406518,1166,174
7,36,121.35400516795866,939.7760551248923,1161,175
7,37,121.90145576707727,267.8936170212766,893,254
7,38,128.21762589928056,353.9640287769784,1112,176
7,39,133.44745762711864,1131.2279661016948,1180,178
7,40,130.73142112125163,102.64015645371578,767,255
7,41,133.26824457593688,477.64497041420117,1014,177
7,43,139.48227535037097,741.3437757625721,1213,253
7,75,246.52958152958152,506.87734487734485,693,180
7,10,23.047709923664122,491.18034351145036,1048,0
7,77,261.8556097560976,159.97170731707317,1025,217
7,107,356.74642857142857,525.5767857142857,1120,185
7,108,355.45988023952094,958.2670658682634,835,186
7,109,359.2969569779643,1284.0482686253936,953,189
7,110,363.65153846153845,325.16846153846154,1300,190
7,111,362.5543032786885,926.3165983606557,976,188
7,112,374.964824120603,181.76298157453937,1194,191
7,113,379.4978127734033,216.61417322834646,1143,192
7,114,383.8959778085992,51.48404993065187,721,256
7,115,389.5330578512397,656.8776859504133,1210,211
7,116,389.34748272458046,725.1599210266535,1013,194
7,76,249.80035492457853,1105.4880212954747,1127,213
7,118,394.9478827361564,1036.428338762215,1228,209
7,119,398.7139689578714,132.27827050997783,902,198
7,120,408.1633187772926,99.23406113537118,1145,200
7,121,406.0010881392818,390.76060935799785,919,201
7,122,407.8208616780045,1162.9501133786848,882,202
7,123,410.03225806451616,312.6409989594173,961,203
7,124,418.8688796680498,542.3070539419087,1205,204
7,125,418.3434650455927,709.7882472137791,987,206
7,126,421.31589743589745,1209.2769230769231,975,207
7,127,421.4235436893204,1241.2924757281553,824,205
7,128,424.2295221843003,635.9249146757679,1172,182
7,129,429.3400758533502,408.27433628318585,791,121
7,130,430.03343465045594,587.06484295846,987,152
7,131,433.1865979381443,951.3948453608248,970,119
7,106,352.2059282371295,1228.776911076443,641,187
7,105,356.93451327433627,24.02920353982301,1130,184
7,117,390.0239726027397,690.6004566210046,876,196
7,103,352.26013513513516,436.19256756756755,1480,210
7,78,263.77181913774973,1272.3943217665615,951,216
7,104,352.5200909780136,131.44503411675512,1319,183
7,79,264.6707317073171,43.76164079822616,902,218
7,80,264.3375,526.55,720,220
7,81,268.49375866851597,214.84466019417476,721,222
7,82,270.973491773309,957.1691042047532,1094,221
7,83,269.2218045112782,188.37218045112783,532,219
7,84,280.0989824236818,616.2867715078631,1081,224
7,86,287.79459002535924,488.3313609467456,1183,225
7,87,293.04691075514876,1099.6979405034324,874,226
7,88,304.20066061106525,996.2279108175062,1211,229
7,89,297.90909090909093,943.012539184953,319,258
7,85,281.8806921675774,80.13934426229508,1098,223
7,91,314.1501316944688,203.70939420544337,1139,237
7,102,346.78472222222223,1200.8472222222222,1008,214
7,90,311.4908034849952,521.4762826718296,1033,238
7,100,345.6253443526171,1020.0973370064279,1089,231
7,99,343.1553166069295,1255.3596176821984,837,212
7,98,343.7175,1083.7833333333333,1200,230
7,97,341.2671829622459,632.6418199419168,1033,232
7,101,344.50602409638554,683.7265060240964,830,195
7,95,335.4224224224224,480.6896896896897,999,233
7,94,322.02344827586205,1286.4137931034484,725,235
7,93,321.8268315889629,939.2702188392008,1051,228
7,92,317.2099322799097,96.3717080511663,1329,236
7,96,337.9581151832461,985.0383944153577,1146,239
8,172,622.06654676259,1095.6591726618706,1112,14
8,163,593.5717029449423,908.7772087067862,1562,4
8,164,596.50622406639,339.4719917012448,964,6
8,165,597.6233635448137,282.0221550855992,993,3
8,166,599.7400793650794,708.3690476190476,1008,7
8,167,606.7825295723385,674.8653321201092,1099,8
8,168,610.519768563163,82.78592092574735,1037,9
8,169,613.513358778626,310.6412213740458,1048,10
8,170,612.4477611940298,552.1748400852879,938,241
8,171,613.7982107355865,774.8767395626243,1006,12
8,173,622.7591170825336,1007.3752399232245,1042,27
8,189,701.8498168498169,138.3821733821734,819,59
8,177,638.5258215962441,623.0131455399061,1065,18
8,178,650.4856194690266,888.6548672566372,904,20
8,179,661.3558515699334,1058.3853472882968,1051,21
8,180,664.4928425357873,1006.8220858895705,978,22
8,181,674.1632818846466,395.9122664500406,1231,23
8,182,675.5754189944134,708.4795158286778,1074,24
8,183,678.1063829787234,482.98427382053654,1081,25
8,184,689.0340293890177,1082.1252900232018,1293,26
8,185,689.4219536757302,36.87210473313193,993,120
8,186,690.9813953488372,1028.986976744186,1075,28
8,187,694.8524404086265,788.161180476731,881,58
8,175,631.9474804826118,233.735982966643,1409,240
8,162,585.1045977011494,618.5114942528736,870,244
8,135,464.47557603686636,240.09769585253457,1085,34
8,160,582.1133909287257,1262.3401727861772,926,13
8,190,710.1091234347049,691.7701252236136,1118,60
8,136,468.04864253393663,1331.3823529411766,884,35
8,137,477.0008896797153,309.7446619217082,1124,37
8,138,478.2944078947368,571.8174342105264,1216,36
8,139,499.62889066241024,1044.148443735036,1253,40
8,140,502.1553480475382,1324.704584040747,1178,39
8,141,506.17333333333335,349.76,450,262
8,142,517.441087613293,432.5906344410876,1324,42
8,143,515.1758139534884,1264.1051162790698,1075,44
8,144,516.2241054613936,1007.7749529190207,1062,57
8,145,530.0146222583265,51.956945572705116,1231,46
8,146,528.3727876106195,137.83849557522123,904,242
8,147,533.7640791476408,344.3599695585997,1314,45
8,148,538.4956521739131,583.3365217391305,1150,48
8,149,539.6520811099253,550.221985058698,937,47
8,150,543.6772428884026,408.36761487964986,914,49
8,151,547.5483516483516,1253.3989010989012,910,51
8,152,553.6579163248564,461.0492206726825,1219,52
8,153,559.0750893921335,1285.6686531585221,839,53
8,154,564.3043052837573,772.6575342465753,1022,54
8,155,566.8064823641563,322.46329837940897,1049,55
8,156,571.780737704918,263.5461065573771,976,243
8,157,580.0170068027211,648.3730158730159,882,43
8,158,582.07,946.6081818181818,1100,56
8,159,581.4296455424275,1204.1127819548872,931,29
8,161,587.0298507462686,1108.7081260364841,1206,2
8,191,710.9105485232068,730.3620253164557,1185,91
8,220,845.6171428571429,1192.0555102040817,1225,115
8,228,892.9944495837187,320.60869565217394,1081,62
8,229,889.5294117647059,802.5448916408669,646,61
8,230,910.3878923766816,778.469730941704,892,64
8,231,914.0577731092437,950.8634453781513,952,65
8,232,925.9152810768013,599.756927949327,1263,66
8,233,931.4283524904215,686.2827586206896,1305,68
8,234,934.9040066777964,1013.830550918197,1198,69
8,235,936.8924972004479,1250.5095184770437,893,246
8,236,941.3974943052392,934.6936218678816,878,71
8,237,948.737040527804,1189.6163996229973,1061,72
8,239,968.2624053826745,550.201850294365,1189,87
8,227,888.0569514237856,642.6557788944724,1194,73
8,241,970.2622950819672,754.9330601092896,732,247
8,244,975.2067099567099,66.41774891774892,924,75
8,245,979.8567753001715,647.8198970840481,1166,77
8,246,979.9409141583054,148.37235228539578,897,78
8,247,987.1663516068053,238.6086956521739,1058,259
8,248,992.1419172932331,179.15131578947367,1064,79
8,249,992.4745945945946,282.2497297297297,925,80
8,250,989.210407239819,1194.0972850678734,442,81
8,253,1005.6243093922652,767.2859116022099,724,83
8,254,1009.9914841849148,1095.9975669099756,822,84
8,255,1019.8847736625514,636.3717421124828,729,85
8,134,458.25624321389796,431.68078175895766,921,33
8,242,974.1843220338983,827.1355932203389,944,248
8,225,880.9175738724728,777.6003110419907,643,88
8,223,874.3246124031008,829.7093023255813,1032,89
8,221,855.2046035805627,89.53878942881501,1173,90
8,194,720.1970873786407,53.70194174757282,1030,245
8,195,722.5887640449438,660.1415730337079,890,93
8,196,728.8202959830867,463.4397463002114,946,94
8,197,734.8720538720539,118.95875420875421,1188,95
8,198,740.2435344827586,891.1476293103449,928,96
8,199,747.9530973451327,1027.021238938053,1130,97
8,200,762.1868544600939,275.9924882629108,1065,99
8,201,764.1234991423671,394.2058319039451,1166,98
8,202,768.8591224018476,141.06312548113934,1299,100
8,203,777.5476387738194,184.53189726594863,1207,101
8,204,779.2942238267148,502.2129963898917,1108,102
8,205,788.1789473684211,1273.3856459330143,1045,103
8,206,792.5912408759124,1327.146796431468,1233,105
8,207,788.9894875164258,1039.168199737188,761,249
8,208,793.9022346368715,221.0195530726257,1074,106
8,209,794.3644314868804,267.01068999028183,1029,104
8,210,795.4090909090909,950.75,1144,107
8,211,798.4958246346555,420.17223382045927,958,108
8,212,798.8797953964195,1186.8695652173913,782,109
8,214,812.7491207502931,645.0902696365767,853,250
8,215,817.5018270401949,163.11936662606578,821,111
8,216,816.3228571428572,786.1971428571428,700,251
8,217,823.6613386613386,929.7712287712287,1001,110
8,218,838.6503198294243,143.10127931769722,938,114
8,219,848.9043963712492,476.14166085136077,1433,117
8,192,710.3748584371461,488.6998867497169,883,92
8,133,451.23970432946146,613.8722280887011,947,32
8,251,1004.5350318471337,1358.43949044586,785,82
8,131,446.5214592274678,828.505722460658,1398,31
8,44,155.37613751263902,229.30738119312437,989,122
8,45,156.08948545861298,289.6319910514541,894,252
8,46,157.06008583690988,61.167381974248926,932,123
8,47,157.96572580645162,119.61391129032258,992,181
8,48,161.3351749539595,810.6832412523021,1086,124
8,49,164.96115702479338,971.8181818181819,1210,125
8,50,175.2505285412262,434.64376321353063,946,132
8,53,189.6570363466915,830.309412861137,1073,129
8,54,190.59472196041472,107.83506126295947,1061,131
8,55,192.05560791705938,1143.890669180019,1061,130
8,56,197.45640219952867,1192.745483110762,1273,133
8,42,142.73181324647123,1293.9913137893593,921,149
8,58,199.2417695473251,901.9897119341564,972,135
8,60,202.92192513368985,1112.607486631016,935,137
8,61,204.6637781629116,230.36395147313692,1154,138
8,62,212.8436873747495,199.53907815631263,499,139
8,63,215.80752212389382,1236.5387168141592,904,140
8,64,219.70758483033933,1331.245508982036,1002,142
8,65,220.46978021978023,526.6245421245421,1092,141
8,66,235.69992922859166,89.45010615711253,1413,144
8,67,233.22460776218003,838.0982658959538,1211,143
8,68,233.7223910840932,902.0425531914893,987,145
8,70,248.8064764841943,320.2490362374711,1297,147
8,71,247.85561497326202,659.3877005347593,1122,179
8,59,201.63184438040346,168.9293948126801,1388,148
8,41,142.0663829787234,1235.308085106383,1175,150
8,40,138.14177563661391,739.7439779766001,1453,253
8,39,133.55520833333333,1200.7083333333333,960,151
8,132,446.9872102318146,123.75219824140687,1251,118
8,10,22.598029556650246,491.80098522167486,1015,0
8,12,44.22666666666667,78.62666666666667,1275,154
8,13,41.785714285714285,1138.2100840336134,714,155
8,14,46.35805626598466,1010.8925831202046,782,156
8,15,48.33553355335533,513.9163916391639,909,158
8,16,49.516093229744726,1306.1742508324085,901,157
8,19,59.61853448275862,1340.9665948275863,928,163
8,20,59.74103139013453,216.60089686098655,892,162
8,21,66.13754045307444,135.21440129449837,1236,164
8,22,67.86073825503355,734.4622483221476,1192,165
8,23,75.52741151977793,1163.0950728660653,1441,166
8,24,80.75575027382256,1010.7524644030668,913,167
8,26,86.59267241379311,416.35129310344826,928,169
8,27,89.94177215189873,354.1025316455696,790,171
8,28,98.48178807947019,527.3170529801324,1208,170
8,29,93.11576354679804,24.738916256157637,406,264
8,31,103.32797140303843,492.1054512957998,1119,172
8,32,101.6032786885246,398.4327868852459,305,265
8,33,115.80658783783784,1029.464527027027,1184,174
8,34,121.39312657166806,939.5113160100586,1193,175
8,35,128.1390909090909,354.05454545454546,1100,176
8,36,133.27820186598814,1131.4122137404581,1179,178
8,37,133.3992055610725,477.50347567030786,1007,177
8,38,131.78616352201257,103.2377358490566,795,255
8,72,244.63009845288326,199.61603375527426,711,208
8,73,249.65039929015083,1105.73735581189,1127,213
8,43,149.15898251192368,153.5429252782194,1258,134
8,75,261.7919075144509,160.13969171483623,1038,217
8,105,355.92558139534884,958.2732558139535,860,186
8,106,357.01959038290295,526.0186999109528,1123,185
8,107,358.97584033613447,1284.6680672268908,952,189
8,108,363.7353171495693,325.37196554424435,1277,190
8,109,362.91299790356396,925.706498951782,954,188
8,110,374.94754371357203,181.84845961698585,1201,191
8,111,379.4221238938053,216.812389380531,1130,192
8,112,383.68894952251026,51.682128240109144,733,256
8,113,389.20774938169825,656.9752679307502,1213,211
8,114,389.62899543378995,690.4577625570777,876,196
8,115,389.48602794411175,725.0948103792415,1002,194
8,116,394.74697824335215,1036.6438356164383,1241,209
8,117,398.77456647398844,132.3664739884393,865,198
8,118,407.8950729927007,99.32025547445255,1096,200
8,119,405.9912854030501,390.75925925925924,918,201
8,120,407.69137168141594,1162.5475663716813,904,202
8,121,409.6848739495798,312.968487394958,952,203
8,122,418.63963963963965,542.1818181818181,1221,204
8,123,418.2309970384995,709.6337611056268,1013,206
8,124,421.0668633235005,1209.9213372664701,1017,207
8,125,424.1195184866724,635.8030954428203,1163,182
8,126,429.02143757881464,408.69356872635564,793,121
8,127,429.72188139059307,587.2300613496933,978,152
8,128,432.6717226435536,951.6554712892741,923,119
8,74,246.58656716417912,506.62388059701493,670,180
8,104,352.00306748466255,1228.7791411042945,652,187
8,103,356.6115044247788,24.016814159292036,1130,184
8,129,437.1455604075691,196.83842794759826,687,257
8,101,352.237658674189,436.6558533145275,1418,210
8,102,352.4544037412315,131.48636009353078,1283,183
8,77,265.3648068669528,44.668454935622314,932,218
8,78,264.2135922330097,526.5603328710125,721,220
8,79,268.0527045769764,215.06796116504853,721,222
8,80,270.73175182481754,957.1377737226277,1096,221
8,81,268.5344129554656,188.73684210526315,494,219
8,82,280.22292490118576,617.2648221343874,1265,224
8,83,281.2933597621407,79.96927651139742,1009,223
8,84,288.1179673321234,488.02813067150635,1102,225
8,85,291.6915367483296,1095.544543429844,898,226
8,86,303.6310517529215,996.2145242070117,1198,229
8,87,297.7608695652174,943.1552795031056,322,258
8,76,263.5238095238095,1272.5089947089948,945,216
8,90,314.2371794871795,204.01373626373626,1092,237
8,91,321.62314540059344,938.7408506429277,1011,228
8,92,322.0651289009498,1286.7815468113974,737,235
8,93,335.3372206025267,480.88824101068997,1029,233
8,94,337.6239092495637,985.0558464223386,1146,239
8,95,340.6023054755043,632.2929875120077,1041,232
8,96,343.56475409836065,1083.5934426229508,1220,230
8,97,343.0082938388626,1256.1670616113745,844,212
8,98,345.39851024208565,1020.243947858473,1074,231
8,99,344.40533980582524,683.9781553398059,824,195
8,100,346.02675916749257,1200.5559960356788,1009,214
8,88,311.325831702544,521.7318982387476,1022,238
9,167,613.4769065520945,552.795918367347,931,241
9,166,616.8672268907563,311.2344537815126,1190,10
9,165,614.7830115830116,775.7783783783784,1295,12
9,164,611.0202952029521,83.73062730627306,1084,9
9,158,586.0878378378378,618.8198198198198,888,244
9,162,598.0470479704798,339.9308118081181,1084,6
9,161,598.9325581395349,710.9573643410853,1290,7
9,160,597.8778242677824,281.6251046025105,1195,3
9,159,583.41,1017.4555555555555,900,5
9,181,688.5267605633803,38.95586854460094,1065,120
9,163,609.0024429967426,676.1807817589577,1228,8
9,168,622.373831775701,1097.6392523364486,1070,14
9,174,651.5057113187954,889.1028037383178,963,20
9,170,629.5895806861499,1037.8881829733164,787,15
9,171,630.7934782608696,1067.2907608695652,736,17
9,172,632.466581795035,239.2444302991725,1571,240
9,173,639.2203245089667,623.6174210076857,1171,18
9,175,661.7994746059545,1058.8371278458844,1142,21
9,176,664.5744075829384,1006.6445497630332,1055,22
9,177,675.0798122065728,396.5250391236307,1278,23
9,178,675.5543568464731,708.6746887966805,1205,24
9,179,678.6227758007118,482.5738434163701,1124,25
9,180,690.2890459363957,1083.209187279152,1415,26
9,157,583.5720250521921,1262.4759916492694,958,13
9,169,623.8317757009346,1006.8190314358538,1177,27
9,156,587.2288011695906,1108.736111111111,1368,2
9,143,529.9020618556701,138.5257731958763,970,242
9,154,580.5995550611791,648.992213570634,899,43
9,182,691.116079105761,1028.8529664660362,1163,28
9,129,452.99237368922786,613.9532888465205,1049,32
9,130,458.98661174047373,431.83316168898045,971,33
9,131,464.11478260869563,239.80869565217392,1150,34
9,132,468.41440377804014,1332.237308146399,847,35
9,133,477.9503816793893,309.1206106870229,1310,37
9,134,478.99456099456097,572.2649572649573,1287,36
9,135,503.0363761153054,1325.1901166781056,1457,39
9,136,502.07685950413224,1045.1785123966943,1210,40
9,137,518.1117898594991,432.59315821624926,1637,42
9,138,515.3525,1264.6083333333333,1200,44
9,155,582.1153439153439,1204.3068783068784,945,29
9,140,517.4295774647887,1010.2233400402414,994,57
9,142,534.3812297734628,344.83948220064724,1545,45
9,144,539.1830427892235,584.2947702060222,1262,48
9,145,540.0675403225806,550.4989919354839,992,47
9,146,545.3485029940119,408.42155688622756,835,49
9,147,548.240414507772,1252.9119170984457,965,51
9,148,554.5111275964392,462.5474777448071,1348,52
9,149,560.0683176771989,1286.4978650725875,1171,53
9,150,567.1827000808407,322.0218270008084,1237,55
9,151,566.0951940850277,773.1598890942698,1082,54
9,152,571.7837837837837,263.9589189189189,925,243
9,153,581.5648503453568,947.7198772064467,1303,56
9,141,530.7622950819672,51.53874813710879,1342,46
9,183,698.2571785268415,788.7715355805243,801,58
9,249,1018.9167567567567,637.8345945945946,925,85
9,185,710.2479523454952,692.3008190618019,1343,60
9,220,880.8604651162791,777.2945736434109,645,88
9,222,888.9977011494253,642.912643678161,1305,73
9,223,890.783200908059,803.4528944381385,881,61
9,224,894.3059829059829,320.7017094017094,1170,62
9,225,911.3164414414415,779.418918918919,888,64
9,226,925.8298691301001,598.2771362586606,1299,66
9,227,932.3412921348314,687.0456460674158,1424,68
9,228,935.3818321785989,1014.3995381062356,1299,69
9,229,937.6285425101214,1251.511133603239,988,246
9,230,941.0648535564853,936.2301255230126,956,71
9,231,949.5870967741936,1189.2169354838709,1240,72
9,232,967.8108108108108,990.1267696267696,1554,74
9,233,968.3171114599686,551.0337519623234,1274,87
9,235,970.6546391752578,755.3840206185567,776,247
9,237,975.2387774594079,827.4660936007641,1047,248
9,238,976.29375,67.27395833333334,960,75
9,239,980.4974832214765,648.0956375838927,1192,77
9,240,980.4819532908705,147.87579617834396,942,78
9,241,985.3754019292604,243.52170418006432,1244,259
9,243,992.90625,179.01121794871796,1248,79
9,244,994.0077951002227,282.3763919821826,898,80
9,245,1004.9736008447729,1358.7634635691659,947,82
9,247,1005.9307159353349,768.2956120092379,866,83
9,248,1010.7474285714286,1096.2091428571428,875,84
9,128,447.8333333333333,124.57795698924731,1488,118
9,218,874.2969752520623,830.6177818515124,1091,89
9,184,702.3018518518519,139.17407407407407,1080,59
9,216,855.9984447900466,90.17573872472784,1286,90
9,214,846.3168168168169,1192.406906906907,1332,115
9,186,711.7846515270164,731.2043852779954,1277,91
9,188,711.3222341568206,489.02900107411386,931,92
9,189,721.6247771836007,54.73172905525847,1122,245
9,190,721.792194092827,661.2848101265823,948,93
9,191,729.572605561277,462.5684860968074,971,94
9,192,735.9044006069803,119.00834597875568,1318,95
9,193,740.7012987012987,890.9660339660339,1001,96
9,194,748.6209887250651,1027.5099739809193,1153,97
9,195,762.1085714285714,276.4847619047619,1050,99
9,196,765.4409385113269,395.3252427184466,1236,98
9,197,769.98940397351,141.3860927152318,1510,100
9,198,778.6571845368344,184.95769511305616,1371,101
9,199,780.1378708551483,503.0541012216405,1146,102
9,200,789.0222016651248,1273.5809435707679,1081,103
9,201,793.1145272867026,1328.544196771714,1301,105
9,202,794.318460192476,222.34820647419073,1143,106
9,203,795.1438474870017,267.46707105719236,1154,104
9,204,790.5749354005168,1040.4405684754522,774,249
9,205,795.7506112469438,951.4971475142625,1227,107
9,206,799.3103448275862,420.72210953346854,986,108
9,207,800.0506721820062,1188.3474663908996,967,109
9,209,813.4893378226711,645.9090909090909,891,250
9,210,817.9595300261096,163.58093994778068,766,111
9,212,824.1017087062653,929.8828315703825,1229,110
9,213,839.3058702368692,143.79608650875386,971,114
9,215,852.6127562642369,479.7433561123766,1317,117
9,127,446.85778347213324,828.4420243433697,1561,31
9,123,424.7815829528158,636.5730593607306,1314,182
9,125,430.4054404145078,408.7020725388601,772,121
9,41,156.19858156028369,230.54767533490937,1269,122
9,42,156.7481402763018,61.55154091392136,941,123
9,43,159.40262172284645,119.08052434456928,1068,181
9,44,156.72062350119904,290.72781774580335,834,252
9,45,161.99746407438715,811.134404057481,1183,124
9,46,167.32328308207704,972.2562814070352,1194,125
9,47,185.43816884661118,433.7128418549346,1682,132
9,48,180.53895582329318,201.73654618473896,1245,128
9,49,191.6133979015335,831.1404358353511,1239,129
9,50,192.3578856152513,107.31455805892547,1154,131
9,51,192.75,1143.8850174216027,1148,130
9,40,149.3954642097803,153.55988660524451,1411,134
9,53,198.1960931630353,1192.190833959429,1331,133
9,55,202.71887550200802,169.8995983935743,1245,148
9,56,204.0515247108307,1112.279705573081,951,137
9,57,205.86391042204997,231.66838931955212,1161,138
9,58,216.71443298969072,199.61340206185568,970,139
9,59,216.56178489702518,1236.7151029748284,874,140
9,60,221.18236819360416,526.95246326707,1157,141
9,61,221.6669931439765,1331.49069539667,1021,142
9,62,236.2487280949689,89.59581684567553,1769,144
9,63,233.40481927710843,838.085140562249,1245,143
9,64,234.64805583250248,902.3160518444666,1003,145
9,65,249.7316076294278,320.4741144414169,1468,147
9,54,199.7166831194472,902.6001974333662,1013,135
9,39,143.60842754367934,1294.589928057554,973,149
9,38,132.97078353253653,103.26427622841966,753,255
9,37,137.86819923371647,1236.686590038314,1305,150
9,10,24.758417958311064,607.9347942276858,1871,260
9,126,434.36554132712456,952.0558789289872,859,119
9,13,44.575019040365575,79.17593297791318,1313,154
9,14,42.65138888888889,1138.8763888888889,720,155
9,15,49.98833510074231,514.50901378579,943,158
9,16,47.02687411598303,1011.5728429985855,707,156
9,17,51.22093023255814,1306.2119856887298,1118,157
9,19,54.64230019493177,399.54191033138403,1026,161
9,20,53.16417910447761,373.2369402985075,536,160
9,21,62.18486055776892,215.995219123506,1255,162
9,22,60.02217741935484,1341.3689516129032,992,163
9,23,68.19820493642483,135.0635751682872,1337,164
9,24,68.13343217197924,735.5596738324685,1349,165
9,25,75.87040280210158,1163.650321074139,1713,166
9,26,82.60249739854318,1011.9209157127991,961,167
9,27,87.49004975124379,415.7006633499171,1206,169
9,28,91.86595174262735,354.01608579088474,746,171
9,29,99.36583522297808,527.973544973545,1323,170
9,30,103.76566314076484,491.51505288852724,1229,172
9,31,105.22045454545454,201.2534090909091,880,173
9,32,117.25399644760213,1030.5355239786857,1126,174
9,33,121.73675496688742,940.4312913907285,1208,175
9,34,128.84080914687775,354.17854001759014,1137,176
9,35,133.27614678899081,1131.1339449541285,1090,178
9,36,134.90295748613678,477.82902033271716,1082,177
9,66,246.58114233907526,658.9365367180417,1103,179
9,67,247.84248210023867,506.9200477326969,838,180
9,11,24.11218724778047,490.72477804681193,1239,0
9,69,245.70178041543028,198.77299703264094,674,208
9,100,353.0977542932629,131.4782034346103,1514,183
9,101,357.19092465753425,24.526541095890412,1168,184
9,102,354.38072669826227,960.129541864139,633,186
9,103,352.5,1229.236111111111,576,187
9,104,357.75291181364395,526.4875207986689,1202,185
9,105,363.6184573002755,324.90633608815426,1452,190
9,106,362.48726953467957,930.2502194907814,1139,188
9,107,360.3646694214876,1284.2520661157025,968,189
9,108,375.61805555555554,181.55381944444446,1152,191
9,109,380.2726574500768,217.17818740399386,1302,192
9,110,389.5577223088924,656.3190327613105,1282,211
9,99,345.8758620689655,683.6110344827587,725,195
9,111,384.2347266881029,53.237942122186496,622,256
9,113,390.5943925233645,727.1672897196262,1070,194
9,114,394.8670172802404,1036.6814425244177,1331,209
9,115,400.39064200217626,133.5429815016322,919,198
9,116,408.647931303669,99.63622170179548,1281,200
9,117,406.52708333333334,391.21979166666665,960,201
9,118,408.93072625698323,1163.1787709497207,895,202
9,119,409.991462113127,314.059765208111,937,203
9,120,419.3898832684825,543.0653696498055,1285,204
9,121,420.0948366701791,710.1190727081138,949,206
9,122,422.17828054298644,1209.9800904977376,1105,207
9,68,250.33587786259542,1105.9643765903309,1179,213
9,112,391.1622846781505,691.7697189483227,1103,196
9,98,352.74012964054214,436.1608721272834,1697,210
9,124,430.4757281553398,587.4252427184466,1030,152
9,96,346.54149203688183,1021.0989103101425,1193,231
9,97,346.4201077199282,1200.7603231597845,1114,214
9,71,264.3637274549098,1272.5030060120241,998,216
9,72,258.80462724935734,64.45244215938304,389,215
9,73,264.1762114537445,44.3568281938326,681,218
9,74,268.18840579710144,525.0101449275362,690,220
9,75,269.5006605019815,216.2562747688243,757,222
9,76,272.27530017152657,957.8902229845626,1166,221
9,77,270.6043165467626,188.38992805755396,695,219
9,78,280.56451612903226,618.4012096774194,1488,224
9,79,281.70665571076415,80.39441248972884,1217,223
9,80,287.58462575859744,488.19757248819957,1483,225
9,70,262.4096618357488,159.51400966183576,1035,217
9,84,304.38587360594795,996.3360594795539,1345,229
9,85,318.33141025641027,942.5346153846153,1560,228
9,86,312.6533936651584,521.6687782805429,1105,238
9,87,317.45872715816006,95.13169502205419,1587,236
9,88,314.7725080385852,204.2363344051447,1244,237
9,89,322.80920162381597,1287.2598105548038,739,235
9,90,339.33304794520546,985.2619863013699,1168,239
9,91,336.9499467518637,482.39084132055376,939,233
9,92,341.9486948694869,633.2538253825383,1111,232
9,93,339.30341340075853,708.8950695322377,791,234
9,94,344.41385135135135,1083.8775337837837,1184,230
9,95,343.88698630136986,1255.554794520548,876,212
9,83,293.38288770053475,1094.5283422459893,935,226
10,163,612.9507853403142,552.5696335078534,955,241
10,162,615.1798436142485,312.0529973935708,1151,10
10,161,613.9166666666666,775.7951713395638,1284,12
10,155,583.140221402214,1014.4071340713407,813,5
10,159,608.7215496368038,676.5343018563358,1239,8
10,158,598.7558724832214,710.7986577181208,1192,7
10,157,596.1350861287398,340.7343608340889,1103,6
10,156,598.864819479429,281.2879932829555,1191,3
10,160,611.4995260663507,82.54218009478673,1055,9
10,164,621.9352517985611,1097.6411870503598,1112,14
10,173,663.9272898961284,1006.4844192634561,1059,22
10,167,632.0566157760815,237.52798982188295,1572,240
10,169,638.7903930131005,623.5144104803494,1145,18
10,170,631.6796116504854,1036.1087378640777,515,15
10,171,650.9324462640737,888.5854657113613,977,20
10,174,674.692246835443,708.3900316455696,1264,24
10,175,674.8240064882401,396.44606650446065,1233,23
10,176,678.3157431838171,483.0114335971856,1137,25
10,177,689.2324909747292,1083.3985559566786,1385,26
10,178,688.0838650865999,38.281677301731996,1097,120
10,179,690.6488616462346,1028.8756567425569,1142,28
10,154,585.414364640884,618.7027624309392,905,244
10,165,623.4168797953964,1007.083546462063,1173,27
10,180,695.6272189349113,785.5846153846154,845,58
10,141,538.4285714285714,584.4451460142068,1267,48
10,152,582.35,1263.0989583333333,960,13
10,182,710.3822861468584,692.0794852384557,1321,60
10,128,458.0122574055158,431.81307456588354,979,33
10,129,463.6333622936577,240.0060816681147,1151,34
10,130,468.1642458100559,1332.04469273743,895,35
10,131,476.8160561184723,309.46375681995323,1283,37
10,132,478.2138364779874,572.5070754716982,1272,36
10,133,501.4079728583545,1045.39016115352,1179,40
10,134,502.84375,1324.5334302325582,1376,39
10,135,504.9645776566758,350.63487738419616,367,262
10,136,514.4816082121471,1265.0966638152267,1169,44
10,137,516.6243805748265,1009.593657086224,1009,57
10,153,586.2996918335901,1109.3836671802774,1298,2
10,138,529.9351639969489,51.539282990083905,1311,46
10,140,533.7593935398813,345.699406723797,1517,45
10,142,539.4548254620123,550.2279260780288,974,47
10,143,543.6565874730021,408.84449244060477,926,49
10,144,547.6876267748479,1252.9117647058824,986,51
10,145,553.8713096139288,461.97047691143075,1321,52
10,146,558.4741463414634,1286.790243902439,1025,53
10,147,565.0560747663551,773.0728971962617,1070,54
10,148,571.4560878243512,263.73552894211576,1002,243
10,149,580.1282051282051,947.4817404817405,1287,56
10,150,580.128068303095,649.1686232657418,937,43
10,151,581.4520990312163,1204.075349838536,929,29
10,139,528.8127490039841,137.8097609561753,1004,242
10,183,711.0468253968254,731.1904761904761,1260,91
10,214,874.1966192170819,829.7250889679715,1124,89
10,186,720.7140303842717,54.20554066130474,1119,245
10,220,893.3883071553229,320.48865619546245,1146,62
10,221,910.7911065149948,779.9348500517063,967,64
10,222,925.2517591868648,598.0813135261924,1279,66
10,223,931.9044368600682,686.9003412969283,1465,68
10,224,934.512585812357,1014.3325705568268,1311,69
10,225,936.9144602851323,1251.0773930753564,982,246
10,226,939.994939271255,937.8562753036438,988,71
10,227,948.8454469507101,1189.438596491228,1197,72
10,228,967.0408163265306,990.2073732718894,1519,74
10,229,967.9484702093398,551.1537842190016,1242,87
10,231,970.1024691358025,755.141975308642,810,247
10,233,975.178605539637,67.06303724928367,1047,75
10,234,974.5071225071225,827.6182336182336,1053,248
10,235,979.9917423616846,648.1345995045417,1211,77
10,236,980.0740354535975,148.17518248175182,959,78
10,237,985.9688013136289,241.21428571428572,1218,259
10,238,992.5479338842975,179.32644628099175,1210,79
10,239,994.4818713450293,282.0444444444444,855,80
10,241,1004.4069767441861,1358.7061310782242,946,82
10,243,1005.2805320435308,768.0822249093108,827,83
10,244,1009.984649122807,1096.2609649122808,912,84
10,245,1017.56,637.96,925,85
10,127,452.7490421455939,613.8965517241379,1044,32
10,219,889.1636863823934,802.9339752407153,727,61
10,218,888.3102661596959,642.9855513307984,1315,73
10,216,880.1359649122807,777.0950292397661,684,88
10,212,855.7253354380426,90.16969218626677,1267,90
10,187,722.8868131868132,660.6857142857143,910,93
10,188,729.0713547052741,462.4984488107549,967,94
10,189,735.1575342465753,119.28843226788432,1314,95
10,190,740.1982421875,891.1474609375,1024,96
10,191,748.164230438521,1027.7033533963886,1163,97
10,192,762.0646672914714,276.1602624179944,1067,99
10,193,764.5335598980458,395.1512319456245,1177,98
10,194,769.0765676567656,141.44158415841585,1515,100
10,195,778.3175074183977,184.83011869436203,1348,101
10,196,779.5586446568202,502.77671589921806,1151,102
10,197,787.9888682745826,1273.5593692022264,1078,103
10,185,711.3203285420944,489.87782340862424,974,92
10,198,792.3990573448547,1328.2647289866457,1273,105
10,200,789.4147286821706,1040.3798449612402,774,249
10,201,794.7611806797853,267.3515205724508,1118,104
10,202,795.1625300240192,951.2129703763011,1249,107
10,203,798.5298804780876,420.8207171314741,1004,108
10,204,799.5930493273543,1188.6984304932735,892,109
10,206,816.9609467455622,163.8414201183432,845,111
10,207,816.2035040431267,786.88948787062,742,251
10,208,823.8657331136739,929.8014827018122,1214,110
10,209,838.9672943508424,143.55401387512387,1009,114
10,210,845.8245481927711,1192.4721385542168,1328,115
10,211,851.7696296296297,479.49333333333334,1350,117
10,199,793.7811418685121,222.10813148788927,1156,106
10,126,447.1766784452297,124.39929328621908,1415,118
10,172,661.1735682819383,1058.6519823788547,1135,21
10,124,438.8613707165109,199.07632398753893,642,257
10,44,156.1728813559322,290.2858757062147,885,252
10,45,161.12881355932203,811.4093220338983,1180,124
10,46,166.27735368956743,972.4648006785411,1179,125
10,47,181.00999231360493,201.54189085318984,1301,128
10,48,190.89643463497453,830.786078098472,1178,129
10,49,191.5648720211827,107.45278022947926,1133,131
10,51,191.997277676951,1143.8720508166969,1102,130
10,52,194.26666666666668,435.07644444444446,1125,132
10,53,197.27892234548335,1192.4413629160063,1262,133
10,54,198.73420260782348,902.4844533600802,997,135
10,55,202.31487341772151,169.2871835443038,1264,148
10,56,205.00764655904842,231.54205607476635,1177,138
10,57,203.21351931330472,1112.6834763948498,932,137
10,58,215.8789878987899,1236.6831683168316,909,140
10,59,216.88111888111888,199.21445221445222,858,139
10,60,220.47792706333973,1331.6094049904032,1042,142
10,61,220.2024221453287,526.8944636678201,1156,141
10,62,235.45131195335276,89.73411078717201,1715,144
10,63,232.88379705400982,837.9860883797054,1222,143
10,64,233.45731108930323,902.4995093228656,1019,145
10,65,246.54886561954623,658.6797556719023,1146,179
10,66,249.27464788732394,320.7112676056338,1420,147
10,67,246.3416458852868,506.0935162094763,802,180
10,43,159.16650808753568,120.24452901998097,1051,181
10,42,155.36125654450262,60.65340314136126,955,123
10,41,155.50353107344634,231.55084745762713,1416,122
10,40,148.808,154.22472727272728,1375,134
10,11,24.00414250207125,489.67439933719965,1207,0
10,13,42.04874651810585,1138.8607242339833,718,155
10,14,48.52505219206681,514.4237995824635,958,158
10,15,46.63355704697987,1011.5744966442953,745,156
10,16,50.522052205220525,1306.3663366336634,1111,157
10,18,53.98172124904798,394.4204112718964,1313,161
10,19,59.373024236037935,1341.476290832455,949,163
10,20,61.43189368770764,216.2641196013289,1204,162
10,22,67.26190476190476,134.7626728110599,1302,164
10,23,67.29223744292237,735.3371385083714,1314,165
10,24,76.07471607890018,1163.8625224148236,1673,166
10,68,249.69949494949495,1105.8484848484848,1188,213
10,25,82.17880085653105,1011.8661670235546,934,167
10,27,90.38697318007662,354.11877394636014,783,171
10,28,98.93759630200309,528.2164869029276,1298,170
10,30,103.33915806195394,491.6243050039714,1259,172
10,32,116.57053571428571,1030.4303571428572,1120,174
10,33,121.32436974789915,940.3571428571429,1190,175
10,34,127.79736842105264,354.28508771929825,1140,176
10,35,133.07932263814618,1131.6889483065954,1122,178
10,36,134.64043915827997,477.57273559011895,1093,177
10,37,132.85714285714286,103.39467312348668,826,255
10,38,137.83794466403162,1236.6640316205533,1265,150
10,39,142.60718057022174,1294.4614572333685,947,149
10,26,87.3415435139573,415.6141215106732,1218,169
10,69,245.60321715817693,197.94369973190348,746,208
10,12,44.50867924528302,78.91169811320755,1325,154
10,71,263.7049180327869,1272.6506147540983,976,216
10,101,353.17376490630323,960.2538330494037,587,186
10,102,360.00090579710144,1284.2173913043478,1104,189
10,103,363.24101479915436,325.1599718111346,1419,190
10,104,361.68015051740355,931.3057384760112,1063,188
10,105,375.0161943319838,181.2,1235,191
10,106,379.73024740622503,217.14445331205107,1253,192
10,107,388.9130105900151,656.748865355522,1322,211
10,108,383.82825484764544,52.68559556786703,722,256
10,109,389.85872855701314,691.6670030272452,991,196
10,110,390.1846298031865,727.1715089034676,1067,194
10,111,393.99078341013825,1037.1221198156682,1302,209
10,112,398.91182795698927,133.03763440860214,930,198
10,113,408.1824104234528,99.6913680781759,1228,200
10,114,406.0040858018386,391.14606741573033,979,201
10,115,409.4366197183099,313.64285714285717,994,203
10,116,408.4762979683973,1163.2787810383747,886,202
10,117,418.70772946859904,543.1078904991948,1242,204
10,118,418.9908629441624,709.7482233502539,985,206
10,119,421.5208913649025,1210.0947075208915,1077,207
10,120,424.3753894080997,636.3660436137071,1284,182
10,121,429.5629335976214,587.5550049554014,1009,152
10,122,430.36407766990294,409.0133495145631,824,121
10,70,261.8747680890538,159.77365491651207,1078,217
10,100,357.3049180327869,526.4336065573771,1220,185
10,99,352.52453987730064,1228.9754601226994,652,187
10,123,433.51467268623026,951.8814898419864,886,119
10,97,352.5366847826087,131.3763586956522,1472,183
10,72,264.57736943907156,48.013539651837526,1034,218
10,73,266.6910039113429,524.8604954367667,767,220
10,74,271.13955479452056,957.9460616438356,1168,221
10,75,268.6347941567065,215.73970783532536,753,222
10,76,271.2479608482871,188.38988580750407,613,219
10,78,281.0066889632107,80.43979933110369,1196,223
10,80,293.04257528556593,1092.3883696780892,963,226
10,98,356.64006791171477,24.24702886247878,1178,184
10,81,303.5850903614458,995.7371987951807,1328,229
10,82,316.60526315789474,942.5322368421052,1520,228
10,83,312.35059037238875,522.8174386920981,1101,238
10,84,316.82785808147173,95.5137976346912,1522,236
10,125,446.2097186700767,828.7026854219948,1564,31
10,86,321.52949061662196,1287.5991957104557,746,235
10,85,314.2793388429752,204.30826446280992,1210,237
10,95,344.74436090225566,684.2869674185464,798,195
10,94,344.98062730627305,1200.5313653136532,1084,214
10,93,345.8705473501303,1021.1824500434404,1151,231
10,92,342.3478760045924,1255.3467278989667,871,212
10,96,351.8398533007335,436.4168704156479,1636,210
10,90,338.8500823723229,708.8583196046128,607,234
10,89,341.5698324022346,633.4162011173185,1074,232
10,88,339.0407279029463,985.3838821490468,1154,239
10,87,335.90806754221387,481.79455909943715,1066,233
10,91,343.7330016583748,1084.0074626865671,1206,230
11,155,583.4410480349345,1016.9923580786026,916,5
11,157,595.5737425404944,341.3699914748508,1173,6
11,158,599.7785234899329,709.6694630872483,1192,7
11,159,610.0509148766905,676.0731901352426,1257,8
11,160,610.9115523465704,82.65974729241877,1108,9
11,161,613.7711480362537,776.2515105740181,1324,12
11,162,616.8288288288288,312.95823095823096,1221,10
11,163,613.7361963190184,552.4304703476482,978,241
11,164,623.1297577854672,1096.9221453287198,1156,14
11,165,623.9564489112228,1006.4773869346734,1194,27
11,178,691.7043918918919,1028.3032094594594,1184,28
11,167,629.3544137022398,1064.4005270092227,759,17
11,168,632.9227386934673,239.38002512562815,1592,240
11,169,639.7707979626485,623.1426146010186,1178,18
11,170,652.4336989032902,888.1186440677966,1003,20
11,171,661.4454072790295,1058.207972270364,1154,21
11,172,664.4962406015038,1006.0451127819549,1064,22
11,173,675.1223362273086,708.3307024467246,1267,24
11,174,675.8944050433412,396.0149724192277,1269,23
11,175,679.2643776824034,482.1570815450644,1165,25
11,176,690.1720055710307,1083.0877437325905,1436,26
11,177,688.1191756272401,38.473118279569896,1116,120
11,166,631.8934065934066,1035.6043956043957,910,15
11,154,586.4058759521218,618.4918389553862,919,244
11,141,538.7633824670287,584.4437548487199,1289,48
11,152,582.4831578947368,1203.9073684210525,950,29
11,127,453.31574074074075,613.012962962963,1080,32
11,179,696.880810488677,786.6460071513707,839,58
11,128,459.177908113392,431.30205278592376,1023,33
11,129,464.16555740432614,239.49334442595674,1202,34
11,130,468.8649262202043,1331.9818388195233,881,35
11,131,478.2212705210564,308.9821556031406,1401,37
11,132,479.7278106508876,572.2197802197802,1183,36
11,133,501.9668246445498,1045.2014218009479,1266,40
11,134,503.9124487004104,1324.3146374829,1462,39
11,135,515.3250414593698,1265.0033167495853,1206,44
11,137,517.7453838678329,1009.7628765792031,1029,57
11,153,583.4004192872118,1262.8071278825996,954,13
11,138,530.819660014782,50.94678492239468,1353,46
11,140,534.7392657125077,345.4349719975109,1607,45
11,142,540.3145400593472,549.893175074184,1011,47
11,143,544.2705882352941,408.8245989304813,935,49
11,144,548.4177598385469,1252.095862764884,991,51
11,145,554.8993621545004,461.9560595322466,1411,52
11,146,559.6432337434095,1286.4297012302284,1138,53
11,147,567.7234848484849,774.908143939394,1056,54
11,148,571.9303921568627,263.2450980392157,1020,243
11,149,580.4104089219331,947.2565055762082,1345,56
11,150,580.5542676501581,649.3888303477345,949,43
11,151,587.316986496091,1109.2473347547975,1407,2
11,139,529.6446748350612,137.6239396795476,1061,242
11,180,710.716885007278,691.9839883551674,1374,60
11,211,853.3876197494473,479.4170965364775,1357,117
11,183,712.4551020408163,489.81836734693877,980,92
11,219,891.9890510948906,804.2457420924575,822,61
11,220,894.9115191986645,319.7637729549249,1198,62
11,221,912.254582484725,779.7678207739308,982,64
11,222,926.2134238310709,597.7458521870286,1326,66
11,223,932.7975656630365,686.6925048046124,1561,68
11,224,935.4252615844545,1014.1449925261585,1338,69
11,225,938.2186234817814,1250.8441295546559,988,246
11,226,940.6117290192113,937.7158746208291,989,71
11,227,949.7998430141288,1189.0957613814758,1274,72
11,228,967.8965517241379,989.9489144316731,1566,74
11,229,969.3217324052591,552.8607888631091,1293,87
11,231,971.4315545243619,754.4373549883991,862,247
11,232,975.5587155963303,827.5614678899083,1090,248
11,233,976.2848101265823,66.87884267631102,1106,75
11,234,980.7518248175182,647.7307380373073,1233,77
11,237,985.912629070691,242.6171564733916,1259,259
11,238,993.1226114649681,179.2906050955414,1256,79
11,239,994.674882629108,282.00586854460096,852,80
11,240,1005.0572640509014,1358.4697773064688,943,82
11,241,1006.2681818181818,767.3795454545455,880,83
11,243,1010.8964757709251,1095.8381057268723,908,84
11,244,1018.2489451476794,638.0495780590717,948,85
11,126,448.1311154598826,124.22178734507501,1533,118
11,217,888.9906272530642,642.1694304253786,1387,73
11,181,711.9297553275454,731.0441988950276,1267,91
11,216,880.3649425287356,778.3764367816092,696,88
11,212,856.2069749810463,89.89082638362396,1319,90
11,184,721.8809723386421,54.23554065381391,1193,245
11,185,722.6454352441614,660.7876857749469,942,93
11,186,730.3799795709908,462.49131767109293,979,94
11,187,735.828509406657,118.79232995658467,1382,95
11,188,740.9722222222222,890.8740740740741,1080,96
11,189,748.7893835616438,1027.4520547945206,1168,97
11,190,762.3509933774834,276.44560075685905,1057,99
11,191,765.7339983374897,394.8021612635079,1203,98
11,192,770.395794681509,140.89424860853433,1617,100
11,193,778.9782913165266,184.97899159663865,1428,101
11,194,780.4560669456067,502.4301255230126,1195,102
11,195,789.1021505376344,1272.9605734767026,1116,103
11,196,793.185156847743,1327.910482019893,1307,105
11,197,794.5021349274125,222.04526046114432,1171,106
11,198,795.7183462532299,266.2566752799311,1161,104
11,200,790.6588235294117,1040.5816993464052,765,249
11,201,795.672770700637,951.1504777070064,1256,107
11,202,799.5266666666666,420.4038095238095,1050,108
11,203,801.5783385909568,1188.05047318612,951,109
11,205,818.3953757225433,163.19306358381502,865,111
11,207,824.9095826893354,929.5440494590417,1294,110
11,209,840.5803657362849,142.37343599615014,1039,114
11,210,846.3345375722544,1192.2528901734104,1384,115
11,214,874.4592462751972,829.9824715162139,1141,89
11,125,447.03820086260015,828.3967960566852,1623,31
11,236,980.7014314928425,147.77096114519426,978,78
11,123,431.1584766584767,408.9938574938575,814,121
11,40,149.68019943019942,154.24074074074073,1404,134
11,41,156.2863666014351,231.13046314416178,1533,122
11,42,155.9936507936508,60.66031746031746,945,123
11,43,160.02119815668203,120.17511520737327,1085,181
11,44,156.82224770642202,290.51376146788994,872,252
11,45,161.9798149705635,810.4735071488645,1189,124
11,46,167.46532999164577,972.092731829574,1197,125
11,47,180.7323600973236,200.44444444444446,1233,128
11,48,192.3243670886076,830.7895569620254,1264,129
11,49,192.55710549258936,107.19616390584133,1147,131
11,51,192.81370826010544,1143.6528998242532,1138,130
11,52,196.98212689901698,435.7917783735478,1119,132
11,53,198.2712765957447,1191.9604863221884,1316,133
11,54,200.45014245014244,900.9240265906933,1053,135
11,55,203.21107544141253,168.3370786516854,1246,148
11,56,205.97252289758535,230.69109075770191,1201,138
11,57,204.32033719704953,1112.236037934668,949,137
11,58,217.24554455445545,198.24851485148514,1010,139
11,59,216.77692307692308,1236.5615384615385,910,140
11,60,220.63019508057675,526.4843087362171,1179,141
11,61,221.48905803996195,1331.3330161750714,1051,142
11,62,236.33612040133778,89.47547380156075,1794,144
11,63,233.79795597484278,837.7154088050314,1272,143
11,39,143.98448108632397,1294.0,1031,149
11,64,234.92972459639125,902.2146248812916,1053,145
11,38,138.99180327868854,1236.377049180328,1342,150
11,36,133.5563725490196,102.9546568627451,816,255
11,124,434.61136890951275,952.1194895591648,862,119
11,10,27.80161127895267,606.9370594159113,1986,260
11,13,44.541635408852216,78.89347336834209,1333,154
11,14,42.63243243243243,1138.6108108108108,740,155
11,15,49.72920892494929,514.0496957403651,986,158
11,16,47.467852257181946,1011.2106703146375,731,156
11,17,51.47156605424322,1306.0376202974628,1143,157
11,19,54.53327338129496,398.7589928057554,1112,161
11,21,62.301916932907346,216.00638977635782,1252,162
11,22,60.08844953173777,1341.2778355879293,961,163
11,23,68.30964846671652,134.65594614809274,1337,164
11,24,68.33333333333333,735.0540935672515,1368,165
11,25,76.39572501444252,1163.7429231658002,1731,166
11,26,82.72528616024974,1011.9021852237253,961,167
11,27,87.47425057647963,415.7040737893928,1301,169
11,28,91.88888888888889,354.0669344042838,747,171
11,29,99.7442207307979,527.8456375838927,1341,170
11,30,104.19815668202764,490.67127496159753,1302,172
11,31,107.00115074798619,200.15765247410818,869,173
11,32,117.16938950988822,1030.3576956147892,1163,174
11,33,122.11147011308562,939.9798061389338,1238,175
11,34,128.86598812553012,354.12807463952504,1179,176
11,35,133.42371323529412,1130.765625,1088,178
11,37,136.22398589065256,477.13492063492066,1134,177
11,65,247.08670033670035,658.4082491582492,1188,179
11,11,24.760188087774296,488.5736677115988,1276,0
11,67,250.37428803905615,1105.1847030105778,1229,213
11,99,353.74718196457326,1228.4847020933978,621,187
11,100,358.4592592592593,526.0592592592593,1215,185
11,101,353.8014311270125,959.8407871198569,559,186
11,102,360.65986394557825,1284.8306878306878,1323,189
11,103,364.1553595658073,324.725237449118,1474,190
11,104,362.64845814977974,931.1198237885462,1135,188
11,105,376.12256493506493,180.50811688311688,1232,191
11,106,380.85056603773586,217.0822641509434,1325,192
11,107,389.53328347045624,656.1226626776365,1337,211
11,108,384.6457399103139,52.74887892376682,669,256
11,109,391.22150735294116,691.6424632352941,1088,196
11,110,391.5574074074074,727.4027777777778,1080,194
11,111,393.9344750558451,1037.1414743112434,1343,209
11,112,400.5205913410771,133.2882787750792,947,198
11,113,409.0205371248025,99.37203791469194,1266,200
11,114,406.8095712861416,390.83250249252245,1003,201
11,115,410.16,314.085,1000,203
11,116,409.17023554603855,1162.7355460385438,934,202
11,117,419.70390625,542.98515625,1280,204
11,118,420.2874058127018,709.5306781485468,929,206
11,119,422.23303571428573,1210.0098214285715,1120,207
11,121,425.4765450483991,636.6478034251676,1343,182
11,66,250.3071186440678,320.5545762711864,1475,147
11,98,357.8967173738991,23.56925540432346,1249,184
11,97,353.5019379844961,131.140826873385,1548,183
11,122,429.70171890798787,587.3033367037411,989,152
11,95,352.18680023571005,436.0318208603418,1697,210
11,69,246.57340720221606,197.1246537396122,722,208
11,68,247.81096849474912,506.44107351225205,857,180
11,70,262.6204986149584,158.90304709141273,1083,217
11,72,264.7450396825397,1272.1339285714287,1008,216
11,73,268.2637362637363,525.190934065934,728,220
11,74,272.3545751633987,957.4656862745098,1224,221
11,75,269.85142118863047,215.6782945736434,774,222
11,96,346.1666666666667,683.5314960629921,762,195
11,78,281.89546191247973,80.31442463533226,1234,223
11,80,293.71044467425025,1093.728024819028,967,226
11,81,303.95441176470587,995.8897058823529,1360,229
11,82,318.05035054174635,942.3454429572977,1569,228
11,76,272.8698140200286,187.75965665236052,699,219
11,84,314.8767550702028,204.1606864274571,1282,237
11,94,346.93316624895573,1021.1854636591479,1197,231
11,83,317.8601265822785,94.71455696202531,1580,236
11,92,342.74557522123894,1254.1869469026549,904,212
11,91,344.53530377668307,1083.64039408867,1218,230
11,90,339.759477124183,708.5856209150327,765,234
11,93,345.788682581786,1199.811671087533,1131,214
11,88,337.30434782608694,482.12270531400964,1035,233
11,87,339.92244224422444,985.0478547854785,1212,239
11,86,322.8643410852713,1287.1627906976744,774,235
11,85,313.6743362831858,522.624778761062,1130,238
11,89,342.71184919210054,633.3518850987433,1114,232
12,151,582.6065573770492,1014.5644028103045,854,5
12,154,599.8360215053764,709.3691756272401,1116,7
12,155,608.0020964360587,81.79944095038435,1431,9
12,156,609.9945141065831,676.1465517241379,1276,8
12,157,611.9282013323464,778.1028867505552,1351,12
12,158,615.8848337388483,312.1232765612328,1233,10
12,159,613.7186544342508,552.3445463812436,981,241
12,160,623.0466101694915,1096.8169491525423,1180,14
12,161,623.6512992455994,1007.2179379715004,1193,27
12,162,632.4967277486911,236.815445026178,1528,240
12,174,691.0700086430423,1028.4822817631807,1157,28
12,165,638.2116279069768,1033.0976744186046,430,15
12,166,651.598814229249,888.5918972332016,1012,20
12,167,659.8747940691927,1058.6952224052718,1214,21
12,168,664.2908921933085,1005.7583643122676,1076,22
12,169,674.9880573248407,708.531050955414,1256,24
12,170,676.0244100895037,396.29698942229453,1229,23
12,171,679.402789171452,481.60295324036093,1219,25
12,172,687.5635123614663,37.889173060528556,1173,120
12,173,689.7746279234585,1082.6257973068746,1411,26
12,175,695.516458569807,788.0431328036323,881,58
12,164,639.6151877133105,622.9505119453925,1172,18
12,150,586.016967126193,618.254506892895,943,244
12,137,534.6334586466165,345.58709273182956,1596,45
12,148,587.2305496074233,1110.6052819414704,1401,2
12,125,458.611328125,431.5078125,1024,33
12,177,710.6237113402062,692.0309278350516,1358,60
12,126,464.8008368200837,239.94058577405858,1195,34
12,127,468.79276315789474,1331.7894736842106,912,35
12,128,477.671783625731,309.84502923976606,1368,37
12,129,479.74462809917355,571.1760330578512,1210,36
12,130,501.9033210332103,1045.579335793358,1355,40
12,131,504.10357142857146,1323.1957142857143,1400,39
12,132,505.57894736842104,350.5497076023392,342,262
12,133,515.0698275862069,1265.1206896551723,1160,44
12,134,517.2194211017741,1009.0784313725491,1071,57
12,135,530.6679331306991,50.92477203647417,1316,46
12,136,529.3034872761546,137.17436380772855,1061,242
12,138,538.7698289269051,584.4743390357698,1286,48
12,139,539.9281437125749,549.939121756487,1002,47
12,140,543.9251282051282,408.74666666666667,975,49
12,141,548.2882882882883,1252.5655655655655,999,51
12,142,554.6539309331374,461.5033063923586,1361,52
12,143,559.2384105960265,1287.0927152317881,1057,53
12,144,565.8271251193887,772.5482330468004,1047,54
12,145,580.6924812030076,946.9578947368421,1330,56
12,146,580.189926547744,649.4491080797482,953,43
12,147,582.3501577287067,1203.7381703470032,951,29
12,149,582.969696969697,1263.1807732497389,957,13
12,178,711.6603174603175,730.9547619047619,1260,91
12,207,853.0614840989399,478.6332155477032,1415,117
12,181,721.6184971098265,53.94632535094963,1211,245
12,215,894.2537562604341,319.6719532554257,1198,62
12,216,894.5412960609912,804.5057179161372,787,61
12,217,912.0377358490566,778.997641509434,848,64
12,218,926.0841622035196,597.5378729915838,1307,66
12,219,932.417445482866,686.5190031152648,1605,68
12,220,934.4124251497007,1014.8667664670659,1336,69
12,221,938.2339121552604,1250.8600612870275,979,246
12,222,940.7710371819961,938.5225048923679,1022,71
12,223,950.0310841546626,1188.4708112206217,1319,72
12,224,969.078173374613,551.9667182662539,1292,87
12,226,971.3271130625686,754.1273326015368,911,247
12,227,975.8848214285714,66.72410714285714,1120,75
12,228,975.80131826742,827.1760828625236,1062,248
12,230,980.6958266452649,647.6685393258427,1246,77
12,231,980.5300601202405,147.63426853707415,998,78
12,232,986.5894145950281,240.1627906976744,1247,259
12,233,993.5308441558442,179.3547077922078,1232,79
12,234,995.0738974970203,281.5518474374255,839,80
12,236,1004.5136554621848,1357.28256302521,952,82
12,238,1006.2353673723537,767.1469489414695,803,83
12,239,1011.2975557917109,1095.7906482465462,941,84
12,124,453.574931880109,613.1516802906449,1101,32
12,240,1017.3520249221184,637.9345794392524,963,85
12,214,889.2579250720461,642.1657060518731,1388,73
12,180,712.8132530120482,490.66767068273094,996,92
12,212,880.973163841808,778.7937853107345,708,88
12,208,855.9906904577192,89.69743987587277,1289,90
12,182,723.4125412541254,660.4884488448845,909,93
12,183,730.3224155578301,462.7410440122825,977,94
12,184,735.587808417997,119.02539912917271,1378,95
12,185,740.68,890.4872727272727,1100,96
12,186,748.7409891031015,1027.2430846605198,1193,97
12,187,762.6061167747914,276.25949953660796,1079,99
12,188,770.2091463414635,140.92134146341462,1640,100
12,189,765.4543080939948,394.4168842471715,1149,98
12,190,779.1876712328767,184.76643835616437,1460,101
12,191,780.2905349794239,502.16543209876545,1215,102
12,192,789.1147826086957,1272.631304347826,1150,103
12,193,793.0112612612612,1327.6396396396397,1332,105
12,194,790.1942633637549,1039.4341590612778,767,249
12,195,794.4031007751938,221.6838931955211,1161,106
12,196,795.8723958333334,266.0572916666667,1152,104
12,198,796.3824884792626,950.7565284178187,1302,107
12,199,799.4545454545455,420.522961574508,1067,108
12,200,800.7791798107255,1187.8675078864353,951,109
12,202,818.2583148558758,163.15631929046563,902,111
12,203,816.542395693136,786.557200538358,743,251
12,204,825.2478565861263,928.0342946219797,1283,110
12,205,840.9091760299625,141.94288389513108,1068,114
12,206,845.916547788873,1192.3480741797432,1402,115
12,210,874.5428571428571,829.0891774891775,1155,89
12,123,446.9547987616099,828.3139318885449,1615,31
12,117,421.7935076645627,1210.0018034265104,1109,207
12,120,431.45072115384613,408.73677884615387,832,121
12,41,155.3910323253389,59.97393117831074,959,123
12,42,156.78482446206115,290.15968289920727,883,252
12,43,160.190036900369,121.11254612546125,1084,181
12,44,162.03355704697987,810.7994966442953,1192,124
12,45,168.08401305057097,971.9885807504078,1226,125
12,46,182.20452771272443,199.98594847775175,1281,128
12,47,192.23584905660377,106.95368782161235,1166,131
12,49,192.3023064250412,830.7545304777594,1214,129
12,50,192.32249322493226,1143.4805781391146,1107,130
12,51,198.0079176563737,1191.9422011084719,1263,133
12,40,156.10665068903535,231.60215698022768,1669,122
12,52,197.97725204731574,437.0063694267516,1099,132
12,54,203.34630350194553,167.38365758754864,1285,148
12,55,205.71288743882545,230.59135399673735,1226,138
12,56,203.99790136411332,1112.3064008394545,953,137
12,57,216.52947368421053,1236.5336842105264,950,140
12,58,218.3764832793959,197.74541531823084,927,139
12,59,220.94416243654823,526.9373942470389,1182,141
12,60,221.0643330179754,1331.5373699148533,1057,142
12,61,236.07150900900902,89.7606981981982,1776,144
12,62,233.66185897435898,837.5801282051282,1248,143
12,63,234.32455315145813,902.1439322671683,1063,145
12,53,199.15495668912416,900.9605389797882,1039,135
12,39,150.0230215827338,155.0179856115108,1390,134
12,38,144.3880742913001,1293.9775171065494,1023,149
12,36,138.14992389649925,1237.689497716895,1314,150
12,10,24.750387596899223,488.0124031007752,1290,0
12,121,434.1332586786114,951.6618141097424,893,119
12,12,42.04955752212389,1139.2230088495576,565,155
12,13,49.27272727272727,514.1088911088912,1001,158
12,14,46.875,1011.3118686868687,792,156
12,15,51.897887323943664,1306.7922535211267,1136,157
12,17,54.346410066617324,394.47298297557364,1351,161
12,18,62.09543230016313,215.74551386623165,1226,162
12,20,60.14225941422594,1341.0805439330543,956,163
12,21,67.85920852359209,135.02435312024352,1314,164
12,22,68.14148148148148,734.6933333333334,1350,165
12,23,78.22746268656716,1163.8131343283583,1675,166
12,24,83.04234527687296,1011.8968512486427,921,167
12,25,88.3503375843961,415.51687921980493,1333,169
12,26,90.71245186136072,353.589216944801,779,171
12,27,99.60252600297177,528.1329866270431,1346,170
12,28,103.85318352059925,490.5475655430712,1335,172
12,30,117.15829787234043,1029.912340425532,1175,174
12,31,121.90665584415585,939.9439935064935,1232,175
12,32,127.9812925170068,353.6258503401361,1176,176
12,33,133.60542986425338,1131.1592760180995,1105,178
12,34,133.71949828962371,103.27366020524515,877,255
12,35,136.10729991204926,477.25769569041336,1137,177
12,64,246.83711507293356,657.8727714748784,1234,179
12,65,250.14442162902122,320.4722792607803,1461,147
12,11,44.90065741417093,78.88823959094229,1369,154
12,67,247.45107398568018,505.1957040572792,838,180
12,96,357.09598031173095,23.986054142739953,1219,184
12,97,352.4084745762712,958.9711864406779,590,186
12,98,355.16920943134534,1228.0,721,187
12,99,358.2731707317073,526.2317073170732,1230,185
12,101,363.9313858695652,324.5421195652174,1472,190
12,102,363.06454545454545,930.1090909090909,1100,188
12,103,375.2362012987013,181.4310064935065,1232,191
12,104,380.7143950995406,217.30857580398163,1306,192
12,105,389.396881644224,655.7668320340184,1411,211
12,106,384.3235294117647,52.32219251336898,748,256
12,95,353.33399079552925,131.18408941485865,1521,183
12,107,389.993,691.187,1000,196
12,109,393.5587583148559,1037.4530672579453,1353,209
12,110,399.49946865037197,133.01912858660998,941,198
12,111,409.11967871485945,99.73253012048193,1245,200
12,112,406.71570576540756,391.0735586481113,1006,201
12,113,410.0524233432245,313.6656775469832,1011,203
12,114,409.17179215270414,1162.6150583244962,943,202
12,115,419.5255591054313,542.6876996805112,1252,204
12,116,419.59067357512953,708.6777202072539,965,206
12,118,425.0081300813008,636.4885439763489,1353,182
12,66,250.23045930701048,1105.4754230459307,1241,213
12,108,391.5641492265696,727.1610555050046,1099,194
12,94,345.4491315136476,683.955334987593,806,195
12,119,429.96687370600415,587.3053830227743,966,152
12,92,347.0672913117547,1021.1899488926746,1174,231
12,93,352.310592459605,436.09216038300417,1671,210
12,69,262.5057167985928,159.09234828496042,1137,217
12,70,263.4158878504673,47.865420560747665,1070,218
12,71,264.49333333333334,1272.156923076923,975,216
12,72,267.6248382923674,524.2833117723156,773,220
12,73,269.40677966101697,215.58148631029988,767,222
12,74,271.85902720527616,957.4962901896125,1213,221
12,75,274.26989079563185,187.9219968798752,641,219
12,76,281.9845904298459,79.330900243309,1233,223
12,78,292.8281407035176,1090.427135678392,995,226
12,79,304.48698884758363,995.4171003717472,1345,229
12,68,247.19493670886075,196.48227848101266,790,208
12,81,313.32716049382714,522.0308641975308,1134,238
12,82,317.6442558746736,94.94778067885117,1532,236
12,83,315.00474683544303,203.99604430379748,1264,237
12,84,321.68283093053736,1287.8899082568807,763,235
12,85,336.8646748681898,481.83567662565906,1138,233
12,86,340.44160272804777,984.924126172208,1173,239
12,87,342.2537845057881,633.7827248441674,1123,232
12,88,341.97542533081287,1254.6984877126654,1058,212
12,89,344.26129032258063,1083.6661290322581,1240,230
12,90,340.47484276729557,708.8522012578617,636,234
12,91,344.99028268551234,1198.98851590106,1132,214
12,80,317.797603195739,940.9727030625833,1502,228
13,159,632.5048010973937,234.28189300411523,1458,240
13,158,623.5012722646311,1006.6692111959287,1179,27
13,157,623.328112118714,1096.0082440230833,1213,14
13,150,582.9438016528926,1007.7603305785124,605,5
13,155,614.0191277735272,777.96480489671,1307,12
13,154,614.6003223207091,311.61240934730057,1241,10
13,153,609.7241922773837,676.2671394799054,1269,8
13,156,613.4228903976722,552.1639185257033,1031,241
13,160,638.9941618015013,623.0166805671392,1199,18
13,166,679.4184952978056,481.45454545454544,1276,25
13,162,660.1397849462365,1058.2886683209265,1209,21
13,163,663.9211009174312,1005.5110091743119,1090,22
13,164,674.7174959871589,708.5714285714286,1246,24
13,165,676.4922322158626,396.52657399836465,1223,23
13,167,687.225,36.50322580645161,1240,120
13,168,689.6188083273511,1082.5132806891602,1393,26
13,169,690.8272569444445,1028.4479166666667,1152,28
13,170,694.4497863247864,787.3482905982906,936,58
13,172,710.5822494261668,692.0313695485845,1307,60
13,148,587.1022480058014,1111.1725888324872,1379,2
13,161,651.3097773475315,888.2855759922555,1033,20
13,173,711.2941653160453,730.7941653160453,1234,91
13,136,528.8556985294117,136.80514705882354,1088,242
13,146,580.3379888268156,647.671322160149,1074,43
13,175,713.08203125,491.337890625,1024,92
13,124,446.9268443893366,828.4141351518908,1613,31
13,125,450.0201912858661,610.9415515409139,941,32
13,126,458.07758620689657,431.4406130268199,1044,33
13,127,464.5304568527919,239.87225042301185,1182,34
13,128,468.82292732855683,1331.6980552712384,977,35
13,129,477.6058282208589,309.56518404907973,1304,37
13,130,479.6004746835443,570.690664556962,1264,36
13,131,504.27777777777777,1322.2064564564564,1332,39
13,132,505.45642201834863,349.92201834862385,436,262
13,147,582.224032586558,1204.051934826884,982,29
13,133,515.2635593220339,1264.7694915254237,1180,44
13,135,530.4605263157895,50.81811145510836,1292,46
13,137,534.585016286645,345.5485342019544,1535,45
13,138,538.4631497284716,584.5601241272304,1289,48
13,139,539.5597667638484,549.4586977648202,1029,47
13,140,543.6411992263056,408.4448742746615,1034,49
13,141,549.4056261343013,1253.0480943738658,1102,51
13,142,554.5058651026393,461.42228739002934,1364,52
13,143,561.4624765478424,1286.6482176360225,1066,53
13,144,565.1084681255946,771.9866793529972,1051,54
13,145,580.3935926773455,946.6270022883295,1311,56
13,134,516.8929824561403,1008.1587719298245,1140,57
13,176,721.1303643724697,53.58218623481781,1235,245
13,206,888.9964488636364,641.9211647727273,1408,73
13,178,730.738188976378,462.9409448818898,1016,94
13,210,925.8455098934551,597.8546423135464,1314,66
13,211,931.9036363636363,686.2593939393939,1650,68
13,212,934.259800153728,1014.6264411990776,1301,69
13,213,939.0,939.5344995140913,1029,71
13,214,937.8022199798183,1250.409687184662,991,246
13,215,949.9655436447167,1188.3614088820827,1306,72
13,216,968.819099378882,552.1715838509317,1288,87
13,218,971.3242961418144,753.8800834202294,959,247
13,219,975.3121739130435,66.41826086956522,1150,75
13,220,974.9489603024575,826.8818525519848,1058,248
13,221,980.49921875,647.57578125,1280,77
13,223,980.4324324324324,147.98098098098097,999,78
13,224,986.9637860082305,238.79835390946502,1215,259
13,225,992.853539462978,179.99837266069974,1229,79
13,226,994.1323529411765,281.6481900452489,884,80
13,227,990.34375,1193.0817307692307,416,81
13,228,1004.2212674543501,1355.9409237379161,931,82
13,230,1008.457886676876,765.1393568147014,653,83
13,231,1011.1347826086957,1094.9195652173912,920,84
13,232,1017.0531349628055,637.4325185972369,941,85
13,122,434.2223415682062,951.2910848549947,931,119
13,209,912.8540305010894,779.5588235294117,918,64
13,208,892.5370919881306,803.5459940652819,674,61
13,207,894.0543024227235,319.3517126148705,1197,62
13,204,879.7736111111111,778.5277777777778,720,88
13,179,735.0809037900875,118.4234693877551,1372,95
13,180,740.2352941176471,890.1502262443439,1105,96
13,181,748.5350584307179,1026.9941569282137,1198,97
13,182,769.3702127659575,140.87173252279635,1645,100
13,183,762.8629893238434,276.08807829181495,1124,99
13,184,764.7366110623353,394.3301141352063,1139,98
13,185,778.4014134275618,184.45936395759716,1415,101
13,186,780.0624,501.8,1250,102
13,187,792.8185240963855,1326.8938253012047,1328,105
13,188,794.207130730051,221.23344651952462,1178,106
13,177,723.6530172413793,660.1637931034483,928,93
13,189,789.7651715039577,1038.5461741424801,758,249
13,191,796.5831399845321,950.5475638051045,1293,107
13,192,799.1727019498608,420.04085422469825,1077,108
13,194,818.5441020191286,162.8299681190223,941,111
13,195,816.5177398160315,786.1550591327201,761,251
13,196,824.8344370860927,927.058774834437,1208,110
13,197,841.3220802919708,141.09489051094891,1096,114
13,198,845.385989992852,1192.0164403145104,1399,115
13,199,851.3290897517505,477.0763844684914,1571,117
13,200,855.9603489294211,89.45519429024584,1261,90
13,202,874.1059947871416,829.377932232841,1151,89
13,190,796.0052038161318,265.60104076322637,1153,104
13,121,431.9721577726218,408.8584686774942,862,121
13,152,598.7841726618705,709.0791366906475,1112,7
13,119,424.92032762472076,636.5867460908414,1343,182
13,43,154.77428851815506,59.81157998037291,1019,123
13,44,159.50402864816473,121.39928379588183,1117,181
13,45,156.43307943416758,289.99564744287267,919,252
13,46,161.7348484848485,811.2853535353536,1188,124
13,47,182.27365129007038,200.4175136825645,1279,128
13,48,192.11017661900758,107.00756938603868,1189,131
13,50,192.38728323699422,830.644921552436,1211,129
13,51,191.5679012345679,1143.1772486772486,1134,130
13,52,197.84633569739952,1191.7210401891252,1269,133
13,53,197.20237010027347,435.947128532361,1097,132
13,54,198.55774647887324,900.4319248826291,1065,135
13,55,202.60071174377225,166.51103202846974,1405,148
13,56,205.3675282714055,231.29967689822294,1238,138
13,57,203.7172131147541,1111.8370901639344,976,137
13,58,216.28292181069958,1236.5041152263375,972,140
13,59,220.78371040723982,1331.174660633484,1105,142
13,60,218.18108419838524,198.17185697808534,867,139
13,61,220.24498327759198,526.3068561872909,1196,141
13,62,235.98888238736103,89.98888238736103,1709,144
13,63,233.6773418734988,837.519615692554,1249,143
13,64,234.03949903660887,903.233140655106,1038,145
13,42,156.24235006119952,232.56487148102815,1634,122
13,41,150.32369942196533,155.77890173410404,1384,134
13,40,144.718954248366,1293.7002801120448,1071,149
13,39,136.15051903114187,477.03373702422147,1156,177
13,10,24.74641148325359,487.402711323764,1254,0
13,12,44.98366477272727,78.8153409090909,1408,154
13,13,41.42440801457195,1138.983606557377,549,155
13,15,48.49803536345776,513.7779960707269,1018,158
13,16,54.05826771653543,1306.5629921259842,1270,157
13,18,54.71232876712329,396.30620467365026,1241,161
13,20,60.08678102926337,1340.9485368314834,991,163
13,21,61.52031802120141,216.28445229681978,1132,162
13,22,67.33006782215524,134.84400904295404,1327,164
13,23,68.20134228187919,734.5913497390007,1341,165
13,65,247.16186770428016,657.6863813229572,1285,179
13,24,76.7867690490254,1162.5894861193149,1693,166
13,26,87.62665562913908,417.04470198675494,1208,169
13,27,91.08839050131927,354.31530343007915,758,171
13,28,99.73074046372476,528.5205684367988,1337,170
13,30,103.53064275037369,490.50448430493276,1338,172
13,33,116.35424940428912,1029.6965845909451,1259,174
13,34,121.51875498802873,939.6640063846768,1253,175
13,35,127.99911190053285,351.31793960923625,1126,176
13,36,133.76416666666665,1131.4841666666666,1200,178
13,37,132.80236305048336,103.09129967776585,931,255
13,38,137.66256725595696,1238.3458877786318,1301,150
13,25,81.69852941176471,1011.7531512605042,952,167
13,66,249.94432548179873,320.5831548893647,1401,147
13,14,46.38646788990825,1011.316513761468,872,156
13,68,246.99112801013942,504.4347275031686,789,180
13,97,352.4533333333333,958.0088888888889,675,186
13,98,357.15070774354706,23.994171523730223,1201,184
13,99,358.038961038961,526.1704545454545,1232,185
13,100,356.0706940874036,1227.5154241645243,778,187
13,101,363.693006993007,324.4013986013986,1430,190
13,103,362.9775171065494,928.6363636363636,1023,188
13,104,374.85948477751754,181.6814988290398,1281,191
13,105,380.470680218921,217.68569194683346,1279,192
13,106,383.9015151515151,51.72727272727273,792,256
13,107,389.48551236749114,655.8077738515901,1415,211
13,108,389.29968119022317,691.0148777895855,941,196
13,109,391.4309734513274,727.4681415929203,1130,194
13,110,393.02455357142856,1038.4248511904761,1344,209
13,111,398.955114822547,132.75991649269312,958,198
13,112,408.9875415282392,99.51827242524917,1204,200
13,113,406.53490658800393,391.23598820059,1017,201
13,114,409.91584158415844,313.15346534653463,1010,203
13,115,408.7121057985758,1162.202441505595,983,202
13,117,419.38631790744466,708.4939637826961,994,206
13,118,422.0722466960352,1209.835242290749,1135,207
13,67,249.89702333065165,1105.2638777152051,1243,213
13,96,353.07620320855614,130.99197860962568,1496,183
13,94,352.32450738916253,436.07635467980293,1624,210
13,116,419.09003215434086,542.5860128617363,1244,204
13,92,348.76861313868613,1022.7744525547445,1370,231
13,93,344.973840665874,683.922711058264,841,195
13,70,262.0051768766178,158.52286453839517,1159,217
13,72,264.210101010101,1272.021212121212,990,216
13,73,267.23558897243106,523.4937343358396,798,220
13,74,271.34574028122415,957.1827956989247,1209,221
13,75,269.23267326732673,214.70792079207922,808,222
13,76,274.86284722222223,186.58159722222223,576,219
13,77,282.8067299396031,76.54357204486627,1159,223
13,78,292.89773844641104,1088.8161258603736,1017,226
13,79,304.0530361260569,995.4596464258262,1301,229
13,71,262.54028436018956,46.46919431279621,1055,218
13,82,317.0278699402787,95.1114797611148,1507,236
13,91,344.6920322291853,1198.44315129812,1117,214
13,81,312.9155672823219,521.6798592788039,1137,238
13,90,345.48556430446195,1084.3972003499562,1143,230
13,120,429.8186582809224,586.5262054507338,954,152
13,89,342.389519650655,633.3519650655022,1145,232
13,69,248.13451776649745,195.03299492385787,788,208
13,86,336.2357259380098,481.23246329526916,1226,233
13,85,321.29924242424244,1287.9065656565656,792,235
13,84,320.05916666666667,939.0825,1200,228
13,83,315.0606305578011,203.87065481002426,1237,237
13,87,339.90219224283305,984.9831365935919,1186,239
14,140,582.2641315519013,1204.229188078109,973,29
14,141,595.3676716917923,705.2822445561139,1194,7
14,143,611.1784539473684,779.155427631579,1216,12
14,144,613.737747205503,312.21840068787617,1163,10
14,145,613.129213483146,552.1825842696629,1068,241
14,146,623.6877601998335,1094.879267277269,1201,14
14,147,623.4200873362446,1007.2122270742358,1145,27
14,148,632.5139784946236,233.00931899641577,1395,240
14,149,638.7457489878542,622.9230769230769,1235,18
14,151,658.963492063492,1058.1444444444444,1260,21
14,152,663.8533455545371,1005.5334555453712,1091,22
14,153,675.9316375198728,396.14864864864865,1258,23
14,155,675.3311036789298,708.1011705685619,1196,24
14,156,686.8437001594897,35.5933014354067,1254,120
14,157,689.506128334535,1082.2126892573901,1387,26
14,158,691.0313588850174,1028.602787456446,1148,28
14,139,580.2820746132847,647.9435850773431,1099,43
14,159,695.2505399568034,787.110151187905,926,58
14,161,711.4946808510638,690.4886018237082,1316,60
14,150,650.209012464046,887.366251198466,1043,20
14,154,675.3954402515724,484.37578616352204,1272,25
14,128,528.5205357142858,136.46428571428572,1120,242
14,137,565.523198420533,771.4274432379073,1013,54
14,116,432.1628959276018,408.8133484162896,884,121
14,162,711.2451298701299,730.4107142857143,1232,91
14,117,434.2911795961743,951.1668437832094,941,119
14,119,446.77819785759294,828.5040957781979,1587,31
14,120,449.3600867678959,612.2603036876355,922,32
14,121,459.1134995700774,431.82029234737746,1163,33
14,122,464.4396984924623,239.71691792294808,1194,34
14,123,468.4420731707317,1331.6666666666667,984,35
14,124,477.3138629283489,310.6892523364486,1284,37
14,138,579.4809160305343,947.4343511450381,1310,56
14,125,504.2768729641694,1321.8379478827362,1228,39
14,127,514.9194515852613,1264.5886889460155,1167,44
14,129,530.4142746314973,51.00698215671063,1289,46
14,130,532.4658553076403,346.59026369168356,1479,45
14,131,538.5683229813665,585.0271739130435,1288,48
14,132,538.8925855513309,549.3545627376426,1052,47
14,133,543.3838289962825,408.3949814126394,1076,49
14,134,548.860153256705,1252.4224137931035,1044,51
14,135,554.2877115526122,461.083885209713,1359,52
14,136,561.929648241206,1286.391959798995,995,53
14,126,503.40848214285717,351.01785714285717,448,262
14,163,711.3101933216169,486.8005272407733,1138,92
14,192,878.5875331564987,779.9005305039788,754,88
14,165,721.217665615142,53.62776025236593,1268,245
14,196,892.9817880794702,804.1440397350993,604,61
14,197,912.0753012048193,780.0612449799197,996,64
14,198,925.6409691629956,598.0969162995594,1362,66
14,199,930.6465769455822,687.0544177881802,1709,68
14,200,933.9162055335969,1014.5122529644269,1265,69
14,201,937.8419483101392,1250.7286282306163,1006,246
14,202,949.5209486166008,1188.7201581027668,1265,72
14,203,968.6763137852247,552.3084539223153,1313,87
14,205,975.1567656765676,66.6476897689769,1212,75
14,195,893.6171617161716,319.0874587458746,1212,62
14,206,974.6269915651359,827.0449859418932,1067,248
14,209,980.2689655172413,148.26009852216748,1015,78
14,210,987.983291562239,237.41436925647452,1197,259
14,211,992.8907363420427,180.4695170229612,1263,79
14,212,992.7400204708291,281.62947799385876,977,80
14,213,989.7392344497607,1193.5047846889952,418,81
14,214,1003.6939281288724,1355.7001239157373,807,82
14,216,1011.2323008849557,1094.7654867256638,904,84
14,218,1016.5117428924598,637.9802224969097,809,85
14,115,428.8053278688525,586.843237704918,976,152
14,207,980.5886850152905,647.8432721712538,1308,77
14,194,888.9434229137199,642.035360678925,1414,73
14,188,855.8285268901013,89.49727201870616,1283,90
14,166,734.8036764705882,118.18088235294118,1360,95
14,167,732.9106425702811,461.0100401606426,996,94
14,168,739.959074733096,890.0604982206406,1124,96
14,169,748.341342170671,1026.9618889809444,1207,97
14,170,762.374460742019,276.19154443485763,1159,99
14,171,769.3262764632627,140.87235367372352,1606,100
14,172,764.5279007971657,394.1860053144376,1129,98
14,173,778.2361308677098,184.5362731152205,1406,101
14,174,779.8465690053971,501.5435620663069,1297,102
14,190,873.9203084832905,830.1345329905741,1167,89
14,175,792.9945440374123,1326.7646141855028,1283,105
14,177,794.0,221.39406430338005,1213,106
14,178,796.1489361702128,265.19234042553194,1175,104
14,179,796.9342723004695,950.5500782472614,1278,107
14,180,799.3413284132841,420.03228782287823,1084,108
14,183,816.1702944942382,786.2765685019206,781,251
14,184,825.2050816696915,927.0,1102,110
14,185,837.0252648736756,145.4767726161369,1227,114
14,186,845.1972443799855,1192.0920957215374,1379,115
14,187,850.9850746268656,476.67537313432837,1608,117
14,176,789.1470985155196,1037.944669365722,741,249
14,114,424.8245481927711,637.3448795180723,1328,182
14,106,398.36728395061726,132.81584362139918,972,198
14,112,419.33140655105973,708.6319845857419,1038,206
14,36,145.2169553327256,1293.4092980856883,1097,149
14,37,150.7925219941349,156.0857771260997,1364,134
14,39,154.29313725490195,59.77156862745098,1020,123
14,40,158.94675090252707,121.45848375451264,1108,181
14,41,156.016967126193,290.101802757158,943,252
14,42,162.18249380677128,811.532617671346,1211,124
14,45,191.93793103448274,107.40603448275863,1160,131
14,46,193.30944625407167,830.8949511400651,1228,129
14,47,191.05719392314566,1143.2949061662198,1119,130
14,35,136.40706476030277,476.8023549201009,1189,177
14,48,197.7879245283019,1192.4966037735849,1325,133
14,50,196.5731153496821,899.1507720254315,1101,135
14,51,202.45145631067962,167.3231622746186,1442,148
14,52,203.43553299492385,1111.9472081218273,985,137
14,53,205.41260973663208,232.0853950518755,1253,138
14,54,216.17221135029354,1236.5469667318982,1022,140
14,55,220.38219895287958,1331.0383944153577,1146,142
14,56,219.60497925311202,525.6257261410789,1205,141
14,57,217.89575757575759,199.28969696969696,825,139
14,58,235.85926844389337,90.11593304401735,1613,144
14,49,196.79558011049724,435.14456721915286,1086,132
14,59,233.52108194112967,837.5473349244232,1257,143
14,34,136.7806603773585,1238.4701257861636,1272,150
14,32,133.580146460537,1131.4320585842147,1229,178
14,7,26.139553429027114,486.18580542264755,1254,0
14,9,44.38826815642458,79.50977653631286,1432,154
14,11,48.604007633587784,514.4513358778626,1048,158
14,113,421.27972626176216,1210.562874251497,1169,207
14,14,54.98789974070873,397.6732929991357,1157,161
14,16,60.12925851703407,1340.9178356713426,998,163
14,17,61.17107942973524,216.53462321792261,982,162
14,18,67.4558277654046,134.18930957683742,1347,164
14,19,68.26757369614512,734.4928193499622,1323,165
14,33,132.03995901639345,102.9610655737705,976,255
14,20,76.35030674846625,1162.4042944785276,1630,166
14,22,85.60580912863071,1009.4813278008298,964,167
14,23,89.35242839352428,352.2403486924035,803,171
14,24,99.76169590643275,529.3618421052631,1368,170
14,25,92.29319371727749,24.61780104712042,382,264
14,27,103.20104244229337,490.52196574832465,1343,172
14,28,102.375,398.0863095238095,336,265
14,29,115.289592760181,1029.3122171945702,1326,174
14,30,121.52351097178683,939.7766457680251,1276,175
14,31,126.01313868613138,352.95182481751823,1370,176
14,21,87.15167548500882,417.95149911816577,1134,169
14,60,234.53889334402567,902.4234161988774,1247,145
14,12,54.64975845410628,1306.9082125603866,1242,157
14,63,249.4161220043573,320.8133623819898,1377,147
14,90,351.76254826254825,436.1628056628057,1554,210
14,91,352.9205163043478,131.14470108695653,1472,183
14,92,353.03452855245683,957.6268260292164,753,186
14,93,357.02306425041184,23.61202635914333,1214,184
14,94,357.7141680395387,526.3500823723228,1214,185
14,97,363.48885693745507,323.9475197699497,1391,190
14,98,363.45108135942326,927.4706488156539,971,188
14,99,374.2188708430008,182.11291569992267,1293,191
14,100,380.5749601275917,218.15948963317385,1254,192
14,101,383.76113861386136,51.63737623762376,808,256
14,102,389.5515759312321,655.8982808022922,1396,211
14,103,389.72969966629586,691.3937708565072,899,196
14,104,392.82872101720267,1038.4151084517578,1337,209
14,105,391.47079964061095,727.8274932614555,1113,194
14,107,408.9380234505863,99.74539363484087,1194,200
14,108,406.17805582290663,391.0221366698749,1039,201
14,109,408.00293255131965,1161.772238514174,1023,202
14,111,419.0740740740741,542.5090622537431,1269,204
14,62,247.52395437262356,657.8,1315,179
14,89,344.4718969555035,684.0433255269321,854,195
14,88,344.96274343776463,1200.1049957662997,1181,214
14,110,409.65748031496065,313.1476377952756,1016,203
14,86,341.9724375538329,634.0663221360895,1161,232
14,87,347.91737288135596,1024.9371468926554,1416,231
14,65,248.89276485788113,193.90697674418604,774,208
14,66,247.20723226703754,504.0500695410292,719,180
14,67,261.53066439522996,158.80408858603067,1174,217
14,68,262.56851851851854,46.69074074074074,1080,218
14,69,264.25099206349205,1272.2867063492063,1008,216
14,70,267.0050377833753,522.8727959697733,794,220
14,71,271.08026208026206,957.1416871416872,1221,221
14,72,268.8615960099751,214.83665835411472,802,222
14,73,275.0405904059041,186.63653136531366,542,219
14,64,249.74259868421052,1105.4375,1216,213
14,75,292.2570621468927,1088.7146892655367,1062,226
14,76,303.4898785425101,995.3716599190284,1235,229
14,78,312.71996466431096,521.7729681978799,1132,238
14,79,316.5790181573638,95.98587760591795,1487,236
14,80,315.10300081103003,204.08191403081915,1233,237
14,81,320.4487300094073,938.0244590780809,1063,228
14,82,336.1382306477093,481.15323854660346,1266,233
14,84,342.0276729559748,1085.6672955974843,1590,230
14,83,338.9548872180451,985.4477861319966,1197,239
14,74,282.7643884892086,75.68974820143885,1112,223
15,136,610.2992125984252,779.1959755030621,1143,12
15,203,1011.3515358361775,1094.6939704209328,879,84
15,131,580.2741347905283,647.9590163934427,1098,43
15,133,586.7472894078398,1111.2460383653045,1199,2
15,132,582.8277661795407,1204.5939457202505,958,29
15,130,579.7965367965368,947.1047619047619,1155,56
15,134,594.3262987012987,701.6323051948052,1232,7
15,137,613.1715596330275,552.3284403669725,1090,241
15,141,632.5805243445693,231.87116104868915,1335,240
15,139,622.6873920552677,1094.5975820379965,1158,14
15,140,623.1655691439323,1007.7949200376294,1063,27
15,142,638.7156473391581,623.1803018268467,1259,18
15,143,649.971144278607,887.0666666666667,1005,20
15,144,657.468315301391,1058.04714064915,1294,21
15,145,664.0378429517502,1005.6338694418165,1057,22
15,129,565.3271537622683,770.3762268266086,917,54
15,147,675.4533565823889,708.175239755885,1147,24
15,138,613.4241348713398,311.81810115350487,1127,10
15,146,675.4828125,396.12734375,1280,23
15,118,503.6263269639066,350.8768577494692,471,262
15,127,554.3214814814814,461.11333333333334,1350,52
15,106,425.6850574712644,638.2367816091954,1305,182
15,148,677.9045112781955,485.5285714285714,1330,25
15,107,428.0899689762151,586.6452947259565,967,152
15,108,431.6476510067114,408.8076062639821,894,121
15,109,434.93863179074447,951.3581488933602,994,119
15,111,447.05405405405406,828.7812696417348,1591,31
15,112,449.71016042780747,612.0192513368984,935,32
15,114,464.58402662229616,239.74292845257904,1202,34
15,115,468.4451219512195,1331.746951219512,984,35
15,116,477.7180892717306,311.17071260767426,1277,37
15,117,504.4185393258427,1322.866104868914,1068,39
15,119,515.0972696245734,1264.5349829351535,1172,44
15,120,530.453560371517,51.32043343653251,1292,46
15,121,528.8417777777778,136.40444444444444,1125,242
15,122,532.7695501730104,347.160553633218,1445,45
15,123,538.7186282151208,585.0031176929073,1283,48
15,124,538.5360923965351,549.1164581328201,1039,47
15,125,543.3902877697842,408.62859712230215,1112,49
15,126,548.950950950951,1251.954954954955,999,51
15,128,562.5010729613734,1286.1748927038627,932,53
15,149,686.304915514593,34.59139784946237,1302,120
15,176,845.0317343173432,1192.4575645756458,1355,115
15,151,691.5937785910338,1028.6633119853614,1093,28
15,182,880.8076463560335,776.4719235364397,837,88
15,184,888.9477172312224,641.9852724594992,1358,73
15,185,893.925778132482,318.84756584197925,1253,62
15,187,912.3381893860562,779.8824141519251,961,64
15,188,925.8019504876219,598.3458364591148,1333,66
15,189,930.636926889715,687.043990086741,1614,68
15,190,934.7786438035854,1014.1971940763834,1283,69
15,191,938.276220145379,1251.1536863966771,963,246
15,179,870.248912097476,833.2924281984334,1149,89
15,192,949.3435940099833,1188.8128119800333,1202,72
15,195,975.3011093502378,67.04278922345483,1262,75
15,196,974.8810916179337,827.1325536062378,1026,248
15,197,981.0676100628931,648.0943396226415,1272,77
15,198,980.2270916334661,148.40338645418328,1004,78
15,199,988.8086419753087,235.689594356261,1134,259
15,200,992.8460278460278,180.76740376740378,1221,79
15,201,992.6197604790419,281.91616766467064,1002,80
15,105,421.8591304347826,1209.9782608695652,1150,207
15,193,970.7846265409718,553.4300217548948,1379,87
15,178,855.6560062402496,89.48595943837753,1282,90
15,177,850.8742017879949,476.7669220945083,1566,117
15,175,837.0425531914893,145.59165302782324,1222,114
15,152,694.1251292657704,787.8800413650465,967,58
15,154,711.6325695581015,691.2855973813421,1222,60
15,155,711.3273322422259,730.5891980360066,1222,91
15,157,721.372488408037,53.530911901081915,1294,245
15,158,735.0897531787584,118.3717277486911,1337,95
15,159,732.0842490842491,463.260989010989,1092,94
15,160,748.1886001676446,1027.127409891031,1193,97
15,161,762.6964285714286,276.41156462585036,1176,99
15,163,764.2950089126559,394.3333333333333,1122,98
15,164,778.2867487328023,184.5524981897176,1381,101
15,165,779.9405864197531,501.6612654320988,1296,102
15,166,792.9347826086956,1327.1851851851852,1242,105
15,167,794.3327814569536,221.7524834437086,1208,106
15,168,789.6141732283464,1036.7034120734909,762,249
15,169,796.6035242290749,264.31629955947136,1135,104
15,170,797.444891391794,950.6162510056315,1243,107
15,171,799.6300997280146,420.663644605621,1103,108
15,173,816.2286821705426,786.5245478036176,774,251
15,174,825.4509202453987,926.9468302658487,978,110
15,150,689.4136904761905,1082.0416666666667,1344,26
15,104,419.1747042766151,709.1337579617834,1099,206
15,71,293.17148182665426,1089.7949673811743,1073,226
15,102,409.8666666666667,313.0509803921569,1020,203
15,32,145.5645311049211,1293.7808727948004,1077,149
15,33,151.06490566037735,155.6075471698113,1325,134
15,34,154.6630648330059,60.03438113948919,1018,123
15,36,156.02,290.02736842105264,950,252
15,37,158.88044485634848,120.87951807228916,1079,181
15,38,163.2654723127036,811.6978827361563,1228,124
15,40,193.74031327287716,832.0733718054411,1213,129
15,41,190.74582560296847,1143.8701298701299,1078,130
15,31,136.7774914089347,476.66752577319585,1164,177
15,42,192.62466487935657,107.59070598748883,1119,131
15,45,195.25948103792416,434.4560878243513,1002,132
15,46,197.85495011511895,1192.7298541826553,1303,133
15,47,202.67407922168172,167.498957609451,1439,148
15,48,203.57027300303338,1112.3993933265924,989,137
15,49,205.56969205834685,232.1393841166937,1234,138
15,50,216.37874396135265,1236.6850241545894,1035,140
15,51,220.27763041556145,1331.2466843501327,1131,142
15,52,216.79676985195155,199.55854643337818,743,139
15,44,194.57267950963222,898.3485113835377,1142,135
15,53,218.77047781569965,525.6697952218431,1172,141
15,30,136.70128824476652,1238.7407407407406,1242,150
15,28,131.83465346534655,102.75148514851485,1010,255
15,103,419.241238793806,542.2559087204564,1227,204
15,6,25.8192868719611,486.7228525121556,1234,0
15,8,44.332846715328465,79.34233576642336,1370,154
15,10,48.65842055185538,514.9115128449096,1051,158
15,11,53.502202643171806,1307.1550660792952,1135,157
15,15,60.34764826175869,1340.9171779141104,978,163
15,16,67.41678939617084,134.13770250368188,1358,164
15,17,61.06797235023041,216.0668202764977,868,162
15,29,133.73873121869784,1131.5233722871453,1198,178
15,18,68.2871835443038,734.1740506329114,1264,165
15,20,84.40503672612802,1009.4396642182581,953,167
15,21,90.01428571428572,353.33376623376626,770,171
15,22,99.79895755770663,529.5026061057334,1343,170
15,23,91.92329545454545,24.957386363636363,352,264
15,24,103.41203351104342,490.53465346534654,1313,172
15,25,101.49465240641712,399.41711229946526,374,265
15,26,115.22453703703704,1029.4359567901236,1296,174
15,27,121.6789638932496,939.9081632653061,1274,175
15,19,76.38065326633166,1161.9579145728644,1592,166
15,54,233.371335504886,837.5993485342019,1228,143
15,13,55.600204498977504,398.55725971370146,978,161
15,56,235.8148880105402,89.84782608695652,1518,144
15,84,352.14850136239784,436.1491825613079,1468,210
15,85,353.2345588235294,131.21764705882353,1360,183
15,86,356.84422110552765,24.030988274706868,1194,184
15,87,354.2,957.3052631578947,760,186
15,88,358.0154905335628,526.3175559380379,1162,185
15,89,362.997668997669,324.08857808857806,1287,190
15,90,363.95728368017524,925.6911281489595,913,188
15,91,374.55590551181103,182.1503937007874,1270,191
15,83,344.7046511627907,684.1151162790698,860,195
15,92,380.6878048780488,217.91463414634146,1230,192
15,94,389.7228300510576,655.9132020423049,1371,211
15,95,389.1290697674419,691.3406976744186,860,196
15,96,390.3526170798898,728.0734618916437,1089,194
15,97,393.28984375,1038.7390625,1280,209
15,99,405.78468899521533,390.98373205741626,1045,201
15,100,409.00434404865337,100.04344048653346,1151,200
15,101,407.93365384615385,1161.6346153846155,1040,202
15,55,233.97417840375587,902.1893583724569,1278,145
15,93,383.78155339805824,51.63228155339806,824,256
15,81,345.0485829959514,1200.553846153846,1235,214
15,98,397.8863636363636,133.38636363636363,1012,198
15,78,338.91330472103004,985.0085836909872,1165,239
15,79,341.62022090059475,634.2242990654206,1177,232
15,59,247.82434514637904,657.9283513097073,1298,179
15,61,250.01023890784984,1105.6254266211604,1172,213
15,62,250.85393258426967,193.1629213483146,712,208
15,63,261.3144599303136,158.93989547038328,1148,217
15,64,263.3408662900188,46.74764595103578,1062,218
15,65,264.4890873015873,1272.0436507936508,1008,216
15,66,263.7769516728625,524.087980173482,807,220
15,60,249.40548554484803,320.7531504818384,1349,147
15,68,268.9318181818182,214.66919191919192,792,222
15,77,320.39041794087666,937.8634046890928,981,228
15,67,270.71875,956.910472972973,1184,221
15,76,314.43679092382496,204.09238249594813,1234,237
15,75,316.50939306358384,96.13728323699422,1384,236
15,58,243.64146620847652,501.8052691867125,873,180
15,72,303.64862542955325,995.4982817869416,1164,229
15,70,283.329534662868,75.35137701804368,1053,223
15,74,312.8674588665448,521.6508226691042,1094,238
15,69,275.3565737051793,186.1613545816733,502,219
16,134,677.9222222222222,486.21507936507936,1260,25
16,119,583.3995922528032,1204.3455657492354,981,29
16,120,596.9624893435636,701.3290707587382,1173,7
16,122,610.9891500904159,778.744122965642,1106,12
16,123,613.0439252336448,551.9551401869159,1070,241
16,124,613.7672413793103,311.2212643678161,1044,10
16,125,623.3423044575273,1092.4911690496215,1189,14
16,126,623.8222836095764,1007.52394106814,1086,27
16,127,632.7843289371606,230.92707525213345,1289,240
16,129,650.1658341658342,886.93006993007,1001,20
16,131,664.0173076923077,1005.4634615384615,1040,22
16,132,675.6319733555371,395.87427144046626,1201,23
16,133,675.384963768116,707.8867753623189,1104,24
16,118,580.5194805194806,647.7486085343228,1078,43
16,135,686.1803773584905,33.988679245283016,1325,120
16,128,638.9467649467649,622.8165438165438,1221,18
16,130,657.3477935676889,1056.9005235602094,1337,21
16,107,504.1055381400209,1322.9467084639498,957,39
16,115,554.3576362240982,460.8426707597851,1303,52
16,97,429.72595656670114,586.7259565667011,967,152
16,136,689.7526475037821,1081.9198184568836,1322,26
16,98,431.6467941507312,408.4386951631046,889,121
16,99,435.1026137463698,951.3272023233301,1033,119
16,101,447.1797119599249,828.8697557921103,1597,31
16,102,451.30501089324616,612.7701525054466,918,32
16,104,464.18031430934656,238.89991728701406,1209,34
16,105,468.58662280701753,1331.4967105263158,912,35
16,106,477.4899598393574,311.13092369477914,1245,37
16,108,504.9917355371901,349.96487603305786,484,262
16,109,530.678134556575,51.313455657492355,1308,46
16,110,534.4629120879121,346.70535714285717,1456,45
16,111,538.8539325842696,584.7905296950241,1246,48
16,112,538.6908358509567,549.2044310171199,993,47
16,113,543.6538116591928,408.3641255605381,1115,49
16,117,566.4663143989432,770.1822985468956,757,54
16,137,691.5279850746268,1028.794776119403,1072,28
16,162,845.0268895348837,1192.2427325581396,1376,115
16,140,711.669701986755,690.8253311258278,1208,60
16,165,870.3547237076649,835.0294117647059,1122,89
16,169,889.3917828319883,641.580337490829,1363,73
16,170,894.0199170124481,318.65145228215766,1205,62
16,172,912.2471042471043,778.6148648648649,1036,64
16,173,925.961356466877,597.8406940063091,1268,66
16,175,935.7070866141732,1014.155905511811,1270,69
16,176,938.8116683725691,1250.7430910951894,977,246
16,164,856.0282714054928,89.31017770597738,1238,90
16,177,949.2691652470187,1189.0425894378195,1174,72
16,180,975.464320625611,827.4936461388074,1023,248
16,181,980.2256033578174,148.25813221406085,953,78
16,183,989.4910394265233,234.65591397849462,1116,259
16,184,993.0325131810193,180.31195079086115,1138,79
16,185,992.5763052208836,281.7068273092369,996,80
16,187,1011.1787709497206,1095.1195530726256,895,84
16,96,426.08152173913044,638.1840062111801,1288,182
16,179,975.5020080321285,67.1991967871486,1245,75
16,138,696.1704211557296,787.4789422135161,1021,58
16,163,848.8923173803527,477.39357682619647,1588,117
16,160,826.1969072164949,926.7164948453608,970,110
16,141,711.5270157938487,730.4688279301746,1203,91
16,143,721.6487766377269,53.13022888713496,1267,245
16,144,731.8913250714967,463.93231649189704,1049,94
16,145,735.4032,118.2568,1250,95
16,146,748.5004219409283,1027.1434599156119,1185,97
16,147,762.8162544169611,276.2252650176678,1132,99
16,149,764.4738841405508,394.2440645773979,1053,98
16,161,837.0117548278757,145.6431570109152,1191,114
16,150,778.606531881804,184.38724727838257,1286,101
16,152,789.8047559449311,1035.8210262828536,799,249
16,153,793.2539936102237,1326.6357827476038,1252,105
16,154,794.8,222.42424242424244,1155,106
16,155,796.5864661654135,263.5018796992481,1064,104
16,156,797.9185667752442,950.6726384364821,1228,107
16,157,800.0440613026819,420.46934865900386,1044,108
16,158,811.8895547945206,786.1044520547945,1168,251
16,151,781.054848188051,503.4809010773751,1021,102
16,95,422.30599078341015,1209.374193548387,1085,207
16,87,390.51526364477337,728.8584643848288,1081,194
16,93,419.50676818950933,542.2402707275804,1182,204
16,29,151.284,155.8928,1250,134
16,31,155.10654936461387,59.91104594330401,1023,123
16,32,156.4332988624612,289.80455015511893,967,252
16,33,159.65204957102003,121.56816015252622,1049,181
16,34,163.9028806584362,811.798353909465,1215,124
16,36,188.89064039408868,1143.656157635468,1015,130
16,38,194.61525704809287,832.8225538971808,1206,129
16,39,193.15799614643547,107.42100192678227,1038,131
16,40,194.9768378650554,433.87311178247734,993,132
16,41,197.95645161290324,1192.7911290322581,1240,133
16,42,203.43062544931703,167.67505391804457,1391,148
16,43,201.77986829727186,899.3847601128881,1063,135
16,44,205.29690048939642,232.3678629690049,1226,138
16,45,203.5474006116208,1112.6799184505608,981,137
16,46,217.71706454465075,525.4155614500443,1131,141
16,27,133.7835757057314,1131.3490162532078,1169,178
16,26,132.4216757741348,101.54280510018215,1098,255
16,25,131.89423076923077,478.68094405594405,1144,177
16,24,121.88835341365461,939.5373493975903,1245,175
16,94,419.50448833034113,709.2028725314183,1114,206
16,4,25.63815226689478,488.20530367835755,1169,0
16,6,44.426241660489254,79.19051148999259,1349,154
16,8,49.3530591775326,515.4704112337012,997,158
16,9,53.95137046861185,1307.262599469496,1131,157
16,11,56.52641878669276,398.7142857142857,1022,161
16,13,60.55016181229774,1340.824163969795,927,163
16,47,220.4895549500454,1330.7693006357856,1101,142
16,14,67.52767247915087,133.7202426080364,1319,164
16,16,68.52730375426621,734.3558020477816,1172,165
16,17,76.6171974522293,1161.3057324840765,1570,166
16,18,83.039430449069,1009.6221248630887,913,167
16,19,90.05308641975309,352.39506172839504,810,171
16,20,99.63689604685213,527.8623718887262,1366,170
16,22,101.7603305785124,399.09641873278235,363,265
16,23,115.2622820919176,1029.3565768621236,1262,174
16,15,61.45955882352941,215.71691176470588,816,162
16,48,217.21986754966886,199.90596026490067,755,139
16,28,136.24114088159033,1238.3837510803803,1157,150
16,50,236.01029512697323,89.17570350034318,1457,144
16,75,344.6129411764706,684.0235294117647,850,195
16,76,352.3844507845934,435.86804564907277,1402,210
16,77,353.04476479514415,131.28603945371776,1318,183
16,78,357.39736191261335,23.798021434460015,1213,184
16,79,355.22616136919316,956.5232273838631,818,186
16,80,358.6130473637176,526.9991063449509,1119,185
16,81,362.79950698438785,323.43960558751024,1217,190
16,74,345.46194225721786,1200.6465441819773,1143,214
16,82,369.26959247648904,926.0971786833856,957,188
16,84,382.47415914684166,216.6447908121411,1219,192
16,85,390.03046062407134,656.2637444279346,1346,211
16,86,388.748291571754,691.6275626423691,878,196
16,88,393.5517774343122,1038.451313755796,1294,209
16,89,398.32527693856997,133.202416918429,993,198
16,90,405.98465963566633,390.326941514861,1043,201
16,49,233.53686826843415,837.648715824358,1207,143
16,83,374.615569823435,181.59470304975923,1246,191
16,71,342.11774744027304,633.3370307167236,1172,232
16,92,410.30106485963216,312.76669893514037,1033,203
16,69,315.87089201877933,205.19248826291079,852,237
16,70,339.28720626631855,984.7684943429068,1149,239
16,54,249.49699699699698,320.66066066066065,1332,147
16,55,250.45971978984238,1105.4597197898424,1142,213
16,56,249.23252688172042,193.15456989247312,744,208
16,57,262.2029746281715,160.06386701662294,1143,217
16,58,260.8502475247525,521.9554455445544,808,220
16,59,264.80550458715595,45.679816513761466,1090,218
16,60,264.6946169772257,1272.4378881987577,966,216
16,53,248.2046875,657.60390625,1280,179
16,62,273.8606557377049,188.83196721311475,488,219
16,63,283.64830917874394,75.09565217391304,1035,223
16,64,293.15279048490396,1089.5224153705399,1093,226
16,65,303.9685251798561,995.6052158273382,1112,229
16,66,308.90365448504986,941.7120708748615,903,228
16,67,312.82725527831093,521.8109404990403,1042,238
16,61,270.76206896551724,956.675,1160,221
17,118,583.625786163522,1206.367924528302,954,29
17,119,594.9035667107001,278.3896961690885,1514,3
17,120,597.1325503355705,702.9270134228188,1192,7
17,121,612.1141270820481,313.8260333127699,1621,10
17,122,611.2292051756008,778.9710412815773,1623,12
17,133,676.1818181818181,707.9557739557739,1221,24
17,124,623.3330651649236,1094.8278358809332,1243,14
17,128,650.6775067750677,887.3089430894308,1107,20
17,126,632.344398340249,242.6727919383521,1687,240
17,127,639.5570934256056,623.0147058823529,1156,18
17,129,657.8471830985916,1059.5091549295776,1420,21
17,130,663.8655616942909,1005.0911602209944,1086,22
17,131,675.1177304964539,396.5276595744681,1410,23
17,132,677.4443127962086,486.28495260663504,1688,25
17,117,580.9809523809524,648.0190476190476,945,43
17,125,624.4122085048011,1008.6165980795611,1458,27
17,116,585.5762611275965,1111.459940652819,1685,2
17,108,530.8794007490636,51.235955056179776,1335,46
17,114,565.572463768116,1287.6739130434783,1380,53
17,134,684.0565493364109,30.691863819965377,1733,120
17,96,430.44947735191636,587.9372822299651,861,152
17,98,435.3703703703704,952.7523148148148,864,119
17,99,447.07387289516566,827.2026072786529,1841,31
17,101,453.14665249734327,613.4112646121148,941,32
17,103,464.4552,239.228,1250,34
17,104,468.99541809851087,1332.2164948453608,873,35
17,105,478.72489683631363,312.37826685006877,1454,37
17,106,505.1356350184957,1322.6461159062885,1622,39
17,107,533.7925151348377,347.5514584479912,1817,45
17,109,539.7973316391359,586.7903430749682,1574,48
17,110,538.8587746625129,549.6303219106958,963,47
17,111,544.1492842535787,409.36503067484665,978,49
17,112,548.7026143790849,1255.0522875816994,918,51
17,113,555.1734342739161,462.0385409497591,1453,52
17,115,566.4068406840684,770.4599459945995,1111,54
17,135,692.1742788461538,1082.7542067307693,1664,26
17,95,426.70580386924615,638.7745163442295,1499,182
17,138,712.5519230769231,690.4410256410256,1560,60
17,165,890.5107073329007,642.2628163530176,1541,73
17,167,895.1161578555473,319.1831720029784,1343,62
17,169,925.7841140529531,597.9056347589952,1473,66
17,170,930.8938753959874,687.6024287222809,1894,68
17,171,935.9820598006645,1015.0179401993355,1505,69
17,172,938.9681908548707,1252.020874751491,1006,246
17,173,949.3560910307898,1189.3821954484606,1494,72
17,175,975.4603409933284,67.33802816901408,1349,75
17,176,974.8922457200403,827.8710976837865,993,248
17,179,984.6087866108786,242.84100418410043,1434,259
17,180,980.5281767955801,148.69834254143646,905,78
17,181,994.1496960486322,180.77659574468086,1316,79
17,182,1003.3447600391772,1360.3790401567092,1021,82
17,183,1005.414498141264,766.8420074349442,1076,83
17,184,1014.607230895645,639.2497945768283,1217,85
17,163,876.4008620689655,832.9347290640394,1624,89
17,161,856.4950495049505,90.12338156892612,1313,90
17,160,837.3388734995383,146.76084949215144,1083,114
17,159,828.4177631578947,926.85,1520,110
17,139,711.8899317406143,730.6808873720137,1172,91
17,142,732.4636734693878,462.6065306122449,1225,94
17,143,735.0127659574468,119.38652482269504,1410,95
17,144,749.3253292021689,1027.5158791634392,1291,97
17,145,762.0856658184903,276.57591178965225,1179,99
17,146,770.4247546346783,140.75081788440568,1834,100
17,147,765.3551797040169,395.8816067653277,946,98
17,136,690.8794435857806,1029.4072642967542,1294,28
17,148,778.7584692597239,185.24843161856964,1594,101
17,185,1012.082191780822,1095.085616438356,876,84
17,150,793.3637000700771,1327.7140854940435,1427,105
17,151,794.9225061830173,223.80544105523495,1213,106
17,152,798.3455882352941,262.8448529411765,1360,104
17,154,797.9391365888181,951.1995753715499,1413,107
17,155,800.3376963350786,420.95200698080276,1146,108
17,156,801.8634894991923,335.9281098546042,1238,271
17,149,780.9564777327935,504.6831983805668,988,102
17,94,422.46013289036546,1210.2591362126245,1204,207
17,35,193.71823204419888,107.66666666666667,1086,131
17,92,420.0746924428822,543.5878734622144,1138,204
17,29,155.33776301218163,60.81506090808416,903,123
17,30,161.5598253275109,122.9240174672489,1145,181
17,31,156.89875,291.265,800,252
17,32,164.0559265442404,812.7145242070117,1198,124
17,33,181.3845547675335,201.02048857368007,1269,128
17,34,189.16850127011008,1143.3827265029636,1181,130
17,36,196.0060606060606,832.5901515151515,1320,129
17,37,195.83809523809524,434.0077922077922,1155,132
17,38,198.3383399209486,1192.6687747035573,1265,133
17,39,203.4368499257058,165.71248142644873,1346,148
17,40,201.1313598519889,899.3385753931545,1081,135
17,41,205.68834459459458,233.85135135135135,1184,138
17,42,204.24520255863538,1112.2057569296376,938,137
17,43,219.30438066465257,199.48867069486406,1324,139
17,44,218.4179104477612,527.179104477612,1206,141
17,27,151.88654353562006,158.60158311345646,1516,134
17,45,221.93123446561722,1331.225352112676,1207,142
17,26,137.19518542615484,1238.8028627195836,1537,150
17,23,121.80683506686478,940.0965824665676,1346,175
17,93,420.80651162790696,710.0809302325581,1075,206
17,5,27.33652312599681,486.5558213716108,1254,0
17,7,45.126820388349515,80.42172330097087,1648,154
17,9,51.95104333868379,1308.7704654895665,1246,157
17,11,52.14693665628245,391.63966770508824,1926,161
17,12,50.28746177370031,515.3955147808359,981,158
17,13,63.219377162629755,215.47543252595156,1445,162
17,14,60.38453608247423,1342.220618556701,970,163
17,15,69.07331189710611,134.43151125401928,1555,164
17,16,68.31753889674681,735.6775106082036,1414,165
17,17,76.5038726333907,1162.2168674698796,2324,166
17,18,84.00199600798403,1009.9031936127744,1002,167
17,20,99.2729057591623,526.5706806282723,1528,170
17,21,108.97488226059654,198.7629513343799,1274,173
17,22,115.53643966547192,1029.010752688172,1674,174
17,25,133.33842010771994,480.6337522441652,1114,177
17,46,235.78103719224725,90.47249869041383,1909,144
17,4,31.772146118721462,605.7849315068493,2190,260
17,50,249.74886141834742,320.9700715679896,1537,147
17,75,353.33289731850886,131.71942446043167,1529,183
17,76,357.6057046979866,24.885906040268456,1192,184
17,77,355.68194842406876,957.4756446991404,698,186
17,78,358.7723367697595,527.0953608247422,1164,185
17,79,366.09005847953216,323.18070175438595,1710,190
17,47,233.5361972951472,837.6921241050119,1257,143
17,81,374.824686940966,181.27817531305902,1118,191
17,82,383.1664285714286,217.87142857142857,1400,192
17,83,388.7463284379172,654.7950600801069,1498,211
17,84,388.03970037453183,693.7640449438202,1335,196
17,85,390.1977760127085,732.164416203336,1259,194
17,86,393.14357682619647,1038.7607052896726,1588,209
17,87,398.4808126410835,133.9232505643341,886,198
17,88,406.25049701789266,390.4194831013917,1006,201
17,90,410.6965909090909,313.55795454545455,880,203
17,74,352.6218627997769,435.9972113775795,1793,210
17,73,346.67011070110703,1202.0258302583027,1355,214
17,80,369.7575534266765,926.246868091378,1357,188
17,70,342.655737704918,634.2365339578454,1281,232
17,51,250.42880658436215,1105.724279835391,1215,213
17,72,349.93238822246457,1025.3249727371865,1834,231
17,52,248.68265682656826,198.35424354243543,542,208
17,54,260.1085972850679,521.2021116138764,663,220
17,55,265.0195530726257,1272.5288640595902,1074,216
17,57,271.44722854973423,957.2627182991648,1317,221
17,58,271.7479579929988,187.44224037339558,857,219
17,60,293.0116591928251,1090.4143497757848,1115,226
17,56,278.43226600985224,73.3442118226601,1624,223
17,63,303.3451476793249,995.4303797468355,1185,229
17,64,313.10444993819533,944.2929542645242,1618,228
17,65,313.1970121381886,522.5219421101774,1071,238
17,66,317.9296346414073,94.7232746955345,1478,236
17,67,316.38504464285717,206.13392857142858,896,237
17,68,339.3243243243243,985.5675675675676,1295,239
17,69,342.2001254705144,698.4360100376412,1594,195
17,61,287.3763440860215,43.75483870967742,465,218
18,114,598.590652699436,703.6865431103948,1241,7
18,109,565.0602807597028,1287.5681255161023,1211,53
18,110,564.2658102766799,773.651185770751,1012,54
18,111,580.6150402864816,647.9077887197851,1117,43
18,112,584.5682792406614,1109.9148805878751,1633,2
18,113,583.1254045307444,1205.2046925566342,1236,29
18,116,611.1422898742554,779.0814030443415,1511,12
18,124,664.188085106383,1005.4153191489362,1175,22
18,118,623.3358605003791,1094.4162244124336,1319,14
18,119,623.6692975532754,1011.7861089187056,1267,27
18,120,632.3456624075319,234.62071284465367,1487,240
18,121,639.165250965251,622.7945945945946,1295,18
18,122,650.774354704413,887.2756036636137,1201,20
18,123,657.7453544390916,1057.6682725395733,1453,21
18,117,613.588801399825,552.1496062992126,1143,241
18,108,554.6466165413534,461.42447026657555,1463,52
18,90,422.28384991843393,1209.5415986949429,1226,207
18,106,543.957939914163,408.54935622317595,1165,49
18,125,674.7372577171573,395.61665470208186,1393,23
18,91,426.8181818181818,639.02419882276,1529,182
18,92,431.75266524520254,408.3869936034115,938,121
18,93,435.20146222583264,950.9626320064988,1231,119
18,94,446.5094654788419,827.6592427616927,1796,31
18,95,453.80973451327435,612.3150442477876,1130,32
18,97,464.22353811991115,238.4300518134715,1351,34
18,98,468.9228598306679,1331.6462841015993,1063,35
18,99,477.1774415405777,311.0770288858322,1454,37
18,100,505.1740947075209,1321.0912256267409,1436,39
18,101,505.56635071090045,350.0521327014218,422,262
18,102,530.1822766570605,50.31772334293948,1388,46
18,103,536.2862068965517,347.7752873563218,1740,45
18,104,538.8942065491184,586.1523929471033,1588,48
18,105,538.2979109900091,548.1607629427793,1101,47
18,107,547.5165257494235,1253.8885472713298,1301,51
18,126,675.8302446256487,708.0793180133433,1349,24
18,149,827.2565742714996,925.4427860696518,1407,110
18,128,690.9830176355323,1082.0019595035924,1531,26
18,156,894.4903846153846,318.521449704142,1352,62
18,157,912.0210355987055,781.4441747572815,1236,64
18,158,925.6833791208791,597.315934065934,1456,66
18,159,930.8198391420912,687.1946380697051,1865,68
18,160,935.5219206680584,1014.6666666666666,1437,69
18,161,938.9145454545454,1251.2718181818182,1100,246
18,162,949.4917600527357,1188.600527356625,1517,72
18,164,975.5221774193549,66.87163978494624,1488,75
18,165,975.263436123348,826.6361233480176,1135,248
18,167,980.1477064220184,147.27981651376146,1090,78
18,168,987.5847389558232,237.17991967871487,1245,259
18,169,994.3125,179.74774096385542,1328,79
18,170,1004.1892857142857,1358.861607142857,1120,82
18,171,1011.316442605998,1095.2119958634953,967,84
18,89,419.4147257700977,542.5544703230654,1331,204
18,154,889.9227688787186,642.162471395881,1748,73
18,127,677.7713704206242,486.45793758480323,1474,25
18,151,856.4617691154423,89.29535232383807,1334,90
18,148,811.4347146207975,785.1485535574668,1279,251
18,129,690.9170024174053,1030.0676873489122,1241,28
18,130,696.4774859287054,786.0,1066,58
18,132,711.5238095238095,730.8701996927804,1302,91
18,133,713.1932938856016,689.5660749506903,1521,60
18,135,732.5211267605633,461.3882042253521,1136,94
18,136,749.4764478764479,1027.0756756756757,1295,97
18,137,769.0646960401562,140.25153374233128,1793,100
18,138,764.1563421828909,275.4299410029499,1356,99
18,139,764.9635369188696,394.13400182315405,1097,98
18,140,778.1284521515736,184.56711624919717,1557,101
18,141,780.4629629629629,502.9832451499118,1134,102
18,142,793.477801268499,1327.3284002818887,1419,105
18,143,794.3639191290824,222.78071539657853,1286,106
18,144,797.7466666666667,950.5171929824561,1425,107
18,145,799.944576405384,420.7252573238321,1263,108
18,150,837.1391794046662,145.5076427996782,1243,114
18,87,410.5149051490515,312.5971093044264,1107,203
18,82,387.51430722891564,731.8155120481928,1328,194
18,85,405.3558597091531,389.77673224978616,1169,201
18,28,150.2968152866242,157.58853503184713,1570,134
18,29,155.7463054187192,232.86761083743843,1624,122
18,30,155.438330170778,60.37096774193548,1054,123
18,31,158.51075268817203,120.62749615975423,1302,181
18,32,156.52258726899385,289.9579055441478,974,252
18,33,163.159739201304,812.9942950285249,1227,124
18,34,181.80994803266518,200.70601336302894,1347,128
18,36,193.30583333333334,107.29333333333334,1200,131
18,37,194.38399412628488,833.3414096916299,1362,129
18,38,194.79435483870967,433.34112903225804,1240,132
18,39,197.66742596810934,1192.1002277904329,1317,133
18,40,202.55852842809364,165.41204013377927,1495,148
18,41,200.27455919395467,898.3837111670865,1191,135
18,42,205.25546345139412,232.60738507912583,1327,138
18,43,203.44017094017093,1113.963247863248,1170,137
18,26,136.78940308517772,1238.3004694835681,1491,150
18,44,216.03380503144655,524.8765723270441,1272,141
18,25,131.2383345297918,478.00717875089737,1393,177
18,22,115.94018126888217,1028.5196374622356,1655,174
18,5,26.760900140646974,486.0618846694796,1422,0
18,7,44.41180012040939,80.38832028898254,1661,154
18,8,41.90893169877408,1138.707530647986,571,155
18,86,408.9928,99.7424,1250,200
18,11,50.69938650306749,515.2892199824715,1141,158
18,12,56.7512077294686,397.85185185185185,1242,161
18,13,60.41152597402598,1343.137987012987,1232,163
18,14,51.43356643356643,605.1118881118881,429,260
18,15,62.60953112990008,217.07225211375865,1301,162
18,16,68.49708879184861,735.2081513828239,1374,165
18,17,76.27847512784751,1161.748489074849,2151,166
18,18,82.51554663991976,1010.3410230692076,997,167
18,19,89.91309523809524,354.18095238095236,840,171
18,20,98.91408717624763,526.1680353758686,1583,170
18,21,100.93239436619719,399.9042253521127,355,265
18,24,121.6429587482219,939.6891891891892,1406,175
18,45,221.84234577303883,1330.8537699923838,1313,142
18,9,51.32888264230499,1306.7645818692902,1423,157
18,47,235.8578431372549,90.44281045751634,1836,144
18,70,344.8435294117647,684.3458823529412,850,195
18,71,352.54540128881075,435.3462214411248,1707,210
18,72,353.3767295597484,130.83962264150944,1590,183
18,73,357.33203732503887,24.073094867807153,1286,184
18,74,357.98926380368096,526.3174846625767,1304,185
18,75,362.97174447174444,322.47174447174444,1628,190
18,69,346.1706197398623,1201.106350420811,1307,214
18,76,357.69545454545454,956.2738636363637,880,186
18,78,373.60133136094674,180.67751479289942,1352,191
18,79,381.2839590443686,217.1515358361775,1465,192
18,80,388.49568965517244,655.292487684729,1624,211
18,81,384.1114488348531,693.3343465045592,987,196
18,84,398.28705440900563,133.5262664165103,1066,198
18,46,218.2250803858521,198.11254019292605,933,139
18,77,370.2988505747126,923.7110016420361,1218,188
18,68,349.13337430854335,1025.4714197910264,1627,231
18,83,392.5301125082727,1038.697551290536,1511,209
18,65,339.0744920993228,985.020316027088,1329,239
18,66,341.96501901140687,633.6874524714829,1315,232
18,50,249.93921175684702,320.1008684034736,1497,147
18,52,249.82434640522877,1105.4763071895425,1224,213
18,53,247.68894601542416,197.27377892030847,778,208
18,54,260.8989513822688,522.4671115347951,1049,220
18,55,264.99449541284406,1272.4779816513762,1090,216
18,56,271.7431592039801,957.070895522388,1608,221
18,48,232.97901049475263,837.2151424287856,1334,143
18,58,281.4386089425124,75.69268985095813,1409,223
18,59,292.0785953177257,1089.5234113712374,1196,226
18,60,303.0848532910389,995.1784298176051,1261,229
18,61,314.51216216216216,937.8472972972972,1480,228
18,62,312.837037037037,522.3119341563786,1215,238
18,63,317.36955107351986,94.70982433311646,1537,236
18,57,272.3419267299864,187.32835820895522,737,219
18,64,315.7244401168452,204.3836416747809,1027,237
19,102,583.4587628865979,1205.1450662739323,1358,29
19,103,581.1059907834101,647.9308755760369,1085,43
19,104,597.8052980132451,277.66291390728475,1510,3
19,105,599.703506097561,704.5586890243902,1312,7
19,106,611.6347826086957,778.2341614906833,1610,12
19,111,640.1029629629629,622.7518518518518,1350,18
19,109,623.8076923076923,1094.5184911242604,1352,14
19,110,632.4150124069479,239.41253101736973,1612,240
19,112,650.8717320261438,887.1846405228758,1224,20
19,113,657.4176732358551,1058.7399872854419,1573,21
19,101,584.253178551686,1110.5185185185185,1809,2
19,115,677.9474671669793,486.2151344590369,1599,25
19,108,624.53037884203,1015.2823445318085,1399,27
19,114,664.1829163071613,1005.4469370146678,1159,22
19,93,531.1784989858012,50.826910074374574,1479,46
19,99,562.751356238698,773.9466546112116,1106,54
19,83,421.43617021276594,1210.3731003039513,1316,207
19,116,676.4470246734397,707.8541364296082,1378,24
19,84,427.00060096153845,639.2662259615385,1664,182
19,85,446.22473684210524,826.0373684210526,1900,31
19,86,455.03739612188366,610.8047091412742,1444,32
19,88,464.9775204359673,239.21185286103542,1468,34
19,100,567.3500343170899,1288.483870967742,1457,53
19,89,468.6085192697769,1332.0628803245436,986,35
19,91,505.66646848989296,1322.845422116528,1682,39
19,94,539.745337995338,586.5955710955711,1716,48
19,95,538.6829710144928,548.1132246376811,1104,47
19,96,544.2478031634446,409.4560632688928,1138,49
19,97,547.1181046676096,1253.4186704384724,1414,51
19,98,555.297671491504,461.94713656387665,1589,52
19,90,477.9325113562622,312.9604153147307,1541,37
19,117,691.3913368185213,1030.5070948469006,1339,28
19,141,890.0202639019793,641.5777568331763,2122,73
19,120,714.1079754601227,689.8644171779141,1630,60
19,81,420.05744680851063,543.2028368794327,1410,204
19,161,1017.9572368421053,1031.2541118421052,1216,276
19,160,1011.7251984126984,1095.2440476190477,1008,84
19,159,1007.9972702456779,1357.0063694267517,1099,82
19,158,1002.0060975609756,767.2378048780488,1148,83
19,157,994.1808357348704,180.1678674351585,1388,79
19,156,984.9993041057759,241.72094641614476,1437,259
19,155,979.8453914767097,147.41328047571852,1009,78
19,153,976.0230769230769,827.082905982906,1170,248
19,151,976.059839605182,66.95064774830351,1621,75
19,149,949.0623853211009,1189.2470948012233,1635,72
19,148,939.1354656632174,1250.6942615239886,1063,246
19,147,936.7690863579475,1016.1695869837297,1598,69
19,146,931.2054517920242,687.4437152953054,1981,68
19,145,925.9173399627098,597.5873213175886,1609,66
19,143,895.266129032258,318.3010752688172,1488,62
19,138,856.9620615604867,89.62705798138869,1397,90
19,121,712.1306990881459,731.5752279635259,1316,91
19,124,749.9293849658314,1026.8435839028093,1317,97
19,125,769.7273695420661,140.0814696485623,1878,100
19,126,765.4675438596491,395.80877192982456,1140,98
19,127,778.9322853688029,184.7750906892382,1654,101
19,128,780.9831029185868,502.47926267281105,1302,102
19,118,692.1430356027482,1082.3585259212991,1601,26
19,129,793.3820975283901,1327.621910487642,1497,105
19,131,798.1331967213115,951.4453551912568,1464,107
19,132,800.8996336996337,420.97728937728937,1365,108
19,133,804.0322862129145,329.4397905759162,1146,271
19,135,811.7699335548173,785.3696013289036,1204,251
19,136,825.4706601466993,922.1479217603912,1636,110
19,137,837.551724137931,146.08879310344827,1160,114
19,130,794.9493019838354,223.39015429831008,1361,106
19,80,410.68385864374403,313.3266475644699,1047,203
19,107,614.0414201183432,552.3220625528318,1183,241
19,77,398.83380018674137,134.55088702147526,1071,198
19,38,217.07841672890217,525.7595220313667,1339,141
19,37,203.74155405405406,1115.2888513513512,1184,137
19,36,206.843537414966,237.71201814058958,1323,138
19,35,200.58381502890174,898.5986787778695,1211,135
19,34,198.4651851851852,1192.1244444444444,1350,133
19,33,203.56054027978774,165.75108538350216,2073,148
19,32,195.11027190332325,432.91238670694867,1324,132
19,31,194.35254237288135,107.7093220338983,1180,131
19,30,195.37389530931338,833.6689326988443,1471,129
19,29,181.46300533943554,205.37147215865753,1311,128
19,28,163.9912,812.2656,1250,124
19,27,157.1255458515284,290.8155021834061,916,252
19,26,156.34509803921569,61.55392156862745,1020,123
19,25,159.5043103448276,120.60560344827586,1392,181
19,24,154.1191037735849,234.5566037735849,1696,122
19,23,150.9694976076555,158.57595693779905,1672,134
19,21,137.88297872340425,1238.68648310388,1598,150
19,79,409.12037765538946,100.02753737214792,1271,200
19,3,27.240096038415366,485.7160864345738,1666,0
19,4,33.53310778153698,605.5074915418077,2069,260
19,7,50.386574074074076,1308.5405092592594,1728,157
19,10,52.0565371024735,515.48851590106,1132,158
19,12,63.07635135135135,218.3804054054054,1480,162
19,39,219.84916201117318,203.22027134876296,1253,139
19,13,68.62012320328542,735.4674880219028,1461,165
19,15,82.28682170542636,1011.109496124031,1032,167
19,16,91.29722921914357,354.87405541561714,794,171
19,17,99.08254156769596,526.2304038004751,1684,170
19,18,116.1266919328641,1027.6805630752572,1847,174
19,19,121.75901974132063,940.1524846834582,1469,175
19,20,131.17785016286646,478.4925081433225,1535,177
19,14,76.64789272030652,1160.792337164751,2610,166
19,40,222.38029197080292,1330.9875912408759,1370,142
19,11,54.62968299711815,400.8912103746398,1388,161
19,42,233.9514348785872,837.5180279617366,1359,143
19,76,393.01099706744867,733.3049853372434,1364,194
19,41,235.95744680851064,90.18946301925025,1974,144
19,75,392.6510416666667,1036.9109375,1920,209
19,74,388.15340909090907,695.1654829545455,1408,196
19,72,374.57315233785823,182.13273001508296,1326,191
19,71,370.76096822995464,922.71482602118,1322,188
19,70,358.72222222222223,956.1944444444445,900,186
19,69,358.5979305247598,526.6223207686622,1353,185
19,68,358.03301540719,24.530447542186355,1363,184
19,67,359.8272195640617,321.86921850079744,1881,190
19,66,353.8009478672986,131.42357819905214,1688,183
19,65,353.0725416442773,435.5604513702311,1861,210
19,64,349.3532668881506,1025.6007751937984,1806,231
19,63,342.9056237879767,696.3012281835811,1547,195
19,61,342.42954390742,1200.5636487406398,1469,214
19,73,388.0764139590854,654.6419975932612,1662,211
19,59,339.42837078651684,985.129213483146,1424,239
19,44,250.07509386733418,320.47371714643305,1598,147
19,60,342.4711267605634,633.9302816901409,1420,232
19,46,259.9371038517796,518.2901023890785,2051,220
19,48,265.38468013468014,1272.388888888889,1188,216
19,49,273.3055396916048,958.0085665334095,1751,221
19,50,279.76135675348274,76.60266505148395,1651,223
19,47,250.42547033285095,197.14037626628075,691,208
19,45,250.31132075471697,1105.187106918239,1272,213
19,54,302.50612244897957,995.2204081632653,1225,229
19,55,317.0509367681499,938.0556206088993,1708,228
19,58,316.25678119349004,205.16184448462928,1106,237
19,56,313.2474226804124,523.4964314036479,1261,238
19,57,318.50719199499684,94.5134459036898,1599,236
19,52,292.9322448979592,1089.993469387755,1225,226
20,96,583.7894736842105,1205.0051169590643,1368,29
20,97,600.1447678992919,705.1235247836349,1271,7
20,99,611.9119579500657,779.0157687253613,1522,12
20,100,613.8578352180937,552.1268174474959,1238,241
20,107,664.2258064516129,1005.3829611248966,1209,22
20,103,632.4561527581329,232.6110325318246,1414,240
20,104,639.7206870799104,622.8932038834952,1339,18
20,95,584.4492917847025,1109.6912181303117,1765,2
20,105,650.7718011409943,886.760391198044,1227,20
20,106,657.0306010928962,1058.7218579234973,1830,21
20,101,624.5285913528592,1095.734309623431,1434,14
20,102,625.935231316726,1015.9879003558718,1405,27
20,88,530.9986244841816,50.68225584594223,1454,46
20,93,567.3325301204819,1288.570281124498,1245,53
20,92,555.0591327201051,461.53153745072274,1522,52
20,90,538.7640350877193,548.2482456140351,1140,47
20,89,539.921497584541,587.0929951690821,1656,48
20,87,504.1186658114176,1323.3861449647209,1559,39
20,85,464.61948142957255,238.51786965662228,1427,34
20,84,456.08990944372573,609.1578266494179,1546,32
20,83,446.80909571655206,827.7144368059228,1891,31
20,81,427.6067961165049,639.3222087378641,1648,182
20,80,423.03766617429835,1210.4217134416544,1354,207
20,108,691.6367746797287,1030.193669932178,1327,28
20,78,419.7732260424287,542.6027798098025,1367,204
20,77,410.8567708333333,312.58506944444446,1152,203
20,94,567.2467789890981,769.356788899901,1009,54
20,109,693.5693290734824,1083.8543130990415,1565,26
20,132,895.3232472324723,318.76678966789666,1355,62
20,112,711.6338880484114,731.0665658093798,1322,91
20,148,1017.8264462809917,1031.0526859504132,968,276
20,76,409.30830039525694,99.80632411067194,1265,200
20,147,1012.0309381237525,1095.1836327345309,1002,84
20,146,1005.172932330827,1358.6808688387637,1197,82
20,145,994.8970149253731,179.98880597014926,1340,79
20,144,988.6327329678935,236.92169146436962,1277,259
20,143,980.3932980599648,147.29805996472663,1134,78
20,142,975.7813036020583,827.138936535163,1166,248
20,141,976.1365853658536,66.7530487804878,1640,75
20,138,949.890730509515,1188.697360343769,1629,72
20,137,939.1786643538595,1250.6322636600173,1153,246
20,136,937.3635761589404,1016.951655629139,1510,69
20,111,711.5825486503453,689.7771500313874,1593,60
20,135,931.430930104568,687.4375343973583,1817,68
20,128,857.1970802919708,89.57883211678832,1370,90
20,127,837.5251572327044,145.6493710691824,1272,114
20,124,810.7319587628866,785.52260111023,1261,251
20,122,800.5346385542168,420.49623493975906,1328,108
20,121,798.4260273972603,951.0349315068493,1460,107
20,120,794.6867204695525,223.09170946441674,1363,106
20,119,793.6341623036649,1327.6708115183246,1528,105
20,118,780.7725832012678,501.392234548336,1262,102
20,117,778.7604752970607,184.5772357723577,1599,101
20,116,765.1174345076784,394.34778681120144,1107,98
20,115,769.5748603351956,140.55921787709497,1790,100
20,114,750.5356104651163,1026.265988372093,1376,97
20,134,925.959306204136,597.5250166777852,1499,66
20,74,398.43204320432045,133.6813681368137,1111,198
20,126,823.5869424692954,919.6373626373627,1547,110
20,72,396.860513896172,1033.9003670686943,1907,209
20,37,206.8114525139665,231.97486033519553,1432,138
20,36,203.7707808564232,1114.7497900923593,1191,137
20,35,198.2345399698341,1192.0686274509803,1326,133
20,34,194.96849087893864,107.03482587064677,1206,131
20,33,195.0955369595537,833.7824267782427,1434,129
20,31,193.1044992743106,433.02467343976775,1378,132
20,29,163.3562945368171,812.7173396674584,1263,124
20,28,159.78877192982455,120.02245614035088,1425,181
20,27,155.72922252010724,60.03485254691689,1119,123
20,26,156.88882101405008,232.68784361637142,1637,122
20,24,149.26975638740345,158.25252525252526,1683,134
20,22,131.28717294192725,478.7568602425016,1567,177
20,38,217.58205521472394,524.9233128834355,1304,141
20,21,121.7746185852982,939.9140083217753,1442,175
20,19,101.56873315363882,400.0,371,265
20,17,99.19865113427345,526.3966891477621,1631,170
20,16,90.21064552661382,354.15402038505096,883,171
20,15,82.33891625615763,1010.976354679803,1015,167
20,14,68.994289793005,736.0285510349751,1401,165
20,13,52.302540415704385,604.64896073903,433,277
20,12,62.51237263464338,218.6957787481805,1374,162
20,11,57.29308975377283,398.7934868943606,1259,161
20,9,49.41296928327645,516.1851535836178,1172,158
20,6,26.802816901408452,605.7799295774648,1136,260
20,5,26.59323116219668,484.6226053639847,1566,0
20,73,393.79441997063145,733.8759177679882,1362,194
20,20,116.29661016949153,1028.452784503632,1652,174
20,39,217.87377690802347,194.2054794520548,1022,139
20,7,50.76291225886745,1312.1344119477287,1607,157
20,41,236.12192513368984,91.0909090909091,1870,144
20,40,222.32448824867325,1331.2964366944655,1319,142
20,71,386.9114671163575,696.6787521079258,1186,196
20,70,388.725740848344,656.3846600813481,1721,211
20,68,374.6346685082873,182.89848066298342,1448,191
20,67,358.14716981132074,957.6698113207547,1060,186
20,66,358.6908284023669,526.4667159763313,1352,185
20,65,357.5811320754717,24.204528301886793,1325,184
20,64,359.10664335664336,321.6888111888112,1716,190
20,63,353.37134146341464,131.87621951219512,1640,183
20,62,352.86206896551727,435.15780245470484,1711,210
20,61,345.2903225806452,684.238042269188,899,195
20,58,341.735807860262,1199.7809315866084,1374,214
20,57,342.6188436830835,633.4197002141327,1401,232
20,69,373.0421974522293,923.6544585987261,1256,188
20,55,318.1735275490817,95.02469917669411,1579,236
20,56,315.55907534246575,203.7080479452055,1168,237
20,44,250.13806706114397,320.23668639053255,1521,147
20,46,248.9465737514518,197.3437862950058,861,208
20,47,262.3434049970947,518.5142359093551,1721,220
20,48,265.5074496056091,1272.5311130587204,1141,216
20,45,250.26729559748426,1105.1603773584907,1272,213
20,50,281.3374536464771,75.69592088998763,1618,223
20,54,313.0119712689545,522.6887470071828,1253,238
20,53,315.10488676996425,929.904052443385,1678,228
20,49,273.63220439691025,958.0445632798574,1683,221
20,42,234.37031700288185,837.1902017291067,1388,143
20,52,306.0014958863126,994.7105459985041,1337,229
20,51,292.70650406504063,1089.7861788617886,1230,226
21,86,584.0091292134831,1204.9627808988764,1424,29
21,95,651.1208967173739,887.0752602081666,1249,20
21,94,640.2511013215859,622.8737151248165,1362,18
21,97,664.7840812870448,1005.5961049957663,1181,22
21,92,626.7703848662753,1016.8140900195694,1533,27
21,91,624.8280479210712,1095.5264270613109,1419,14
21,90,611.9348635235732,778.4354838709677,1612,12
21,89,600.9600870827286,705.4746008708273,1378,7
21,88,600.2616438356164,276.94794520547947,1460,3
21,96,657.5010298661174,1059.1632337796086,1942,21
21,93,632.5071989528795,237.81348167539267,1528,240
21,79,531.5265573770491,50.961311475409836,1525,46
21,84,567.414498141264,779.1384758364312,1076,54
21,83,569.5134575569358,1289.3105590062112,1449,53
21,82,555.0734114743985,461.81801357186924,1621,52
21,80,538.8017381857686,585.4057577403585,1841,48
21,78,504.78370625358576,1323.136546184739,1743,39
21,75,455.3315282791817,609.4572803850782,1662,32
21,74,446.96351490236384,826.7507708119219,1946,31
21,73,428.4071020925808,640.0323398858592,1577,182
21,71,423.58730158730157,1210.224292615597,1449,207
21,98,692.4652677279305,1030.2662807525326,1382,28
21,70,420.2155898876405,543.4066011235955,1424,204
21,85,583.7417012448133,1110.3215767634854,1928,2
21,99,694.9089783281734,1083.9708978328174,1615,26
21,117,837.9174017642341,146.00882117080994,1247,114
21,102,712.1956363636364,731.4741818181818,1375,91
21,68,409.4649390243902,99.84298780487805,1312,200
21,138,1016.7885040530582,1031.3927781871776,1357,276
21,137,1011.8718662952646,1095.6350974930363,1077,84
21,136,1005.2179902755267,1359.682333873582,1234,82
21,134,994.576409495549,180.04821958456972,1348,79
21,133,986.1415994130595,240.7916360968452,1363,259
21,132,980.3263825929283,147.20398912058025,1103,78
21,128,949.680926916221,1189.1021984551396,1683,72
21,126,936.4564831261101,1022.5210183540556,1689,69
21,125,931.5797898949475,687.3816908454227,1999,68
21,124,925.9965417867435,597.3515850144092,1735,66
21,101,711.3142340168878,690.2074788902291,1658,60
21,120,889.161783996502,641.8797551377351,2287,73
21,116,822.3952991452992,928.704594017094,1872,110
21,115,811.193445243805,785.5603517186252,1251,251
21,113,801.7454212454212,333.8058608058608,1092,271
21,112,801.2159722222223,420.42569444444445,1440,108
21,111,794.8045738045738,222.78932778932779,1443,106
21,110,793.5408637873754,1327.9986710963456,1505,105
21,109,781.7589670014347,500.8350071736011,1394,102
21,108,779.5357142857143,184.72420634920636,1512,101
21,107,765.8101374570447,395.0008591065292,1164,98
21,106,770.1054897739505,140.42787944025835,1858,100
21,105,750.5748930099858,1026.1768901569187,1402,97
21,118,857.4951117318436,89.56005586592178,1432,90
21,66,398.98477157360406,134.65059221658206,1182,198
21,59,357.66427931960607,958.218442256043,1117,186
21,64,397.20687984496124,1033.5741279069769,2064,209
21,32,207.3345428156749,231.4288824383164,1378,138
21,31,203.93030794165315,1115.5875202593193,1234,137
21,30,198.69603524229075,1192.1982378854625,1362,133
21,29,196.37213254035683,106.84536958368734,1177,131
21,28,195.56424936386767,833.5731552162849,1572,129
21,27,193.55286343612335,431.70851688693097,1362,132
21,26,180.54815351194787,199.62635771180305,1381,128
21,25,163.65161775771256,811.6410835214447,1329,124
21,24,160.4416081684748,119.46522016592215,1567,181
21,23,156.46609442060085,61.03948497854077,1165,123
21,22,156.02100350058342,232.9521586931155,1714,122
21,21,148.99104143337067,158.80179171332585,1786,134
21,19,131.17847336628228,479.0593080724876,1821,177
21,18,122.08215488215488,940.1070707070708,1485,175
21,16,99.71625502584722,525.8265364732912,1741,170
21,15,82.87476280834915,1011.2514231499051,1054,167
21,14,69.05238415043654,735.846877098724,1489,165
21,13,62.57483443708609,218.91655629139072,1510,162
21,12,56.50372023809524,399.36607142857144,1344,161
21,10,50.053892215568865,516.7108639863131,1169,158
21,8,50.19590204897551,1312.4357821089454,2001,157
21,65,394.3227002967359,734.2603857566766,1348,194
21,5,27.095576187875476,483.39322774440194,1831,0
21,33,217.568655643422,193.06038820992092,1391,139
21,34,217.95655375552283,526.0692194403534,1358,141
21,7,28.459343794579173,605.8544935805992,1402,260
21,36,235.31396172927003,837.4868887313962,1411,143
21,35,237.00347567030784,91.27308838133068,2014,144
21,62,389.16276477146044,654.9336677814939,1794,211
21,61,374.44381625441696,182.61484098939928,1415,191
21,60,372.9850411368736,923.5445026178011,1337,188
21,58,359.13280689160086,526.3560660445082,1393,185
21,57,358.09705248023005,24.430625449317038,1391,184
21,56,357.12215320910974,321.2085921325052,1932,190
21,55,353.5793025871766,131.72272215973004,1778,183
21,54,353.2557127312296,435.24918389553864,1838,210
21,51,343.1979166666667,1200.1708333333333,1440,214
21,49,342.9764868603043,633.082295988935,1446,232
21,63,386.4645390070922,696.1021276595744,1410,196
21,47,313.3270106221548,522.4635811836115,1318,238
21,48,315.7462450592885,204.15177865612648,1265,237
21,38,250.43305279265493,1104.930374904361,1307,213
21,39,250.49627791563276,197.92307692307693,806,208
21,40,261.13216715257533,517.8415937803693,2058,220
21,41,266.6072374227714,1268.2603706972639,1133,216
21,37,250.60643564356437,320.529702970297,1616,147
21,43,293.18317610062894,1090.2468553459119,1272,226
21,44,306.9063643013899,995.0343818580834,1367,229
21,45,315.14428152492667,930.6797653958944,1705,228
21,46,316.80749279538907,94.00979827089337,1735,236
21,42,273.82020547945206,958.105593607306,1752,221
22,81,583.6033755274261,1204.682841068917,1422,29
22,89,639.541815582559,622.867762687634,1399,18
22,88,632.0591966173362,232.83439041578578,1419,240
22,131,1015.0478292862399,1032.4797645327446,1359,276
22,87,625.7623169107857,1018.28362183755,1502,27
22,85,611.1151255358236,778.7746478873239,1633,12
22,84,601.3089195068891,705.9963741841915,1379,7
22,83,600.4858523119393,276.5348516218081,1449,3
22,90,650.608988764045,887.5790262172285,1335,20
22,70,446.42498745609635,827.2017059708982,1993,31
22,78,546.0710259301014,783.9650507328072,887,54
22,77,554.4289602612956,461.9972781709309,1837,52
22,75,538.8600439077936,585.582875960483,1822,48
22,74,530.8788282290279,50.770306258322236,1502,46
22,69,428.1838351822504,638.5430533544638,1893,182
22,68,423.6055858310627,1210.0885558583107,1468,207
22,67,419.63787145818935,543.1085003455426,1447,204
22,64,409.056338028169,99.85758998435055,1278,200
22,63,398.1483654652138,134.5155071248952,1193,198
22,91,657.1720487030175,1058.5749073583906,1889,21
22,79,568.7267759562842,1289.4832162373145,1281,53
22,92,663.4650379106993,1005.3369839932603,1187,22
22,110,822.2716400911162,929.3997722095672,1756,110
22,94,694.5239576851276,1083.9794648413192,1607,26
22,62,396.9597144314125,1033.7526772055073,1961,209
22,130,1011.7215302491103,1095.6316725978647,1124,84
22,127,996.4196301564723,180.11735419630156,1406,79
22,126,988.16323296355,237.24088748019017,1262,259
22,125,980.1276962899051,147.25970664365832,1159,78
22,122,949.5498812351544,1189.081947743468,1684,72
22,120,936.0811940298507,1021.3767164179104,1675,69
22,119,931.241360978203,687.4540138224348,1881,68
22,118,925.5644283121597,597.5142165759225,1653,66
22,112,857.2816500711237,89.62517780938833,1406,90
22,111,837.5854406130268,145.69501915708813,1305,114
22,108,810.5174553917766,785.4173778122575,1289,251
22,106,800.553508150248,420.4053862508859,1411,108
22,104,794.0684540787222,1326.1756988020536,1753,105
22,103,780.8443076923077,500.61107692307695,1625,102
22,102,778.9054054054054,185.6891891891892,1702,101
22,101,765.0161434977579,394.22780269058296,1115,98
22,100,769.4461538461538,140.58626373626373,1820,100
22,99,750.1844792375766,1025.9421375085092,1469,97
22,97,712.4425,686.9425,1600,60
22,96,710.8598351001178,730.1024734982332,1698,91
22,93,691.3975290697674,1029.8219476744187,1376,28
22,61,389.87171314741033,727.1768924302789,1255,194
22,39,248.95951859956236,197.32166301969366,914,208
22,59,371.97656840513986,927.880574452003,1323,188
22,29,196.3891248937978,107.3857264231096,1177,131
22,27,195.03253529772866,833.6936771025169,1629,129
22,26,192.05750350631135,432.2040673211781,1426,132
22,24,161.9339207048458,811.6057268722467,1362,124
22,23,159.96269633507853,118.22447643979058,1528,181
22,22,155.6779374471682,60.76838546069315,1183,123
22,21,156.45302843016069,232.35290482076638,1618,122
22,20,148.34328358208955,157.95632946379214,1809,134
22,18,130.50791916985253,479.04915346805024,1831,177
22,30,197.97393894266568,1192.1057334326135,1343,133
22,17,121.60664451827243,939.8538205980067,1505,175
22,14,91.74532710280374,352.77803738317755,856,171
22,13,81.97435897435898,1011.0294396961064,1053,167
22,12,52.52488687782805,604.3914027149322,442,277
22,11,61.63894663894664,218.5994455994456,1443,162
22,10,57.50386398763524,399.0571870170015,1294,161
22,8,49.14548494983278,516.1421404682275,1196,158
22,7,41.753346080305924,1138.9885277246653,523,155
22,5,26.326185101580137,482.3967268623025,1772,0
22,60,387.5703584804708,658.5275548421616,1869,211
22,15,99.12891986062718,526.4012775842044,1722,170
22,31,207.0199228791774,231.35539845758356,1556,138
22,6,27.219710669077756,605.3905967450271,1106,260
22,33,216.930174563591,190.1936824605154,1203,139
22,32,203.5414920368818,1115.1911148365466,1193,137
22,58,374.33399470899474,182.94179894179894,1512,191
22,56,357.4761904761905,24.38888888888889,1386,184
22,55,356.20313344138305,321.2658022690438,1851,190
22,54,353.1127562642369,434.78302961275625,1756,210
22,53,352.70741599073,131.8800695249131,1726,183
22,50,344.0279169649248,1200.3965640658555,1397,214
22,49,342.733286908078,632.4937325905292,1436,232
22,48,314.8078703703704,203.7476851851852,1296,237
22,47,312.6152091254753,522.4425855513308,1315,238
22,57,358.29610951008647,526.443083573487,1388,185
22,45,308.87456846950516,924.7376294591485,1738,228
22,46,316.35050325636473,94.3433984606276,1689,236
22,36,236.5185766614338,94.00156985871271,1911,144
22,37,249.83257328990229,320.3485342019544,1535,147
22,38,249.97927858787415,1104.8396009209516,1303,213
22,34,217.99637418419144,526.1435823060189,1379,141
22,41,264.7002067539628,1271.9745003445898,1451,216
22,42,273.475,958.1558139534884,1720,221
22,43,292.2548713951676,1090.0724863600935,1283,226
22,44,306.381667918858,995.0488354620586,1331,229
22,40,261.88750676041104,517.419686316928,1849,220
23,88,663.8340318524728,1004.8633696563286,1193,22
23,80,601.4255892255892,276.04242424242426,1485,3
23,86,639.4587482219061,622.9281650071124,1406,18
23,85,631.5997034840623,230.7605633802817,1349,240
23,84,625.4606221045665,1013.264725347452,1511,27
23,82,611.1580528846154,778.5751201923077,1664,12
23,81,602.1341048332199,705.3539823008849,1469,7
23,87,657.9245884227297,1059.2166755177907,1883,21
23,68,446.4770198355104,827.1446540880503,2067,31
23,76,568.9423676012461,1289.556074766355,1284,53
23,75,554.3804403481823,461.8955453149002,1953,52
23,72,530.8281559814938,50.83873099801718,1513,46
23,66,423.8103106411104,1210.2557832121613,1513,207
23,64,419.40248318675634,542.1132953957579,1933,204
23,63,408.81020255063765,100.7741935483871,1333,200
23,61,396.77749619868223,1033.7359351241764,1973,209
23,89,691.6868758915834,1029.7097004279601,1402,28
23,60,388.5556458164094,724.1510966693745,1231,194
23,78,583.6536039188244,1204.6515045486353,1429,29
23,90,694.3511282333517,1086.662080352229,1817,26
23,106,857.3838596491228,89.64561403508772,1425,90
23,93,711.7334581772784,684.730961298377,1602,60
23,59,387.308406395049,659.1830840639504,1939,211
23,124,1014.5270758122743,1033.1870036101084,1385,276
23,123,1011.8010563380282,1095.5237676056338,1136,84
23,120,997.5799438990182,179.57643758765778,1426,79
23,119,987.9139871382637,237.30466237942122,1244,259
23,118,979.8085106382979,147.14808510638298,1175,78
23,115,949.4023529411764,1189.1252941176472,1700,72
23,113,935.590705487122,1015.9048152295633,1786,69
23,92,710.740408570005,730.2526158445442,2007,91
23,112,931.2132196162047,687.3763326226012,1876,68
23,105,837.7220135236664,145.58827948910593,1331,114
23,104,822.3701188455009,929.3531409168081,1767,110
23,102,810.5415050426687,785.4422032583398,1289,251
23,99,793.4827213822895,1327.4611231101512,1852,105
23,98,779.2867324561404,186.07894736842104,1824,101
23,97,765.1817334575956,394.20130475302886,1073,98
23,96,769.3827027027027,140.5227027027027,1850,100
23,95,749.414504324684,1025.9221556886228,1503,97
23,111,925.5892316999395,597.2631578947369,1653,66
23,58,374.258064516129,929.7380952380952,1302,188
23,52,352.1712986356746,320.51591712986357,1979,190
23,56,358.69473684210527,526.599298245614,1425,185
23,29,196.6756077116513,106.7393126571668,1193,131
23,27,195.853672985782,835.127962085308,1688,129
23,26,191.8943033630748,432.3994509265614,1457,132
23,24,162.73333333333332,811.8765957446808,1410,124
23,23,159.9058671824629,118.03932946486138,1551,181
23,22,155.86170212765958,60.97954173486088,1222,123
23,21,156.5232198142415,232.05077399380804,1615,122
23,20,148.18858695652173,158.23641304347825,1840,134
23,30,197.97420781134855,1191.8909358879882,1357,133
23,17,121.30739549839228,939.6212218649517,1555,175
23,14,99.03682719546742,526.6651558073654,1765,170
23,13,81.92407407407407,1011.5157407407407,1080,167
23,12,52.82051282051282,604.3286713286714,429,277
23,11,60.85244802146211,218.84976525821597,1491,162
23,10,57.169035153328345,398.2139117427076,1337,161
23,57,374.3275641025641,182.86602564102563,1560,191
23,7,41.678916827853,1138.9845261121857,517,155
23,6,27.690036900369005,605.1134686346863,1084,260
23,15,92.07281553398059,352.58009708737865,824,171
23,31,207.23311416616855,231.02211595935447,1673,138
23,9,48.77462437395659,516.1811352253757,1198,158
23,33,215.39714285714285,185.81071428571428,1400,139
23,32,203.5766299745978,1115.0812870448772,1181,137
23,55,357.29616477272725,24.296875,1408,184
23,53,352.6549217002237,131.6476510067114,1788,183
23,49,343.8791519434629,1201.1696113074204,1415,214
23,48,314.5973741794311,203.61852662290298,1371,237
23,47,316.47723240685986,94.16439976345357,1691,236
23,46,312.5734214390602,521.9273127753304,1362,238
23,45,306.1687732342007,994.9933085501859,1345,229
23,44,305.6498881431767,922.9709172259508,1788,228
23,54,353.2190852625635,434.51835121400336,1771,210
23,42,273.47762928529926,958.137129575828,1721,221
23,41,264.90188679245284,1272.1396226415095,1590,216
23,40,261.6015625,517.53125,1920,220
23,39,248.79468085106382,196.65744680851063,940,208
23,38,249.71428571428572,1104.3328347045624,1337,213
23,37,249.42959117456198,320.0642439974043,1541,147
23,36,238.18243243243242,97.93711018711019,1924,144
23,43,292.12021439509954,1090.2251148545176,1306,226
23,34,217.6994342291372,526.3818953323904,1414,141
24,81,659.6089834515367,1060.6638297872341,2115,21
24,80,639.8209483368719,622.8343949044586,1413,18
24,79,630.6372881355932,236.61830508474577,1475,240
24,78,624.7711914641375,1010.2430349733254,1687,27
24,76,611.6459166190748,777.7612792689891,1751,12
24,74,601.8533510285336,275.15394824153947,1507,3
24,73,583.4122448979592,1205.1020408163265,1470,29
24,68,527.8492333901193,773.6107325383305,1174,54
24,71,569.7567741935484,1289.2148387096775,1550,53
24,70,554.4010223048327,461.7118959107807,2152,52
24,67,530.8138613861386,50.563696369636965,1515,46
24,63,423.71062992125985,1209.982283464567,1524,207
24,61,419.2244343891403,541.4493212669684,2210,204
24,82,663.2607040913416,1004.4224548049476,1051,22
24,59,396.6484962406015,1033.423872180451,2128,209
24,72,579.3677736777367,1112.188601886019,2439,2
24,83,691.9077441077441,1028.6060606060605,1485,28
24,103,925.6078212290503,596.8256983240224,1790,66
24,87,748.984496124031,1025.3682170542636,1548,97
24,58,387.55405405405406,721.6388888888889,1332,194
24,116,1016.8200589970502,1034.4672566371682,1695,276
24,115,1010.8091674462114,1095.8568755846586,1069,84
24,113,997.9817287420942,180.1293042867182,1423,79
24,111,984.4347202295552,242.32998565279772,1394,259
24,110,979.879802955665,147.6551724137931,1015,78
24,107,948.868125701459,1188.8490460157127,1782,72
24,85,709.3301320528211,685.3673469387755,1666,60
24,105,934.0049627791564,1013.6516129032258,2015,69
24,97,857.6528354080222,89.79875518672199,1446,90
24,96,837.7927241962775,145.60321489001691,1182,114
24,95,822.6047966631908,928.6840458811262,1918,110
24,93,808.8192239858906,331.1975308641975,1134,271
24,91,793.0060120240481,1327.3522044088177,1996,105
24,90,778.6327800829876,186.16338174273858,1928,101
24,88,769.4328602620087,140.125,1832,100
24,104,931.0696068012752,687.2938363443145,1882,68
24,57,376.76895306859205,932.5776173285199,1385,188
24,43,306.7247023809524,994.3162202380952,1344,229
24,55,359.24118476727784,527.0423131170663,1418,185
24,29,207.3767523364486,232.10221962616822,1712,138
24,28,197.1,107.05148514851486,1010,131
24,27,197.82560706401765,1191.9462840323768,1359,133
24,26,192.88172858225929,431.53601213040184,1319,132
24,25,196.2861788617886,835.7457994579946,1845,129
24,23,162.86836363636363,811.3061818181818,1375,124
24,22,160.60602480803308,116.6320141760189,1693,181
24,30,203.52,1116.108695652174,1150,137
24,21,155.86430423509074,60.84183232497839,1157,123
24,16,120.8712629652227,939.3312995729103,1639,175
24,15,99.45358532518065,526.16564758199,1799,170
24,14,81.2008547008547,1012.008547008547,1170,167
24,13,52.969298245614034,600.5131578947369,912,277
24,12,61.126173708920184,219.07335680751174,1704,162
24,9,49.04563106796117,516.3669902912621,1030,158
24,7,26.098928276999175,605.603462489695,1213,260
24,19,147.7671161825726,157.86566390041494,1928,134
24,32,216.70328282828282,189.53598484848484,1584,139
24,56,374.2931407942238,182.18916967509026,1385,191
24,34,238.00388538125304,99.56920835356969,2059,144
24,33,217.38734896943853,526.7860696517413,1407,141
24,54,357.6332335329341,24.740269461077844,1336,184
24,53,353.52648305084745,434.2981991525424,1888,210
24,52,352.6309584828293,131.4274730907227,1951,183
24,50,350.8160036166365,320.2933996383363,2212,190
24,48,344.1106166560712,1202.0203432930705,1573,214
24,45,316.431875,94.001875,1600,236
24,44,312.2320557491289,523.0362369337979,1435,238
24,46,314.6515937731653,203.81541882876203,1349,237
24,42,303.1551820728291,921.9305322128852,1785,228
24,41,292.9534184823441,1090.0045078888054,1331,226
24,40,273.0810810810811,957.8265765765766,1776,221
24,38,261.7367357251137,517.5593734209197,1979,220
24,37,250.1525198938992,196.9549071618037,754,208
24,36,249.90216579536968,1103.7199402539209,1339,213
24,35,249.6809462915601,320.41496163682865,1564,147
25,77,602.4024307900067,275.25725860904794,1481,3
25,82,639.742445054945,622.5240384615385,1456,18
25,81,631.5389266817838,230.23885109599397,1323,240
25,80,624.2701843610935,1010.6001271455817,1573,27
25,78,612.4439809296782,777.6299165673421,1678,12
25,83,660.3261414952333,1060.2277972905167,1993,21
25,75,578.9673024523161,1011.4809264305177,734,5
25,58,388.5854271356784,721.747906197655,1194,194
25,73,569.8327081770443,1288.4426106526632,1333,53
25,69,530.7847133757962,49.79872611464968,1570,46
25,64,423.9896574014221,1209.8021978021977,1547,207
25,63,419.5702867889046,541.5829807240244,2127,204
25,62,409.16691505216096,100.10432190760059,1342,200
25,59,397.0025037556334,1033.2153229844766,1997,209
25,84,663.2278911564625,1004.4090136054422,1176,22
25,57,377.3043137254902,933.0839215686275,1275,188
25,74,584.1044568245126,1204.325208913649,1436,29
25,85,692.1964529331515,1028.3710777626193,1466,28
25,96,822.4277238403452,928.7939590075513,1854,110
25,89,749.6092964824121,1025.1834170854272,1592,97
25,116,1017.1765472312703,1034.17003257329,1535,276
25,56,374.23186608803474,181.7706137631742,1613,191
25,113,998.6336565096952,179.8781163434903,1444,79
25,111,988.0308056872038,237.46761453396525,1266,259
25,110,980.4614107883817,146.91701244813277,1205,78
25,107,949.6071641791045,1188.9653731343283,1675,72
25,105,934.5563016528926,1012.8662190082645,1936,69
25,87,710.7777777777778,685.9740090968161,1539,60
25,104,931.5430809399478,686.7300261096606,1915,68
25,98,858.1194029850747,88.91926729986432,1474,90
25,97,838.1560650887574,144.85207100591717,1352,114
25,95,810.8308993082244,784.8547271329746,1301,251
25,93,793.7824487651077,1326.9022595901208,1903,105
25,92,779.3410064239829,185.68736616702355,1868,101
25,91,765.3550135501355,393.9747064137308,1107,98
25,90,769.8082788671024,139.93300653594773,1836,100
25,103,925.8990825688073,596.6100917431193,1744,66
25,115,1010.982126899017,1095.2949061662198,1119,84
25,54,357.7789046653144,23.8789722785666,1479,184
25,53,353.79910714285717,433.21205357142856,1792,210
25,27,196.78906714200832,1191.3701723113488,1683,133
25,26,196.56140350877192,836.1873231465761,1767,129
25,25,192.2604588394062,431.32928475033737,1482,132
25,23,163.28581267217632,811.6425619834711,1452,124
25,22,160.45134818288395,116.13071512309496,1706,181
25,21,156.12888551933284,60.25018953752843,1319,123
25,20,156.7080516287646,231.44068838352797,1627,122
25,29,198.1435810810811,105.52702702702703,1184,131
25,19,148.5889984431759,157.81837052413078,1927,134
25,15,99.41080797481636,526.0356768100735,1906,170
25,14,81.665770609319,1011.5017921146954,1116,167
25,13,53.564981949458485,602.1823104693141,554,277
25,12,60.940089228808155,218.4028043339707,1569,162
25,11,56.8032904148784,397.40701001430614,1398,161
25,8,49.342254663422544,515.6528791565288,1233,158
25,55,359.2102122015915,526.2294429708223,1508,185
25,16,121.46712586098936,938.96180338134,1597,175
25,30,207.74321266968326,231.2143665158371,1768,138
25,7,27.933395872420263,604.4746716697936,1066,260
25,32,216.33280632411066,187.34466403162057,1265,139
25,52,351.978640776699,320.4815533980582,2060,190
25,51,353.251233958539,130.63376110562686,2026,183
25,48,345.32545454545453,1205.3127272727272,1650,214
25,47,314.8232789212207,203.09936124911286,1409,237
25,31,203.98425849212924,1114.9560894780448,1207,137
25,45,312.75714285714287,522.7655844155844,1540,238
25,44,306.49122807017545,993.8918128654971,1368,229
25,43,302.42081189251,921.42081189251,1749,228
25,46,316.3548766157462,93.44535840188014,1702,236
25,41,273.718931475029,957.4686411149826,1722,221
25,39,261.3892185954501,517.1844708209693,2022,220
25,38,249.61144578313252,195.33232931726909,996,208
25,37,250.22304283604137,1103.5649926144756,1354,213
25,36,249.84996738421395,319.7658186562296,1533,147
25,35,240.55432984004412,106.3596249310535,1813,144
25,33,217.63104838709677,525.9435483870968,1488,141
25,42,292.9311377245509,1090.0583832335328,1336,226
26,80,663.5532859680284,1003.835701598579,1126,22
26,79,660.958617332035,1061.008276533593,2054,21
26,78,640.4650847457627,622.3972881355933,1475,18
26,77,631.7081513828239,232.47161572052403,1374,240
26,76,624.2289890377589,1010.0621193666261,1642,27
26,74,612.8150965476887,777.4347571679344,1709,12
26,73,602.4562663185378,275.8453002610966,1532,3
26,57,389.11601307189545,722.1397058823529,1224,194
26,70,571.2546712802769,1288.0892733564015,1445,53
26,67,531.7800729040097,49.52490886998785,1646,46
26,62,424.8011620400258,1209.5907036797935,1549,207
26,61,419.91670339356546,541.3234905244601,2269,204
26,60,409.80996168582374,99.86513409961685,1305,200
26,58,397.49368932038834,1033.1228155339807,2060,209
26,81,692.3465608465608,1027.9424603174602,1512,28
26,71,584.1603348358017,1202.4681262073407,1553,29
26,83,710.8572377158034,686.2941567065074,1506,60
26,94,838.2848794740687,145.03433162892622,1369,114
26,86,770.284188034188,139.54113247863248,1872,100
26,56,377.8580152671756,933.2129770992367,1310,188
26,111,998.8267293485561,179.5903290799194,1489,79
26,109,986.0050724637681,240.54565217391306,1380,259
26,108,980.6098615916954,147.01384083044982,1156,78
26,105,949.9924593967518,1188.550464037123,1724,72
26,103,934.6556487419832,1012.4558460779477,2027,69
26,102,931.9509453244763,686.6632600919775,1957,68
26,101,926.1485411140584,596.1251989389921,1885,66
26,95,858.8042049934297,89.18791064388962,1522,90
26,93,823.0509885535901,928.3574401664932,1922,110
26,92,810.9795918367347,334.859291084855,931,271
26,113,1011.5622710622711,1095.2252747252746,1092,84
26,91,811.4645418326693,784.5593625498008,1255,251
26,88,779.9994897959184,185.39234693877552,1960,101
26,87,765.9112833763996,394.297157622739,1161,98
26,85,749.8733944954129,1024.9412844036697,1635,97
26,55,374.5219298245614,181.2374686716792,1596,191
26,22,162.5331168831169,115.61428571428571,1540,181
26,53,358.51558441558444,23.7025974025974,1540,184
26,27,196.78297425118234,1191.3184445612192,1903,133
26,26,197.12030484485575,835.6265650517148,1837,129
26,25,192.8733564013841,429.90519031141866,1445,132
26,23,163.63485477178423,811.298755186722,1446,124
26,21,156.91420118343194,60.68491124260355,1352,123
26,20,156.96133254015467,231.26591314693636,1681,122
26,19,148.8255,155.8835,2000,134
26,16,121.90640096618357,939.018115942029,1656,175
26,15,100.16632548618219,525.4114636642784,1954,170
26,14,81.94439617723718,1011.5673327541268,1151,167
26,13,54.35964912280702,599.9573934837093,798,277
26,12,61.160756501182036,218.1465721040189,1692,162
26,11,55.9009900990099,397.83168316831683,1414,161
26,9,50.374468085106386,516.0263829787234,1175,158
26,7,27.871615720524016,605.7170305676856,1145,260
26,29,208.2091891891892,231.54054054054055,1850,138
26,30,204.51654560129137,1115.2994350282486,1239,137
26,54,359.95997458703937,526.1092757306226,1574,185
26,33,218.09417344173443,526.5928184281843,1476,141
26,32,216.34141671984685,187.8283343969368,1567,139
26,51,353.86773255813955,130.14486434108528,2064,183
26,49,352.0432382704692,319.8348666053358,2174,190
26,47,315.61014593467684,203.10215427380126,1439,237
26,46,313.0039551746869,524.8246539222149,1517,238
26,45,316.7984723854289,93.31727379553466,1702,236
26,44,307.49163636363636,993.6334545454546,1375,229
26,52,354.12659574468086,433.7898936170213,1880,210
26,42,293.7073715562174,1090.5487714072972,1343,226
26,41,274.1382252559727,957.3282138794084,1758,221
26,39,261.5761926817971,516.8573413617415,2159,220
26,38,251.49662921348315,195.52696629213483,890,208
26,37,250.58449158741772,1103.7249451353327,1367,213
26,36,250.47088607594938,319.89683544303796,1580,147
26,43,303.7765460910152,921.4649941656943,1714,228
26,35,237.46315120711563,110.29923761118171,1574,144
27,79,663.1636363636363,1003.3527272727273,1100,22
27,78,660.8239538239538,1061.5512265512266,2079,21
27,77,640.5202879581152,622.4057591623036,1528,18
27,76,631.4898843930636,233.15462427745663,1384,240
27,75,623.6747211895911,1014.6654275092936,1614,27
27,73,612.2603211009174,777.6336009174312,1744,12
27,63,425.01134930643127,1209.9564943253467,1586,207
27,70,571.8267663043479,1288.015625,1472,53
27,61,409.82408131352616,100.18999218139172,1279,200
27,58,389.25827280064567,722.2962066182405,1239,194
27,57,377.50676691729325,933.5691729323308,1330,188
27,56,374.50798525798524,181.1271498771499,1628,191
27,80,692.1028938906752,1027.9826366559485,1555,28
27,72,602.0393959290873,276.21799080761656,1523,3
27,82,710.7395973154362,686.8778523489933,1490,60
27,93,859.0358056265985,89.50383631713555,1564,90
27,85,770.5141938939475,139.58971612212105,1867,100
27,112,1017.2462871287129,1034.2704207920792,1616,276
27,111,1011.222641509434,1095.079245283019,1060,84
27,109,998.2131578947368,180.2671052631579,1520,79
27,107,985.7536433032616,241.52255378209577,1441,259
27,106,980.6675347222222,146.91579861111111,1152,78
27,103,949.9696449026346,1188.676403207331,1746,72
27,84,749.8322655794991,1025.0139778683752,1717,97
27,100,932.0304414003044,686.8914256722476,1971,68
27,55,359.7883116883117,526.3019480519481,1540,185
27,92,838.3782608695652,145.2891304347826,1380,114
27,91,810.4901185770751,334.67786561264825,1012,271
27,90,811.6318770226537,784.5291262135922,1236,251
27,87,780.6433497536946,185.46896551724137,2030,101
27,86,766.0379965457686,394.1960276338515,1158,98
27,99,926.0208008320333,596.1045241809672,1923,66
27,54,358.5808729139923,24.21630295250321,1558,184
27,67,532.0988664987406,49.990554156171285,1588,46
27,52,354.0717017208413,130.36998087954112,2092,183
27,53,354.71577303487766,433.6538261322228,1921,210
27,7,28.41768826619965,607.2933450087565,1142,260
27,9,50.295180722891565,516.2977624784854,1162,158
27,12,61.15551743853631,218.82961692395654,1749,162
27,13,55.06949352179034,600.4687868080094,849,277
27,14,81.69118905047048,1011.9538066723695,1169,167
27,15,100.29681274900399,525.5846613545817,2008,170
27,17,122.06149253731343,939.1880597014925,1675,175
27,21,149.2157324540744,155.55581723975507,2123,134
27,23,157.4122359796067,60.80772032046613,1373,123
27,25,163.6991643454039,811.4700557103064,1436,124
27,27,197.20245071923281,836.2839637719766,1877,129
27,28,196.81970443349755,1191.5413793103448,2030,133
27,29,193.31600831600832,430.47401247401245,1443,132
27,31,208.2196261682243,231.96365524402907,1926,138
27,22,157.18997050147493,231.39351032448377,1695,122
27,33,216.50435323383084,187.70833333333334,1608,139
27,32,204.39080459770116,1115.981116584565,1218,137
27,48,315.7404426559356,203.30181086519116,1491,237
27,47,317.18831168831167,93.49881936245572,1694,236
27,46,312.5414438502674,524.5922459893048,1496,238
27,45,307.7916666666667,993.7408192090395,1416,229
27,44,303.5804962492787,921.7916907097518,1733,228
27,43,293.6401766004415,1090.3119941133186,1359,226
27,50,352.5226039783002,318.34448462929475,2212,190
27,40,261.5497237569061,516.9567219152855,2172,220
27,39,251.1549132947977,197.33641618497109,865,208
27,38,250.68409586056646,1103.4771241830065,1377,213
27,37,250.3178099433606,320.5921963499056,1589,147
27,36,238.80205655526993,114.12982005141389,1556,144
27,34,218.21433400946586,527.6085192697768,1479,141
27,42,274.04839617332584,957.7405740011255,1777,221
28,75,638.915611814346,622.9789029535865,1659,18
28,74,630.8838951310861,231.86591760299626,1335,240
28,73,622.4667081518357,1013.7280647168637,1607,27
28,71,611.2727272727273,778.1418645049218,1727,12
28,70,601.6224286662243,276.26476443264767,1507,3
28,66,570.2029090909091,1287.968,1375,53
28,54,388.35702614379085,722.4583333333334,1224,194
28,59,423.8517603458925,1210.285361334157,1619,207
28,57,408.93476649369904,100.80059303187547,1349,200
28,53,377.02421875,934.48984375,1280,188
28,52,373.61346915676285,181.80928126768535,1767,191
28,50,359.5678184631253,526.4151624548737,1939,185
28,76,660.0572127139365,1061.9339853300733,2045,21
28,63,531.1117353308365,50.06741573033708,1602,46
28,77,663.0744680851063,1004.4955673758865,1128,22
28,49,357.6575,23.805625,1600,184
28,80,709.4430122116689,686.9002713704206,1474,60
28,82,749.2599771949829,1025.723489167617,1754,97
28,83,769.5630752571738,139.93286410395237,1847,100
28,84,765.2978902953587,394.2978902953586,1185,98
28,85,779.5480532281912,185.65845243962542,2029,101
28,88,810.9318715740015,785.0015661707126,1277,251
28,90,837.7062986553433,145.21726822363766,1413,114
28,91,858.2891644908616,89.72650130548303,1532,90
28,97,925.0150181253236,596.3935784567582,1931,66
28,98,931.1402345741968,687.0229474757776,1961,68
28,101,949.4387633769322,1189.5624256837098,1682,72
28,103,979.8783783783783,147.24577702702703,1184,78
28,104,987.1087613293051,239.04682779456192,1324,259
28,106,997.6502331778814,180.87541638907396,1501,79
28,78,691.8576051779935,1028.8135922330098,1545,28
28,108,1011.0305555555556,1095.025925925926,1080,84
28,48,353.8721052631579,433.95526315789476,1900,210
28,44,315.0861736334405,203.58263665594856,1555,237
28,47,353.42549019607844,130.3514705882353,2040,183
28,6,27.770944741532976,608.0133689839572,1122,260
28,8,49.29056291390729,516.1970198675497,1208,158
28,10,55.75991649269311,398.13361169102296,1437,161
28,11,59.75495915985998,219.30571761960326,1714,162
28,12,54.43882978723404,601.8590425531914,752,277
28,13,80.40885860306643,1012.3117546848382,1174,167
28,14,98.58394160583941,527.0735541830433,1781,170
28,15,121.21595680863827,939.2657468506299,1667,175
28,19,156.65451285116558,231.64913329348477,1673,122
28,20,156.32858161083394,60.997861724875264,1403,123
28,22,163.07997311827958,811.9495967741935,1488,124
28,24,195.75890279114535,1191.6838306063523,2078,133
28,25,192.18088033012378,430.6774415405777,1454,132
28,18,148.83579952267303,154.0057279236277,2095,134
28,27,207.43144329896907,232.33659793814434,1940,138
28,43,316.3988372093023,93.89011627906977,1720,236
28,26,196.81627155172413,836.9477370689655,1856,129
28,41,306.7168384879725,994.1292096219931,1455,229
28,40,302.90887713109936,921.9782480893592,1701,228
28,39,292.35632183908046,1090.7686781609195,1392,226
28,38,273.3112620260328,957.6474250141483,1767,221
28,36,261.0646976090014,517.2508204406938,2133,220
28,42,311.99405548216646,523.9795244385733,1514,238
28,34,249.93713545042127,320.32663642255346,1543,147
28,33,237.9060579455663,110.37137840210711,1139,144
28,31,217.57521537442014,527.6626905235255,1509,141
28,30,218.05381165919283,188.304932735426,1561,139
28,29,203.91883116883116,1115.411525974026,1232,137
28,35,249.70758122743683,1103.6758122743681,1385,213
29,76,661.8823031329382,1003.0177815410669,1181,22
29,75,661.2299437915176,1063.0705160960654,1957,21
29,74,638.7075791855203,623.1555429864253,1768,18
29,72,622.8948043617704,1010.4842847979475,1559,27
29,70,606.8003472222222,780.8859953703703,1728,12
29,66,569.6888193901485,1287.1368256450353,1279,53
29,67,583.6787122207621,1202.1727989487517,1522,29
29,60,423.0176721511274,1210.1072516758074,1641,207
29,59,419.3377718597426,541.9320905459388,2253,204
29,58,409.2406130268199,100.92183908045978,1305,200
29,77,690.4823529411765,1028.3339869281047,1530,28
29,69,600.098916967509,278.97761732851984,1385,3
29,79,708.5805574439157,687.7403127124405,1471,60
29,103,1010.7097078228087,1095.0263901979265,1061,84
29,82,769.4954751131222,140.05882352941177,1768,100
29,83,764.9442022667829,394.02353966870095,1147,98
29,84,779.5613943808532,185.8381893860562,1922,101
29,87,810.6847911741529,784.5957446808511,1269,251
29,88,837.6840277777778,144.60763888888889,1440,114
29,89,856.4303797468355,89.14723517654896,1501,90
29,92,924.8071120689655,596.2882543103449,1856,66
29,93,931.2329209252287,686.9257665411511,1859,68
29,96,950.2077611940299,1188.8483582089552,1675,72
29,98,979.9835931091059,146.96308449548812,1219,78
29,100,988.4700460829494,236.59447004608296,1302,259
29,102,997.4592790387183,180.5781041388518,1498,79
29,55,391.16626698641085,728.0319744204636,1251,194
29,81,749.4368008948546,1025.6565995525727,1788,97
29,54,373.2661224489796,932.9477551020408,1225,188
29,63,530.4576599870718,49.53070458952812,1547,46
29,51,356.4642857142857,23.547843665768195,1484,184
29,53,373.6338108882521,182.57134670487105,1745,191
29,8,47.671352074966535,1318.2376171352075,1494,157
29,9,41.640232108317214,1138.6943907156674,517,155
29,12,56.76077265973254,399.8551263001486,1346,161
29,16,80.2797619047619,1012.3707482993198,1176,167
29,17,99.03440860215053,526.1177419354839,1860,170
29,18,122.02565632458234,940.2649164677804,1676,175
29,25,163.27665317139002,811.950742240216,1482,124
29,27,195.76911976911978,1192.7845117845118,2079,133
29,28,196.72801747678864,837.2490442381212,1831,129
29,31,203.31882845188284,1114.8937238493725,1195,137
29,32,216.75031685678073,527.2782002534855,1578,141
29,33,224.50455580865605,205.47665148063783,1756,139
29,13,59.97581120943953,224.47020648967552,1695,162
29,36,248.5215053763441,320.63978494623655,1488,147
29,50,358.9172857850421,526.7909856364537,2019,185
29,35,236.245,128.00416666666666,1200,144
29,49,352.83025027203485,434.62568008705114,1838,210
29,46,316.9435582822086,93.60674846625767,1630,236
29,45,314.48165443629085,203.15877251501,1499,237
29,44,311.90547588005217,526.9406779661017,1534,238
29,48,353.90786179268906,130.97396094141212,1997,183
29,42,306.88480565371026,995.208480565371,1415,229
29,41,291.7202692595363,1089.5624532535528,1337,226
29,40,273.4119760479042,956.9005988023952,1670,221
29,38,260.9662261380323,517.4278022515908,2043,220
29,37,249.4452501812908,1103.8107324147934,1379,213
29,43,307.4447159437996,924.0195479535736,1637,228
30,51,392.2354388843314,728.1287940935193,1219,194
30,72,662.3114893617021,1003.5770212765957,1175,22
30,54,409.5027365129007,100.556684910086,1279,200
30,56,421.7437379576108,1210.4983943481054,1557,207
30,60,530.8944860449285,50.34581347855684,1469,46
30,63,568.5478961504028,1286.6436884512086,1117,53
30,66,598.8319559228651,281.40495867768595,1089,3
30,68,622.5139296187683,1009.3262463343109,1364,27
30,73,690.695285010556,1029.0401125967628,1421,28
30,89,925.8957597173145,597.2267373380448,1698,66
30,79,764.9196113074205,394.1095406360424,1132,98
30,80,779.4182746878547,185.46594778660614,1762,101
30,82,810.6296887470072,784.5275339185954,1253,251
30,85,856.4740843123705,89.217000691085,1447,90
30,90,931.4915349887133,686.9147855530474,1772,68
30,93,950.8269961977186,1188.098225602028,1578,72
30,95,980.1811023622047,147.18372703412072,1143,78
30,50,373.3739295908658,931.4129400570885,1051,188
30,75,708.0089285714286,687.6793154761905,1344,60
30,49,373.98172169811323,182.90801886792454,1696,191
30,28,199.669099756691,106.93917274939173,1233,131
30,45,354.80470459518597,131.07056892778994,1828,183
30,7,41.517367458866545,1138.3235831809873,547,155
30,9,57.979843953185956,222.6443433029909,1538,162
30,11,81.31007751937985,1011.4728682170543,1161,167
30,13,99.3298319327731,526.8707983193277,1904,170
30,22,163.64520743919886,811.683834048641,1398,124
30,29,216.97987012987014,527.8811688311688,1540,141
30,30,227.0242774566474,211.1578034682081,1730,139
30,46,356.2947443181818,23.691761363636363,1408,184
30,32,248.7283950617284,320.616598079561,1458,147
30,34,260.3929539295393,517.169647696477,1845,220
30,37,292.3523076923077,1089.4492307692308,1300,226
30,38,306.767976278725,994.9688658265381,1349,229
30,39,308.5774946921444,920.343949044586,1413,228
30,40,311.54658385093165,527.1697722567288,1449,238
30,41,314.71496598639453,203.17278911564625,1470,237
30,42,317.62459546925567,94.68349514563107,1545,236
30,44,352.89494605337876,435.04372515616126,1761,210
30,33,250.22409992652462,1103.288758265981,1361,213
30,99,997.557719054242,180.5048678720445,1438,79
