track_id,offset,mean_intensity,F_norm
0,-5,1904.571129707113,1.0
0,-4,1739.0643340857787,0.9131002286867669
0,-3,1905.6461693548388,1.0005644523488557
0,-2,1696.935982339956,0.8909806285895516
0,-1,1808.3592039800994,0.9494836794350605
0,0,1652.1951219512196,0.8674893240691388
0,1,332.5720620842572,0.17461782177460627
0,2,332.2849223946785,0.17446705833757842
0,3,627.5332594235033,0.3294879616914103
0,4,388.0509977827051,0.20374718052267232
0,5,295.5144124168514,0.155160606924823
2,-5,3319.076601671309,1.0
2,-4,2820.3595769682724,0.8497422372078097
2,-3,2698.059880239521,0.8128947306853125
2,-2,2463.227949599084,0.7421425430069116
2,-1,2351.5413271245634,0.708492634951677
2,0,2539.588669950739,0.7651491588569961
2,1,119.01231527093596,0.03585705590856437
2,2,103.79064039408867,0.031270938532068006
2,3,105.08990147783251,0.031662391107489016
2,4,105.43596059113301,0.03176665477923622
2,5,106.76970443349754,0.032168496617322434
3,-5,2484.4199623352165,1.0
3,-4,2176.9842154131848,0.8762545175200335
3,-3,2045.0603528319405,0.823154049571272
3,-2,1785.2789373814041,0.7185898376469899
3,-1,1999.1243386243386,0.8046644162145892
3,0,1856.1594936708861,0.7471198596899855
3,1,69.95611814345992,0.028157927888208183
3,2,69.884388185654,0.02812905597488702
3,3,84.4,0.03397171222238478
3,4,76.43628691983122,0.030766250504598813
3,5,79.0506329113924,0.03181854682776305
4,-5,2313.2,1.0
4,-4,2198.450913242009,0.9503937892279133
4,-3,2004.7835400225479,0.8666710790344752
4,-2,1829.4770240700218,0.7908857963297691
4,-1,1070.8430540827148,0.46292713733473756
4,0,984.4938862307283,0.4255982561951964
4,1,450.2089314194577,0.19462602949137894
4,2,317.4763423710792,0.13724552238071902
4,3,218.85380116959064,0.0946108426290812
4,4,212.96810207336523,0.09206644564817795
4,5,174.00106326422116,0.07522093345332058
5,-5,2908.2727272727275,1.0
5,-4,2631.7949666913396,0.9049340324967876
5,-3,2418.1451851851853,0.8314712586989165
5,-2,3257.3492741246796,1.120028821086289
5,-1,1991.2191780821918,0.68467415707243
5,0,1846.5687679083094,0.6349365898843863
5,1,434.6683381088825,0.14945927664648517
5,2,133.21131805157594,0.045804273032019484
5,3,113.92836676217765,0.03917389373211072
5,4,140.27865329512895,0.04823435298197675
5,5,107.82521489971347,0.03707534506257535
6,-5,3107.165568369028,1.0
6,-4,3532.950698438784,1.1370332931094025
6,-3,3221.0717196414016,1.0366591830290408
6,-2,3025.7663476874004,0.973802741150883
6,-1,3366.213153724247,1.0833710272771835
6,0,2589.813031161473,0.8334969521823337
6,1,420.2275731822474,0.13524466718483485
6,2,372.97639282341834,0.12003750190215842
6,3,289.10198300283287,0.09304363627928088
6,4,293.12559017941453,0.09433858084790703
6,5,250.33899905571295,0.08056828435670313
7,-5,2793.4148936170213,1.0
7,-4,2662.204968944099,0.9530288447402718
7,-3,2437.481184454041,0.8725811514872738
7,-2,2330.1660026560426,0.8341639503607191
7,-1,2443.6975342465753,0.8748065100642395
7,0,2396.917462099944,0.8580599564987365
7,1,104.88826501965188,0.03754840187160258
7,2,93.90735541830432,0.03361740342721144
7,3,96.53003930376192,0.03455628432580278
7,4,91.17967434025829,0.03264093513233737
7,5,83.34868051656373,0.02983755857642781
8,-5,3221.778054862843,1.0
8,-4,3673.5779591836736,1.1402330938467033
8,-3,3210.7565359477126,0.9965790570525195
8,-2,3513.740157480315,1.0906214201120386
8,-1,2888.401116427432,0.8965239278564757
8,0,2192.3647260273974,0.6804828540930422
8,1,1511.1960616438357,0.4690565383183014
8,2,573.7208904109589,0.17807585769137757
8,3,440.7679794520548,0.13680892102011016
8,4,347.2816780821918,0.107791931091596
8,5,328.347602739726,0.1019150286420659
9,-5,1923.94783377542,1.0
9,-4,1763.5282685512368,0.9166195868682224
9,-3,,
9,-2,1353.8532338308457,0.7036850012581367
9,-1,1082.4700222057736,0.5626296114700836
9,0,897.0075136612022,0.46623276261133223
9,1,114.63592896174863,0.05958369917795284
9,2,113.74180327868852,0.059118964288906735
9,3,58.3292349726776,0.030317472204127494
9,4,70.86748633879782,0.03683441156496039
9,5,62.111338797814206,0.0322832759326594
10,-5,2303.65221402214,1.0
10,-4,2176.080305927342,0.9446218889647151
10,-3,2035.225937183384,0.8834779507058976
10,-2,2458.9474775397375,1.0674126339784835
10,-1,2123.74432576769,0.9219031904384848
10,0,1360.2167011732229,0.5904609614653187
10,1,992.008281573499,0.4306241521768029
10,2,131.35610766045548,0.05702080672633731
10,3,167.24430641821945,0.07259963348643395
10,4,83.56176673567978,0.036273603379471185
10,5,79.08833678398896,0.034331717393183234
11,-5,2041.7936802973977,1.0
11,-4,1877.2164948453608,0.919395780758776
11,-3,2503.2504587155963,1.2260055865933452
11,-2,2185.1495405179617,1.0702107473462663
11,-1,1375.127935222672,0.6734901515722086
11,0,1057.1098265895953,0.5177358695887538
11,1,76.37066473988439,0.037403712959264625
11,2,120.5592485549133,0.05904575458248711
11,3,69.11921965317919,0.033852205695490065
11,4,68.25722543352602,0.033430030708873584
11,5,70.91835260115607,0.034733358852803604
12,-5,2124.674959871589,1.0
12,-4,1894.0506042296072,0.8914542883039764
12,-3,1737.719855595668,0.817875622584968
12,-2,2093.735232800556,0.9854379010176205
12,-1,1934.0722145804677,0.9102908685370674
12,0,1704.2501663339988,0.8021227710223497
12,1,62.673985362608114,0.029498152209783655
12,2,67.1410512308716,0.031600622447646984
12,3,63.478376580172984,0.029876747163250554
12,4,64.20359281437126,0.030218077601032955
12,5,63.327345309381236,0.02980566275097844
13,-5,2173.4039900249377,1.0
13,-4,2304.299035369775,1.0602258236138304
13,-3,1965.8816425120774,0.9045173614913262
13,-2,1862.9991889699918,0.8571803482097297
13,-1,1725.4155629139073,0.7938770568347534
13,0,1695.2379421221865,0.7799920999053357
13,1,84.5072347266881,0.03888243286316892
13,2,85.08922829581994,0.03915021260950369
13,3,89.19292604501608,0.041038355710386214
13,4,69.42765273311898,0.031944200457790804
13,5,78.78215434083602,0.03624827906013556
14,-5,1680.5465196416264,1.0
14,-4,1413.4307692307693,0.8410542360542218
14,-3,1323.371983914209,0.7874652492192932
14,-2,1231.3482335976928,0.7327070207257789
14,-1,1431.1918367346939,0.8516228619722428
14,0,1201.2738927738928,0.7148114489743862
14,1,179.6981351981352,0.1069283909120561
14,2,162.0874125874126,0.09644922689910271
14,3,179.17540792540794,0.10661734491206872
14,4,333.2371794871795,0.19829095808561237
14,5,167.42773892773891,0.09962695883208433
15,-5,3186.330181245075,1.0
15,-4,2632.8631415241057,0.8262995332440095
15,-3,2459.7064291247093,0.7719559145510672
15,-2,2372.2715930902114,0.7445153069991114
15,-1,2173.5667396061267,0.682153642582262
15,0,1574.0376623376624,0.4939970350852337
15,1,389.92727272727274,0.12237503665577641
15,2,274.8525974025974,0.0862599234129582
15,3,165.3038961038961,0.0518790855627218
15,4,300.40714285714284,0.0942799790885944
15,5,202.93896103896103,0.0636904995701549
16,-5,2248.0080645161293,1.0
16,-4,2841.146380270485,1.2638506174051585
16,-3,2568.7236533957844,1.1426665650991281
16,-2,2311.4170616113743,1.0282067480522554
16,-1,2103.6568093385213,0.9357870385537612
16,0,1938.5350523771153,0.8623345631966733
16,1,85.37711522965351,0.03797900753884993
16,2,66.16599516518936,0.029433166281559228
16,3,67.89202256244964,0.030200969308828082
16,4,59.73005640612409,0.026570214470729953
16,5,61.573730862207896,0.02739035141115532
17,-5,3040.7982740021575,1.0
17,-4,2935.5739514348784,0.9653958227130971
17,-3,3981.700255102041,1.3094259784163558
17,-2,3066.751012145749,1.0085348437499058
17,-1,2749.7402985074627,0.9042823794057151
17,0,2550.6881720430106,0.8388218955037465
17,1,214.97751710654936,0.0706977239971943
17,2,364.822091886608,0.11997576261658624
17,3,234.25122189638319,0.0770360940740974
17,4,72.58162267839687,0.02386926594208708
17,5,69.03519061583577,0.022702982702293782
18,-5,2412.3346581875994,1.0
18,-4,2134.270420301348,0.884732312350409
18,-3,2012.7513768686074,0.8343582719906694
18,-2,1953.7876712328766,0.8099156825532525
18,-1,2435.4338905775076,1.0095754676124675
18,0,1385.8081911262798,0.5744676371592013
18,1,1070.9651877133106,0.44395382045289383
18,2,899.7952218430034,0.3729976762507009
18,3,198.99795221843004,0.08249185142825015
18,4,223.68737201365187,0.09272650925709845
18,5,125.67576791808874,0.05209715305939751
19,-5,2236.1969839773797,1.0
19,-4,2326.497169811321,1.0403811410537411
19,-3,1281.833468724614,0.5732202833243695
19,-2,,
19,-1,,
19,0,1021.1395348837209,0.45664113769954456
19,1,867.575415282392,0.3879691375575024
19,2,709.8551495016611,0.3174385595669159
19,3,630.5388704318937,0.2819692875671421
19,4,567.0126245847176,0.25356112571809697
19,5,782.1521594684385,0.3497689000891481
20,-5,3061.59576427256,1.0
20,-4,3198.5092674315974,1.0447196539650192
20,-3,2889.8568824065633,0.9439054352406311
20,-2,2746.7056030389363,0.8971483548193234
20,-1,2693.283628779979,0.879699292835907
20,0,2658.951993490643,0.8684856519986773
20,1,455.8519121236778,0.14889356636929793
20,2,282.29048006509356,0.0922037074127473
20,3,280.7225386493084,0.09169157532983735
20,4,297.54515866558177,0.09718629811871293
20,5,454.39625711960946,0.14841811006606706
22,-5,1930.7290533188248,1.0
22,-4,1704.4692144373673,0.8828111906781906
22,-3,1848.9730010384217,0.957655346751079
22,-2,1591.9078014184397,0.8245112377016502
22,-1,1475.3929292929292,0.76416363381325
22,0,1389.4653567735263,0.719658387273505
22,1,83.83247156153051,0.04342011190924318
22,2,76.52016546018615,0.03963278292655921
22,3,73.58014477766288,0.038110031364153536
22,4,67.23888314374354,0.034825644244677066
22,5,74.61116856256463,0.038644038858954254
23,-5,2741.903867403315,1.0
23,-4,2829.573055028463,1.0319738371090939
23,-3,2496.7899441340783,0.9106044795431254
23,-2,2427.535671100363,0.8853467475500261
23,-1,2205.9934640522874,0.804548069783878
23,0,2647.625649913345,0.9656157830291641
23,1,261.3067590987868,0.09530121103270263
23,2,207.35615251299828,0.07562488057226174
23,3,203.39601386481803,0.07418057805850124
23,4,205.2209705372617,0.07484615816659305
23,5,291.6646447140381,0.10637303815842945
24,-5,1789.314191419142,1.0
24,-4,1653.9056347589953,0.9243237675588146
24,-3,1747.6209150326797,0.9766987393346529
24,-2,1829.6354556803994,1.0225344796652387
24,-1,1719.5210824417873,0.9609944920170782
24,0,1914.5843113032736,1.0700101304091134
24,1,63.97405806053119,0.035753395556423796
24,2,64.75169857936999,0.03618799811117246
24,3,64.75602223594812,0.036190414487568996
24,4,58.62878319950587,0.032766063937047396
24,5,56.64916615194564,0.031659708744061335
26,-5,2068.23143683703,1.0
26,-4,2271.127840909091,1.0981014022213844
26,-3,2116.759137769447,1.0234633803877535
26,-2,1962.988413547237,0.9491144842809555
26,-1,1737.683745583039,0.8401785770360878
26,0,982.7973805855162,0.4751873330426306
26,1,188.51848998459167,0.0911496105449858
26,2,175.25808936825885,0.08473814208930266
26,3,232.05855161787366,0.1122014429742754
26,4,220.52850539291217,0.1066266093170738
26,5,188.91294298921417,0.0913403304990475
27,-5,1274.4995150339475,1.0
27,-4,1655.9926470588234,1.299327796931107
27,-3,1510.3352468427095,1.1850418372285376
27,-2,1046.118158123371,0.8208070272160963
27,-1,806.9920948616601,0.6331835244677713
27,0,599.0653450807636,0.47003968068579993
27,1,526.9038179148312,0.41342017921505175
27,2,609.4148311306901,0.47816011221821275
27,3,179.80690161527167,0.14108040018397522
27,4,131.83847283406755,0.10344332914913341
27,5,89.98311306901616,0.07060270483242935
28,-5,1866.3264957264958,1.0
28,-4,1758.8667820069204,0.9424218034917063
28,-3,1661.7914055505819,0.8904076587648211
28,-2,1815.5653245686112,0.9728015589586725
28,-1,1796.2398648648648,0.9624467471141224
28,0,1725.6453537936914,0.9246213659534196
28,1,92.74168797953965,0.049692102744026335
28,2,67.93350383631713,0.036399581740853434
28,3,74.85166240409207,0.04010641362885165
28,4,64.8073316283035,0.034724541379388324
28,5,69.8925831202046,0.037449279791207095
29,-5,1671.9258675078863,1.0
29,-4,1529.2058596761758,0.914637358865412
29,-3,1473.4758511480602,0.8813045361540888
29,-2,1621.6669096209912,0.9699394818492704
29,-1,1639.6390134529147,0.9806888243776638
29,0,1510.386448250186,0.903381230952252
29,1,63.361876396128075,0.037897539375099834
29,2,59.00372300819062,0.03529087273237747
29,3,63.50037230081906,0.0379803755267394
29,4,65.82129560685034,0.03936854910018304
29,5,68.41250930752048,0.04091838677602001
30,-5,2174.0371794871794,1.0
30,-4,2192.835664335664,1.008646809275322
30,-3,1907.3337662337663,0.8773234350498439
30,-2,1849.5810218978102,0.8507586895703857
30,-1,,
30,0,2004.1936507936507,0.921876437856692
30,1,629.6772486772487,0.2896349954906381
30,2,521.1195767195767,0.23970131773114406
30,3,390.7724867724868,0.17974508001039052
30,4,280.12804232804234,0.12885154171747884
30,5,456.8613756613757,0.21014423302969545
31,-5,1419.9810426540284,1.0
31,-4,1267.9661319073084,0.8929458167535849
31,-3,1729.4922394678492,1.217968541492164
31,-2,1644.2534351145039,1.1579404130926263
31,-1,1367.8211243611584,0.9632671727818422
31,0,851.9662027833002,0.5999842090785417
31,1,157.6361829025845,0.1110128784592456
31,2,296.2902584493042,0.20865789721778272
31,3,135.04771371769382,0.09510529342369366
31,4,71.68190854870775,0.05048089122001941
31,5,81.52882703777335,0.05741543343803461
33,-5,2371.311688311688,1.0
33,-4,2404.8652291105122,1.0141497808846518
33,-3,2149.1008522727275,0.9062920167204299
33,-2,2011.263082437276,0.8481647909681762
33,-1,1802.09941089838,0.7599588952312835
33,0,2148.0616605616606,0.9058537817485411
33,1,55.91086691086691,0.023578033704491196
33,2,56.77838827838828,0.023943873999462722
33,3,57.278998778998776,0.02415498521823587
33,4,65.42246642246643,0.027589146861181083
33,5,133.94017094017093,0.056483578940874204
34,-5,2219.615702479339,1.0
34,-4,2775.8199481865286,1.250585831180552
34,-3,,
34,-2,,
34,-1,,
34,0,2537.7064039408865,1.1433089075312615
34,1,2135.136945812808,0.9619399175397042
34,2,1125.1507389162562,0.5069124072511509
34,3,589.6778325123153,0.26566663402752
34,4,572.6561576354679,0.2579978853978208
34,5,603.0945812807881,0.27171126092103415
35,-5,3310.819708029197,1.0
35,-4,3110.3365455893254,0.9394460646849262
35,-3,3173.1505981703026,0.9584184214184095
35,-2,2865.493580599144,0.8654936944013969
35,-1,2691.354885057471,0.8128968419906896
35,0,2139.648824006488,0.6462595407468257
35,1,558.1605839416059,0.16858682536774475
35,2,505.8629359286294,0.15279084351885475
35,3,388.4201135442011,0.11731841290005265
35,4,261.81427412814276,0.07907838457443238
35,5,263.5336577453366,0.07959770721016035
36,-5,3367.4712643678163,1.0
36,-4,3319.3879423328963,0.9857212376112297
36,-3,2973.730547550432,0.8830752556128191
36,-2,3353.5916666666667,0.995878332252449
36,-1,3336.5696202531644,0.9908234869168355
36,0,2570.154482758621,0.7632298187527733
36,1,1071.031724137931,0.3180522237771785
36,2,1130.2124137931035,0.3356264463938287
36,3,1008.0455172413793,0.2993479195822098
36,4,1028.04,0.3052854558487217
36,5,1103.2744827586207,0.3276269925248319
37,-5,2349.6233766233768,1.0
37,-4,2160.270781893004,0.9194115122388296
37,-3,2693.5409956076137,1.1463713812204566
37,-2,2320.727915194346,0.9877020880382302
37,-1,1503.080965909091,0.6397114451887841
37,0,1178.4128091312618,0.5015326374666687
37,1,979.5396322130628,0.41689218874760714
37,2,1103.016487000634,0.4694439534329835
37,3,1007.2694990488269,0.42869402350616936
37,4,928.0475586556753,0.3949771558663007
37,5,265.7254280279011,0.11309277506839109
38,-5,4279.3882820258195,1.0
38,-4,3975.9070227497527,0.9290830279293092
38,-3,2997.296724470135,0.700403077949086
38,-2,3214.094669117647,0.7510640440404549
38,-1,2767.4976873265496,0.6467040392082496
38,0,2251.2142222222224,0.526059818333783
38,1,921.1742222222222,0.21525838776801706
38,2,729.8888888888889,0.1705591642512436
38,3,781.5422222222222,0.18262942521594416
38,4,663.4133333333333,0.15502527221467272
38,5,327.45155555555556,0.07651830915435028
39,-5,3618.0583333333334,1.0
39,-4,3419.4940898345153,0.9451185621664977
39,-3,3588.375288683603,0.9917958634397186
39,-2,3256.229871645274,0.8999937457186588
39,-1,3111.4718309859154,0.8599838765228813
39,0,2869.9040935672515,0.7932166452726028
39,1,3663.9929824561405,1.012695939338404
39,2,88.40116959064328,0.024433317941891467
39,3,102.87134502923976,0.028432749157602424
39,4,90.17894736842105,0.02492468032856142
39,5,87.5906432748538,0.02420929548533734
40,-5,1677.9619666048238,1.0
40,-4,1410.144748455428,0.8403913655496643
40,-3,1239.8767932489452,0.7389182936951205
40,-2,1091.0289256198348,0.6502107600373177
40,-1,1075.5986445783133,0.6410149133205157
40,0,1100.8941798941798,0.6560900674773464
40,1,766.1307634164777,0.4565841053993978
40,2,803.3431594860166,0.47876124457784663
40,3,667.3665910808768,0.39772450410852966
40,4,727.8601662887377,0.4337763195917275
40,5,648.3446712018141,0.38638818048639684
41,-5,2691.891768292683,1.0
41,-4,3234.179166666667,1.2014521552320532
41,-3,2679.1862527716185,0.9952800793587913
41,-2,3111.5971896955502,1.15591467173625
41,-1,1688.9971119133575,0.6274387149616324
41,0,1275.7556125721617,0.4739252995232057
41,1,70.82552918537525,0.026310689760865064
41,2,83.84028223220012,0.031145487801456203
41,3,97.00449005772931,0.03603580619411525
41,4,103.47145606157794,0.03843819327372293
41,5,102.31686978832585,0.03800928068264042
42,-5,2364.7774227902023,1.0
42,-4,2236.819057815846,0.9458898906336064
42,-3,2795.5717732207477,1.1821712040544818
42,-2,2344.8249258160236,0.9915626321606891
42,-1,2108.595825426945,0.8916677760476127
42,0,1260.7091062394604,0.5331195630039249
42,1,225.90050590219224,0.09552717466139037
42,2,287.429173693086,0.12154597338549865
42,3,208.3752107925801,0.08811620441923793
42,4,210.17622259696458,0.08887780328559527
42,5,86.80691399662732,0.03670828094011647
43,-5,3112.312,1.0
43,-4,3918.857800511509,1.259146833772292
43,-3,3518.0642398286936,1.130370039966653
43,-2,3272.1541019955653,1.0513579943127698
43,-1,2979.785046728972,0.9574184871982538
43,0,2809.6324289405684,0.9027476772703278
43,1,1825.5943152454781,0.5865717560596361
43,2,462.48643410852713,0.14859899460867906
43,3,277.9250645994832,0.08929858722373696
43,4,151.52067183462532,0.0486842809572515
43,5,103.07235142118863,0.03311761527160151
46,-5,2750.0280090840274,1.0
46,-4,2652.5492393915133,0.9645535356838122
46,-3,2358.8675282714057,0.8577612738777491
46,-2,2584.715373961219,0.9398869267597495
46,-1,1867.1322099805573,0.6789502520748715
46,0,1516.8358585858587,0.5515710580311808
46,1,1260.923611111111,0.4585130067570099
46,2,1064.8459595959596,0.38721276877126637
46,3,1215.6931818181818,0.44206574544057164
46,4,1110.4917929292928,0.40381108456388876
46,5,1014.4431818181819,0.36888467261686914
47,-5,2524.7359223300973,1.0
47,-4,2373.335952848723,0.9400333444213659
47,-3,2118.5205078125,0.8391057809552224
47,-2,2109.954703832753,0.835713028507734
47,-1,2060.801184433164,0.8162442520052693
47,0,1794.0405844155844,0.7105854392723383
47,1,84.49837662337663,0.03346820389254511
47,2,84.87256493506493,0.03361641278377162
47,3,79.26298701298701,0.031394565392738036
47,4,74.51136363636364,0.029512537520199958
47,5,66.15178571428571,0.0262014673016708
48,-5,2376.656941649899,1.0
48,-4,2792.8846960167716,1.175131609056679
48,-3,2469.7736418511067,1.0391796975698837
48,-2,2707.0840248962654,1.1390301971882322
48,-1,2236.2776203966005,0.9409341252440725
48,0,1367.85350877193,0.5755367906915301
48,1,356.56140350877195,0.1500264498675368
48,2,297.0342105263158,0.12497984261881383
48,3,276.0105263157895,0.11613393648819177
48,4,268.6508771929825,0.1130372972577533
48,5,176.26929824561404,0.07416690863395965
49,-5,1859.8342342342341,1.0
49,-4,1776.0377184912604,0.9549440943711438
49,-3,2247.2100917431194,1.2082851527186684
49,-2,1976.0848896434634,1.0625059229846332
49,-1,1389.4097959183673,0.7470610930497477
49,0,1119.080541696365,0.6017098304232117
49,1,985.1368496079829,0.5296906742947454
49,2,621.6742694226657,0.33426326818778723
49,3,353.64861012116893,0.19015060783993998
49,4,232.69422665716323,0.12511557340645063
49,5,205.76193870277976,0.11063455813173582
50,-5,2424.0022727272726,1.0
50,-4,1584.636075949367,0.6537271411740365
50,-3,1306.7330909090908,0.5390808026920166
50,-2,1062.7337070777855,0.43842108525834494
50,-1,1154.4515292897875,0.4762584351832727
50,0,967.4186046511628,0.3990997102336497
50,1,141.57382368848025,0.0584049880156234
50,2,133.32612222823147,0.055002474101736185
50,3,186.7328285559762,0.07703492305140497
50,4,253.1335857220119,0.10442794900402813
50,5,211.63061114115737,0.08730627587368116
51,-5,2900.481742472774,1.0
51,-4,2645.811653116531,0.9121973134231396
51,-3,2519.0691562932225,0.8685002630444478
51,-2,2333.7475106685633,0.8046068611619505
51,-1,2563.6279342723005,0.8838628069027966
51,0,2221.7346698113206,0.7659881588901867
51,1,458.6910377358491,0.158143052934647
51,2,475.719929245283,0.16401410920094717
51,3,302.21108490566036,0.10419341052221677
51,4,467.5448113207547,0.16119557123023107
51,5,283.876179245283,0.09787207934750436
53,-5,1534.4751908396947,1.0
53,-4,1434.5992647058824,0.9349119967986199
53,-3,1462.8643790849674,0.9533320498224931
53,-2,1338.5797101449275,0.8723371470166491
53,-1,1140.289020452099,0.7431133636172448
53,0,1196.0285035629454,0.7794381497353863
53,1,99.15439429928742,0.06461778912504164
53,2,71.6726840855107,0.04670827167058335
53,3,75.55106888361045,0.049235770858092165
53,4,67.25273159144893,0.0438278389855537
53,5,77.25700712589074,0.050347511375282775
54,-5,1675.9713679745494,1.0
54,-4,2297.368239355581,1.3707681904685545
54,-3,1858.6472275334609,1.1089970049904132
54,-2,1733.0741758241759,1.0340714698000102
54,-1,1577.2140969162995,0.9410746072723185
54,0,1046.163469557965,0.624213211244938
54,1,290.2585487906589,0.17318825031088875
54,2,257.8490408673895,0.1538505047249143
54,3,232.61551292743954,0.1387944432538611
54,4,270.57130942452045,0.16144148676687253
54,5,257.070058381985,0.15338571009877108
55,-5,1870.5412748171368,1.0
55,-4,1851.1377018043684,0.9896267602998147
55,-3,1670.5068744271312,0.8930606861858417
55,-2,2057.862857142857,1.1001429825941866
55,-1,1513.3285841495992,0.8090324466630877
55,0,1596.5836431226767,0.853540985498306
55,1,70.00278810408922,0.03742381365571987
55,2,61.19981412639405,0.03271770313241386
55,3,58.27788104089219,0.0311556242171611
55,4,52.28996282527881,0.027954455498658083
55,5,59.814126394052046,0.031976908074321665
56,-5,1835.695195195195,1.0
56,-4,1607.7485915492957,0.8758254615240407
56,-3,1493.3929800412939,0.8135299280349736
56,-2,1432.6481732070365,0.7804390276538795
56,-1,1208.6495535714287,0.6584151643121282
56,0,1027.3033898305084,0.5596263434797911
56,1,978.9209039548023,0.5332698513985654
56,2,281.28757062146894,0.1532321767566422
56,3,153.24067796610169,0.08347828025436822
56,4,136.09265536723163,0.07413684784023225
56,5,120.88870056497176,0.06585445169840262
57,-5,2347.7165775401068,1.0
57,-4,2460.92118226601,1.0482190251621075
57,-3,2320.194089456869,0.9882769119805443
57,-2,2120.3670995670996,0.9031614462546328
57,-1,2040.4956217162871,0.8691405262615984
57,0,1849.1105626850938,0.7876208654719971
57,1,260.5547877591313,0.11098221576308656
57,2,117.3583415597236,0.04998829189283549
57,3,61.81342546890424,0.026329168546260887
57,4,75.12142152023692,0.03199765348121694
57,5,58.077986179664364,0.024738073894983264
59,-5,2599.2432432432433,1.0
59,-4,2550.659574468085,0.98130853320425
59,-3,2406.5384615384614,0.9258611974059296
59,-2,2796.3039215686276,1.075814635216479
59,-1,2407.6682520808563,0.9262958587425829
59,0,1676.111111111111,0.6448458086668792
59,1,574.0063131313132,0.22083593546831287
59,2,356.38257575757575,0.13711012875920542
59,3,243.9090909090909,0.09383850147274013
59,4,192.68560606060606,0.07413142519904363
59,5,87.81060606060606,0.03378314295473136
62,-5,2714.1639898562976,1.0
62,-4,2474.165824915825,0.9115756579788757
62,-3,2538.9285714285716,0.9354366872883743
62,-2,2253.2349102773246,0.830176407430939
62,-1,2132.198675496689,0.785582110537683
62,0,2015.6649260226284,0.7426466984146188
62,1,60.21845082680592,0.022186740024501692
62,2,66.40992167101828,0.024467910531277212
62,3,72.91296779808529,0.026863877079861227
62,4,78.91818973020017,0.029076426489019376
62,5,69.16275021758051,0.025482156006808695
63,-5,1785.0853970964988,1.0
63,-4,1670.7643097643097,0.9359576368065438
63,-3,1749.8480538922156,0.9802601358671142
63,-2,1701.7888563049853,0.9533375036695734
63,-1,1467.1928721174004,0.821917469328828
63,0,1477.7226613965745,0.8278162287362497
63,1,103.47957839262187,0.05796897927736952
63,2,87.34453227931489,0.048930170187590855
63,3,83.11923583662714,0.04656317057538164
63,4,79.89064558629777,0.04475452307001255
63,5,76.266139657444,0.042724084674880786
64,-5,3163.352205882353,1.0
64,-4,3667.2985651214126,1.1593076984288868
64,-3,3338.799758015729,1.055462541226717
64,-2,2967.0204334365326,0.9379355317815274
64,-1,2675.807071960298,0.8458770626250692
64,0,2600.4158805031448,0.8220443729495532
64,1,2196.7083333333335,0.6944242026697139
64,2,1339.0110062893082,0.42328862521200616
64,3,1118.5353773584907,0.3535917926807325
64,4,139.31053459119497,0.0440388946675437
64,5,91.06996855345912,0.02878907014657162
65,-5,2392.300414364641,1.0
65,-4,2088.5479265805575,0.8730291204398108
65,-3,2287.4061456245827,0.9561533877140942
65,-2,1961.3598684210526,0.8198635324577163
65,-1,1862.7337398373984,0.7786370510378031
65,0,1695.7328136073706,0.7088293775419221
65,1,87.8830616583983,0.03673579669622669
65,2,89.18284904323176,0.03727911783475462
65,3,83.144578313253,0.03475507415958667
65,4,80.31396172927002,0.03357185462453728
65,5,81.5896527285613,0.034105103288305155
66,-5,3335.3379383634433,1.0
66,-4,3723.285714285714,1.1163143834572355
66,-3,3542.6348314606744,1.062151691051416
66,-2,3324.1542792792793,0.9966469187558094
66,-1,890.3631508678237,0.26694840742425635
66,0,1115.1026615969581,0.3343297387562796
66,1,881.6634980988593,0.2643400801933332
66,2,854.0114068441064,0.2560494386554263
66,3,785.2927756653993,0.23544623968470205
66,4,1407.7471482889734,0.4220703192012128
66,5,1077.583650190114,0.3230808002378476
67,-5,2920.8228962818002,1.0
67,-4,2716.9436090225563,0.9301979974483281
67,-3,2430.747388414055,0.832213206596124
67,-2,2292.959420289855,0.7850388406667129
67,-1,1895.6305309734514,0.6490056392623408
67,0,1576.3800904977375,0.5397040993154584
67,1,142.12443438914028,0.0486590387147623
67,2,92.01659125188537,0.03150365308660866
67,3,59.705882352941174,0.02044145929866087
67,4,54.834087481146305,0.018773506449483793
67,5,160.36877828054298,0.05490534139700562
68,-5,2732.825561312608,1.0
68,-4,2324.1860662701783,0.8504699674844394
68,-3,2160.6519246519247,0.7906292868594724
68,-2,1977.7940928270043,0.7237176499026329
68,-1,1798.9097116843702,0.6582599845195874
68,0,1385.752336448598,0.5070767618929197
68,1,364.85914552736983,0.13350985540113425
68,2,259.25767690253673,0.09486799324945286
68,3,169.5460614152203,0.06204057215191786
68,4,239.54405874499332,0.08765435384391586
68,5,141.09746328437916,0.05163061458507743
69,-5,1143.786449399657,1.0
69,-4,1048.0755033557048,0.9163209652516968
69,-3,865.9393656716418,0.7570813294091308
69,-2,877.5413533834586,0.7672248205458779
69,-1,1080.865414710485,0.9449888266098996
69,0,698.2825779036827,0.6105008310512795
69,1,96.0056657223796,0.08393670494415319
69,2,110.8314447592068,0.09689872162533424
69,3,92.05382436260624,0.08048165320626315
69,4,62.445467422096314,0.05459539012275611
69,5,65.37464589235128,0.05715633886610975
70,-5,1964.207413945278,1.0
70,-4,1795.4453125,0.9140813234655779
70,-3,1686.2858407079646,0.8585070134324133
70,-2,2130.340373679935,1.0845801510345412
70,-1,2014.5944444444444,1.0256526017270038
70,0,1296.1327300150829,0.6598756937851536
70,1,208.24585218702865,0.10602029638445826
70,2,163.44042232277528,0.08320935007290868
70,3,193.288838612368,0.0984055132060269
70,4,157.87782805429865,0.08037737101154077
70,5,144.61387631975867,0.07362454458375625
71,-5,3442.794902912621,1.0
71,-4,3580.8726333907057,1.0401062899103488
71,-3,3310.82122260669,0.961666702772715
71,-2,3088.7314439946017,0.8971581320111517
71,-1,2698.8030303030305,0.7838988689160165
71,0,2579.361626248217,0.7492057177341771
71,1,1329.0078459343795,0.38602585498486486
71,2,344.6654778887304,0.10011211460698449
71,3,317.8095577746077,0.09231149886556973
71,4,347.3159771754636,0.10088198308927221
71,5,682.3644793152639,0.19820073473966754
72,-5,2773.7598385469223,1.0
72,-4,3102.0759368836293,1.1183650054248029
72,-3,2875.1665024630543,1.03655928047803
72,-2,2660.73814229249,0.9592532508821526
72,-1,2923.02849002849,1.0538145550336342
72,0,2693.132325141777,0.9709320496011712
72,1,271.2476370510397,0.0977905993451607
72,2,244.70888468809073,0.08822280908655931
72,3,236.8468809073724,0.0853883878538844
72,4,248.13799621928166,0.0894590774482021
72,5,366.8478260869565,0.13225652091030907
73,-5,1718.4374282433985,1.0
73,-4,1535.0589543937708,0.8932876630619722
73,-3,1452.4779735682819,0.8452318075107439
73,-2,1351.5112612612613,0.7864768533601993
73,-1,1639.3207990599294,0.9539601338500042
73,0,1340.926221335992,0.7803171644758101
73,1,127.1505483549352,0.07399195703326224
73,2,92.12362911266202,0.053608951713087154
73,3,90.61914257228315,0.05273345487179875
73,4,157.9272183449651,0.09190164026303807
73,5,78.28315054835494,0.04555484492000192
74,-5,2829.6213183730715,1.0
74,-4,2677.4567039106146,0.9462243892939194
74,-3,2817.581232492997,0.9957449833297846
74,-2,2511.0230040595397,0.887406024175449
74,-1,2420.5027027027027,0.8554157713564312
74,0,2277.034574468085,0.8047135352292639
74,1,222.32313829787233,0.07856992624924808
74,2,92.61170212765957,0.03272936259220294
74,3,59.670212765957444,0.021087702576493745
74,4,64.98670212765957,0.022966572136594074
74,5,76.02792553191489,0.026868586633220646
75,-5,2045.6474926253688,1.0
75,-4,1914.419770773639,0.9358502760984918
75,-3,2569.93893129771,1.2562960825667326
75,-2,2146.0758928571427,1.0490936980070231
75,-1,2018.6115007012622,0.986783650642854
75,0,1157.8914081145585,0.5660268508082638
75,1,364.1766109785203,0.1780251056408251
75,2,371.8997613365155,0.1818005119050214
75,3,268.1837708830549,0.13109969916609132
75,4,68.85560859188544,0.03365956688046808
75,5,64.70167064439141,0.03162894432087797
77,-5,3540.9699812382737,1.0
77,-4,3356.3464114832536,0.947860735692976
77,-3,3714.616861435726,1.049039353939038
77,-2,3409.946579194002,0.9629978783388463
77,-1,3521.174693877551,0.9944096427064879
77,0,2307.40614334471,0.651631094183355
77,1,1871.9897610921503,0.5286658093716788
77,2,1520.953071672355,0.42953006654421827
77,3,2215.0042662116043,0.6255360192116115
77,4,1840.3899317406144,0.5197417491511837
77,5,1562.3907849829352,0.4412324287585654
78,-5,2183.5219298245615,1.0
78,-4,2013.5712209302326,0.9221667039048315
78,-3,2179.3448753462603,0.9980870105212835
78,-2,2013.9971791255289,0.9223617824105602
78,-1,2125.6132075471696,0.973479211961913
78,0,1914.5322359396434,0.8768092547133106
78,1,510.14677640603566,0.23363483070079546
78,2,414.18106995884773,0.189684868423614
78,3,446.3758573388203,0.20442929894213843
78,4,383.65157750342934,0.17570310252586033
78,5,360.8998628257888,0.1652833699063356
79,-5,2562.260563380282,1.0
79,-4,,
79,-3,,
79,-2,,
79,-1,2201.0206718346253,0.8590151615692481
79,0,1800.8855421686746,0.7028502752244848
79,1,1532.4477911646586,0.5980842905153116
79,2,1298.6807228915663,0.5068495926808755
79,3,1276.3734939759036,0.4981435191321987
79,4,1355.628514056225,0.5290751976714662
79,5,1019.0481927710844,0.3977145054391725
81,-5,1748.6745901639345,1.0
81,-4,1596.6534979423868,0.9130649618421596
81,-3,2349.253000923361,1.3434477827593547
81,-2,1946.5985460420031,1.1131851271765285
81,-1,1731.0330261136712,0.9899114654324511
81,0,1543.230998509687,0.8825146812278049
81,1,60.05290611028316,0.034341956158151374
81,2,81.8338301043219,0.04679763208353714
81,3,61.15797317436662,0.034973901672942585
81,4,57.44560357675112,0.03285093973451385
81,5,58.23472429210134,0.033302207637523895
82,-5,2576.721614802355,1.0
82,-4,2463.955611390285,0.956236636986988
82,-3,3326.142600896861,1.2908428220531654
82,-2,2911.4052502050863,1.1298873861577021
82,-1,2095.0515309932784,0.8130686368903601
82,0,1596.9434561626429,0.6197578531529239
82,1,1080.948538754765,0.41950536392643184
82,2,448.29034307496823,0.17397701812244623
82,3,332.35959339263025,0.12898544859613156
82,4,89.29669631512071,0.03465515863341339
82,5,89.13278271918678,0.03459154539906463
83,-5,2113.627819548872,1.0
83,-4,2979.335046248715,1.409583569393318
83,-3,2441.9441340782123,1.155333077797687
83,-2,2243.0432382704694,1.0612290477654762
83,-1,2067.1787310098302,0.9780239983078214
83,0,1907.8114901256733,0.9026241386872322
83,1,97.0592459605027,0.04592068909332334
83,2,57.50628366247756,0.02720738397299841
83,3,57.072710951526034,0.027002251968706346
83,4,52.090664272890486,0.024645145087089457
83,5,52.42549371633752,0.024803559657691814
85,-5,1598.563909774436,1.0
85,-4,1613.666272888364,1.0094474565712288
85,-3,1310.532258064516,0.8198184946196099
85,-2,1135.2756756756758,0.710184728138813
85,-1,963.7989762680317,0.6029155108374914
85,0,972.8757712875359,0.6085936041336081
85,1,777.1571369806663,0.48615956623862877
85,2,856.2233648704237,0.5356203525145519
85,3,735.6137392019745,0.46017161697699815
85,4,692.199506375977,0.4330133453805104
85,5,686.6844919786096,0.42956336483006397
86,-5,1468.705472636816,1.0
86,-4,1330.6573628488932,0.9060069480505983
86,-3,1226.3892215568862,0.8350137208620246
86,-2,1369.0531443755535,0.9321495493018397
86,-1,1320.5945945945946,0.899155493867458
86,0,1178.266386554622,0.802248244121567
86,1,69.92268907563025,0.04760838056257508
86,2,65.05546218487395,0.04429442348851448
86,3,62.44117647058823,0.0425144303156204
86,4,60.69831932773109,0.041327768200357676
86,5,61.377310924369745,0.041790074366766676
87,-5,2728.8313384113167,1.0
87,-4,2466.175675675676,0.9037479308308755
87,-3,2366.7293318233296,0.8673050981601533
87,-2,2285.8924855491327,0.8376818506049347
87,-1,3010.4166666666665,1.1031889821447465
87,0,2609.7596566523607,0.9563653201709866
87,1,106.27896995708154,0.03894669797326335
87,2,69.36587982832619,0.02541962885427354
87,3,79.79721030042919,0.02924226542593354
87,4,122.1019313304721,0.0447451367227254
87,5,88.42811158798283,0.03240512168826978
88,-5,3019.1608280254777,1.0
88,-4,2565.710027100271,0.8498089943682258
88,-3,2505.1693548387098,0.8297568422272765
88,-2,,
88,-1,,
88,0,1464.4614220877459,0.485055783876707
88,1,1217.340393343419,0.40320488462999704
88,2,125.77760968229954,0.0416597911958727
88,3,131.59304084720122,0.04358596588352754
88,4,118.79576399394857,0.039347279181427594
88,5,112.7428139183056,0.037342433987539204
89,-5,2322.272946859903,1.0
89,-4,2444.0759493670885,1.0524499080402598
89,-3,2207.326449563145,0.9505025895202437
89,-2,2051.25140562249,0.883294708486408
89,-1,1952.7159863945578,0.8408641150623369
89,0,1399.3149206349206,0.6025626412808303
89,1,94.9384126984127,0.04088167707710032
89,2,98.32126984126984,0.04233837799911352
89,3,67.01460317460318,0.028857332754626455
89,4,65.07428571428571,0.028021807601159413
89,5,148.77968253968254,0.06406640646649966
90,-5,1963.695527522936,1.0
90,-4,1644.0366520787745,0.8372156625281982
90,-3,1392.1498412698413,0.7089438366374142
90,-2,1005.098599137931,0.5118403464542145
90,-1,807.9670212765958,0.41145228980369963
90,0,792.4826892109501,0.40356698790805484
90,1,280.5402576489533,0.14286341936259087
90,2,244.40579710144928,0.12446216517575413
90,3,211.90458937198068,0.10791112288129691
90,4,181.54710144927537,0.09245175685575059
90,5,151.41183574879227,0.07710555614484069
91,-5,2282.3352842809363,1.0
91,-4,1928.088510638298,0.8447875839792548
91,-3,1266.9864864864865,0.5551272397235265
91,-2,,
91,-1,,
91,0,1085.1317567567567,0.4754480046075413
91,1,772.268018018018,0.33836747095697894
91,2,603.5664414414415,0.2644512598996158
91,3,222.26013513513513,0.09738277135086204
91,4,217.9132882882883,0.09547821031779001
91,5,200.98648648648648,0.08806177070947246
94,-5,1343.550043516101,1.0
94,-4,1524.908163265306,1.1349842684494185
94,-3,,
94,-2,,
94,-1,,
94,0,125.46052631578948,0.09337986844721946
94,1,123.09473684210526,0.09161901890901179
94,2,107.87105263157895,0.08028807944457206
94,3,111.14736842105263,0.08272663080727344
94,4,100.02894736842106,0.07445122558043542
94,5,93.37894736842105,0.06950165185067929
95,-5,1905.4952681388013,1.0
95,-4,1800.01775147929,0.9446456160646691
95,-3,2266.380487804878,1.1893918214861654
95,-2,1961.735679779158,1.0295148524274689
95,-1,1849.9527220630373,0.9708513859863764
95,0,1574.5634987384356,0.8263276876443758
95,1,111.06980656013457,0.05828920618030312
95,2,173.5878889823381,0.09109856733041936
95,3,120.79983179142137,0.06339550342174977
95,4,128.57695542472666,0.06747692191873803
95,5,169.5332211942809,0.08897068600956068
96,-5,2833.8912133891213,1.0
96,-4,2594.110455311973,0.9153881571232269
96,-3,2711.0978172999194,0.9566696860101591
96,-2,2413.3574918566774,0.8516055522718823
96,-1,2259.2054455445545,0.7972096581797558
96,0,1750.3895131086142,0.6176629169244926
96,1,160.8810861423221,0.05677038179243316
96,2,158.37921348314606,0.05588754174290848
96,3,162.1676029962547,0.057224357177181266
96,4,124.14044943820225,0.04380565099030022
96,5,111.65262172284645,0.03939905003951026
97,-5,1703.352644836272,1.0
97,-4,1578.9065573770492,0.9269405029918601
97,-3,1480.9045183290707,0.8694057116231599
97,-2,1743.3014586709887,1.0234530494644323
97,-1,1672.041095890411,0.981617694350737
97,0,1524.3987189751801,0.8949401778876546
97,1,96.58206565252202,0.05670115694792348
97,2,81.95596477181745,0.04811450231416709
97,3,84.73979183346677,0.049748824525770494
97,4,80.94155324259407,0.04751896413697367
97,5,87.02642113690953,0.05109125312408494
98,-5,2693.130676552363,1.0
98,-4,3194.513189448441,1.186170881814739
98,-3,2216.152021089631,0.8228906381648955
98,-2,2543.426573426573,0.9444126107844737
98,-1,2115.884105960265,0.7856596504514717
98,0,1824.7515625,0.6775577503116088
98,1,405.8890625,0.15071272479789313
98,2,397.709375,0.1476754835785137
98,3,454.3453125,0.16870526055632565
98,4,404.9765625,0.1503738997984437
98,5,439.68828125,0.16326288400266975
100,-5,2257.8746268656714,1.0
100,-4,2425.3940556088205,1.0741934147936707
100,-3,2285.733140655106,1.0123383794024503
100,-2,2355.9621072088726,1.043442394531606
100,-1,1854.2796517954298,0.821250050703434
100,0,1395.6704446381866,0.6181346067809016
100,1,365.3199651264167,0.1617981622095401
100,2,361.3121185701831,0.1600231094636765
100,3,368.5039232781168,0.16320831940507932
100,4,279.8857890148213,0.12395984510590483
100,5,276.93112467306014,0.12265124085188442
101,-5,2600.7094298245615,1.0
101,-4,2156.6464174454827,0.8292531232875814
101,-3,1583.9902280130293,0.6090608238844591
101,-2,1241.8094194961666,0.47748872106021334
101,-1,1378.159050966608,0.5299165816688625
101,0,1038.8539857932124,0.39945023226346793
101,1,226.11444356748225,0.08694337051822643
101,2,176.78058405682714,0.06797398510942163
101,3,174.33701657458565,0.06703440783322959
101,4,244.9455406471981,0.09418412446934589
101,5,178.67561168113653,0.06870264306812222
102,-5,2420.939,1.0
102,-4,2481.384963768116,1.024967982988467
102,-3,2257.2977867203217,0.9324058915653479
102,-2,2133.0089020771516,0.8810667687526004
102,-1,1761.601536772777,0.7276521782551222
102,0,1598.407648494711,0.6602428431673459
102,1,464.3498779495525,0.19180569107670722
102,2,235.66314076484946,0.09734369216442441
102,3,198.75101708706265,0.08209666459463152
102,4,206.62489829129373,0.08534907252569922
102,5,217.74288039056142,0.0899414980677173
103,-5,2361.156655844156,1.0
103,-4,2070.7566666666667,0.8770094358378495
103,-3,1979.6105550500456,0.838407121420878
103,-2,1742.5328798185942,0.7379996899001212
103,-1,1079.3974248927038,0.45714773825830707
103,0,949.3066012002182,0.40205151100439124
103,1,790.659028914348,0.3348608941119467
103,2,130.88652482269504,0.055433223585031784
103,3,80.94980905619204,0.03428396369035117
103,4,68.45935624659029,0.02899399160032219
103,5,67.85979268957992,0.028740063697856942
104,-5,1685.8954802259886,1.0
104,-4,1575.4246323529412,0.9344734895082351
104,-3,1444.7711864406779,0.856975538155551
104,-2,1991.4193236714975,1.1812234785780162
104,-1,1664.9309749784297,0.9875647657322454
104,0,1541.0631399317406,0.9140917441247106
104,1,135.20392491467578,0.08019709792243594
104,2,58.52303754266212,0.034713324894149016
104,3,71.5085324232082,0.04241575664798788
104,4,57.11945392491467,0.0338807800334443
104,5,58.148464163822524,0.03449114422919499
105,-5,2102.5572183098593,1.0
105,-4,2401.1459915611813,1.1420121985984963
105,-3,2182.8902229845626,1.0382072858589213
105,-2,2034.1022336769759,0.9674420348532008
105,-1,2278.847790507365,1.0838457905745922
105,0,1514.963684676705,0.7205338677510563
105,1,52.54650132860939,0.02499171050900051
105,2,52.88219663418955,0.025151370994173895
105,3,54.644818423383526,0.025989693858276906
105,4,56.056687333923826,0.026661194685101124
105,5,53.11691762621789,0.025263006953463996
106,-5,2124.265739385066,1.0
106,-4,1851.3969740634006,0.8715467842546595
106,-3,1776.0889387144994,0.8360954591437524
106,-2,1649.3461538461538,0.7764311796148479
106,-1,1209.2929447852762,0.5692757371944167
106,0,876.9108092144123,0.41280654908470216
106,1,896.346721795629,0.42195602234544544
106,2,787.219728292971,0.3705843923843803
106,3,902.5764914353219,0.4248886919847422
106,4,693.039574719433,0.3262490007112079
106,5,823.8109864146486,0.3878097599282122
107,-5,2530.7004175365346,1.0
107,-4,2141.9835766423357,0.8463995033941677
107,-3,1294.762225969646,0.5116220857267686
107,-2,1061.342229199372,0.41938675231757255
107,-1,,
107,0,226.7331240188383,0.08959303220866721
107,1,193.5651491365777,0.07648678910994935
107,2,132.54003139717426,0.052372865029276364
107,3,139.85086342229198,0.05526172219089738
107,4,109.8320251177394,0.043399852608651895
107,5,123.65306122448979,0.04886120078363826
108,-5,1705.190635451505,1.0
108,-4,1503.771645021645,0.8818789018410674
108,-3,1825.7310924369747,1.0706903113818431
108,-2,1627.039714867617,0.954168807311568
108,-1,1443.819457436857,0.846720259553008
108,0,1635.4143947655398,0.9590800938995953
108,1,161.0359869138495,0.09443870002910847
108,2,109.54961832061069,0.06424479236692726
108,3,99.39149400218102,0.05828761426188801
108,4,79.3598691384951,0.04654017415330338
108,5,72.93565976008725,0.0427727306517697
109,-5,1759.8048780487804,1.0
109,-4,1637.679268292683,0.9306027552943786
109,-3,1840.6002506265663,1.0459115516643922
109,-2,1653.1020408163265,0.9393666658369746
109,-1,1765.6556776556777,1.0033246865489909
109,0,950.8107549120992,0.5402932829498291
109,1,75.52843846949328,0.0429186436585157
109,2,63.20268872802482,0.03591460025846848
109,3,61.830403309203724,0.035134806182466914
109,4,61.01758014477766,0.034672923632551894
109,5,64.22337125129266,0.03649459781160604
110,-5,1777.465250965251,1.0
110,-4,1401.3335423197493,0.7883887133989013
110,-3,1225.1911392405063,0.6892911906858192
110,-2,1055.3271604938273,0.5937259026136982
110,-1,,
110,0,868.4933586337761,0.4886134106768847
110,1,90.68406072106262,0.05101875306525217
110,2,84.86100569259962,0.04774270869515785
110,3,89.90559772296015,0.050580790636631005
110,4,75.25047438330171,0.042335834324995665
110,5,76.58681214421253,0.04308765648308575
111,-5,2709.3835877862593,1.0
111,-4,3015.213023255814,1.1128778652266942
111,-3,2568.3071230342275,0.9479304202668104
111,-2,2578.575649059982,0.9517204063256485
111,-1,2228.6035087719297,0.8225500142609345
111,0,1463.9611307420494,0.5403299618929926
111,1,138.21024734982333,0.05101169431042062
111,2,73.9213780918728,0.027283467141790474
111,3,62.803886925795055,0.023180138541073054
111,4,57.082155477031804,0.021068318171836124
111,5,55.16166077738516,0.020359487311449976
113,-5,1544.4350336862367,1.0
113,-4,1364.6070110701107,0.8835638801931895
113,-3,1276.2550458715596,0.8263572232141169
113,-2,1196.6738934056007,0.7748295443346656
113,-1,1304.5213675213674,0.844659269615086
113,0,1376.2418300653594,0.8910972621364098
113,1,56.61998132586368,0.03666064294768286
113,2,68.6218487394958,0.044431683588341105
113,3,59.070028011204485,0.03824701377708128
113,4,59.49299719887955,0.0385208803874919
113,5,55.35200746965453,0.03583964767850487
114,-5,2871.189161554192,1.0
114,-4,3263.613793103448,1.1366766902034535
114,-3,3066.0363269424824,1.067862879951392
114,-2,2785.7,0.9702251726570615
114,-1,3087.1608863198458,1.075220305111749
114,0,2316.934497816594,0.8069598927304474
114,1,240.69541484716157,0.08383126339083548
114,2,213.5731441048035,0.07438490886096653
114,3,174.57205240174673,0.06080130655942217
114,4,84.22052401746726,0.02933297643540775
114,5,91.9443231441048,0.03202308101996832
115,-5,1525.1726618705036,1.0
115,-4,1404.662693682956,0.9209860160752215
115,-3,1279.9196326061997,0.8391965477774035
115,-2,1216.1945432977461,0.797414334588308
115,-1,1298.55079006772,0.8514123171308029
115,0,1307.0846501128667,0.8570076574214429
115,1,77.38600451467269,0.05073917625809322
115,2,69.19074492099323,0.04536584391444327
115,3,60.22573363431151,0.03948781350463587
115,4,58.14785553047404,0.03812542473660674
115,5,57.71106094808126,0.03783903448498953
116,-5,1662.4056224899598,1.0
116,-4,1897.4976019184653,1.1414167374364288
116,-3,1439.7216796875,0.8660471669550043
116,-2,1575.2564632885212,0.9475764771109796
116,-1,1457.2779960707269,0.8766079567801318
116,0,1313.656526005888,0.7902141981680058
116,1,62.55839057899902,0.037631243381683666
116,2,61.96368989205103,0.03727350837471392
116,3,60.98233562315996,0.03668318658103448
116,4,61.36211972522081,0.03691164111518842
116,5,55.269872423945046,0.03324692342002642
117,-5,1655.0883248730966,1.0
117,-4,1578.2673575129534,0.9535849741638209
117,-3,2075.1517948717947,1.2538012405053407
117,-2,1714.193315266486,1.0357110792851019
117,-1,1160.718309859155,0.7013029410065791
117,0,878.9857357357357,0.5310808628917926
117,1,721.7957957957958,0.43610711582485445
117,2,878.2867867867868,0.530658559780566
117,3,269.4932432432432,0.1628271066826035
117,4,202.83858858858858,0.12255454016578914
117,5,263.60735735735733,0.15927086995648365
118,-5,1579.18912797282,1.0
118,-4,1718.6226203807391,1.0882943593886742
118,-3,1583.1971046770602,1.0025379966422294
118,-2,1477.8032967032966,0.9357988036558542
118,-1,1619.5652642934197,1.0255676382298997
118,0,1467.1232432432432,0.929035805310138
118,1,1060.7967567567568,0.6717350936416874
118,2,840.3524324324325,0.5321417286548695
118,3,769.7783783783784,0.4874516704446482
118,4,696.5232432432432,0.4410638541675873
118,5,811.172972972973,0.5136642335008111
119,-5,1955.1927710843374,1.0
119,-4,1890.5958107059737,0.9669613342818679
119,-3,2013.6512915129151,1.0298991083094875
119,-2,2012.8064102564103,1.0294669865928978
119,-1,1883.7625716104392,0.9634664159308017
119,0,1430.3783303730017,0.7315791831511954
119,1,136.57134399052694,0.06985057740101266
119,2,137.56719952634694,0.07035991619898076
119,3,135.52457075192422,0.0693151963101639
119,4,129.4073416222617,0.06618648735617676
119,5,126.27590290112492,0.06458488634401666
120,-5,3144.3775419982317,1.0
120,-4,3161.68838028169,1.0055053307219772
120,-3,2799.6785714285716,0.8903760868516425
120,-2,2649.6336996336995,0.842657621180526
120,-1,2611.2841253791707,0.8304613840104317
120,0,1773.4762611275964,0.564015051449758
120,1,487.46884272997033,0.15502872546920274
120,2,205.88427299703264,0.06547695696433276
120,3,178.8108308605341,0.05686684517753583
120,4,176.06676557863503,0.055994155672141624
120,5,316.83902077151333,0.10076366992818686
121,-5,2190.6351931330473,1.0
121,-4,2063.764705882353,0.9420850684548513
121,-3,1974.3314415437003,0.9012598025141788
121,-2,2356.1787592008413,1.075568751285801
121,-1,1689.330357142857,0.7711600555119249
121,0,1134.750847457627,0.5180008296291022
121,1,370.18305084745765,0.16898434390530434
121,2,373.7949152542373,0.17063311884423607
121,3,508.6033898305085,0.2321716511379075
121,4,405.8483050847458,0.18526512600407072
121,5,381.39322033898304,0.17410165852102208
122,-5,2259.0972568578554,1.0
122,-4,2202.556228373702,0.9749718484618076
122,-3,2360.3121911037892,1.0448032655250585
122,-2,2209.21484375,0.9779193157990744
122,-1,1246.3675577156744,0.551710447140832
122,0,1196.3283664459161,0.5295603643509671
122,1,963.0855408388521,0.4263143332653121
122,2,1009.9602649006622,0.4470636497985044
122,3,293.3460264900662,0.1298509949492289
122,4,81.81291390728477,0.03621487019159021
122,5,79.8956953642384,0.03536620440828835
123,-5,2365.4462093862817,1.0
123,-4,2660.7277158774373,1.1248312074565274
123,-3,2389.3263888888887,1.0100954227611891
123,-2,2547.2562711864407,1.0768607889195374
123,-1,2298.208670095518,0.9715751138098343
123,0,2079.0839642119754,0.8789394389785751
123,1,91.31658637302134,0.03860438086085819
123,2,80.7116311080523,0.03412110188250404
123,3,58.786648313833446,0.024852244824068826
123,4,58.396421197522365,0.024687275054406498
123,5,56.66070199587061,0.02395349417418006
124,-5,2848.417122040073,1.0
124,-4,2735.951219512195,0.9605163507627954
124,-3,2603.1902530459233,0.9139076692466603
124,-2,3220.7130801687763,1.1307027525034887
124,-1,2730.2357200321803,0.9585097979177819
124,0,1956.346655082537,0.686818879139926
124,1,243.5742832319722,0.0855121538721552
124,2,200.57688966116422,0.07041696530650976
124,3,281.5812337098175,0.09885533671702738
124,4,226.44743701129454,0.07949939468455026
124,5,264.56211989574285,0.09288039937994055
125,-5,1279.2039408866995,1.0
125,-4,1581.1391529818495,1.2360336787939061
125,-3,1391.5298634812286,1.0878092374517458
125,-2,1336.8519793459552,1.045065557270951
125,-1,864.9345088161209,0.6761505973915141
125,0,671.3489073097212,0.5248177290982746
125,1,185.85380557648833,0.14528864369168606
125,2,76.42727957799548,0.0597459694542676
125,3,80.46043707611153,0.06289883458327933
125,4,81.2532027128862,0.06351856816244979
125,5,70.59382064807838,0.0551857435641929
126,-5,1836.5736677115988,1.0
126,-4,1981.750254841998,1.0790475164066202
126,-3,1724.2184615384615,0.938823468860286
126,-2,1636.0395136778116,0.8908107213125537
126,-1,1513.110762800418,0.8238769777668538
126,0,2154.5883644346873,1.1731565154799046
126,1,55.5642151481888,0.03025428063412383
126,2,63.03951701427003,0.034324524043088514
126,3,59.3556531284303,0.0323186889651905
126,4,60.84412733260154,0.0331291515294425
126,5,94.03293084522502,0.051200195504486144
127,-5,2064.1967769296016,1.0
127,-4,1955.642857142857,0.947411060321384
127,-3,1767.4923469387754,0.8562615573733429
127,-2,2001.7751159196291,0.9697598302121071
127,-1,1952.420524691358,0.9458500015659816
127,0,1872.731950844854,0.9072448769300266
127,1,125.10675883256529,0.060607961523249675
127,2,121.40015360983102,0.05881229685398899
127,3,120.08678955453149,0.058176037719211586
127,4,118.8041474654378,0.05755466183904886
127,5,123.38479262672811,0.05977375510209708
128,-5,2159.796737766625,1.0
128,-4,1975.5607094133698,0.9146975152190628
128,-3,2158.8888888888887,0.9995796600384371
128,-2,1825.6215139442231,0.845274688132013
128,-1,1292.4158031088082,0.5983969604682582
128,0,139.51202404809618,0.06459497859616224
128,1,58.978957915831664,0.027307642837177293
128,2,68.17134268537075,0.03156377704128977
128,3,51.49599198396793,0.0238429807229074
128,4,50.1563126252505,0.023222700427409433
128,5,49.19639278557114,0.022778251270276256
129,-5,1926.2464898595945,1.0
129,-4,2059.648773006135,1.0692550428249004
129,-3,1768.3539493293592,0.9180309781944137
129,-2,1684.0754026354318,0.8742782460609105
129,-1,1602.693829113924,0.8320294612091652
129,0,1559.158573596358,0.8094283788727404
129,1,205.80652503793627,0.10684329659852497
129,2,169.4658573596358,0.08797724395697058
129,3,185.6980273141123,0.09640408342945142
129,4,193.81942336874053,0.10062026038156112
129,5,203.68209408194232,0.10574041025081315
130,-5,1592.1453703703703,1.0
130,-4,1443.239149689991,0.9064744818836862
130,-3,1319.5062836624775,0.8287599287215397
130,-2,1511.2373862696443,0.9491830421980219
130,-1,1443.5165094339623,0.9066486869211989
130,0,1100.4626657362178,0.6911822790906489
130,1,109.91625959525472,0.069036572690398
130,2,95.9281228192603,0.06025085686550417
130,3,92.337752965806,0.05799580533549275
130,4,92.34682484298673,0.058001503230515124
130,5,80.168876482903,0.05035273661239479
131,-5,1212.2175536881418,1.0
131,-4,1152.2329162656401,0.9505166071552091
131,-3,1206.4778156996588,0.9952650924984381
131,-2,1266.5113122171945,1.0447887908930746
131,-1,1215.204608294931,1.0024641241975922
131,0,1400.5556621880999,1.1553665906973085
131,1,72.83973128598848,0.06008800240878826
131,2,62.505758157389636,0.05156315214807558
131,3,56.05278310940499,0.046239870837429954
131,4,65.55182341650672,0.054075956264671245
131,5,59.91362763915547,0.049424814429447704
133,-5,3142.8399638336346,1.0
133,-4,2898.232991612302,0.9221700834162231
133,-3,2719.25,0.8652206384327188
133,-2,3045.419384057971,0.9690023733639844
133,-1,2828.3314763231197,0.8999285706145604
133,0,1667.6765375854213,0.5306272533047436
133,1,1239.1305998481398,0.39427098233046803
133,2,1051.9324221716022,0.33470760022042473
133,3,294.5345482156416,0.09371605032550513
133,4,300.0280941533789,0.09546400631465968
133,5,75.87395596051633,0.024141845220768197
134,-5,3532.994263862333,1.0
134,-4,3130.368029739777,0.8860382429032314
134,-3,3344.2027272727273,0.9465633050920339
134,-2,2821.2240773286467,0.7985362745096658
134,-1,2585.463025210084,0.7318050447055098
134,0,336.1726235741445,0.09515232645937968
134,1,171.04790874524716,0.04841443149082685
134,2,128.22205323193916,0.03629274311126803
134,3,136.1300380228137,0.038531066810732345
134,4,136.54068441064638,0.038647298640495854
134,5,124.02205323193917,0.03510394978574237
135,-5,712.2460317460317,1.0
135,-4,,
135,-3,650.6982633863965,0.9135863653620446
135,-2,,
135,-1,,
135,0,625.0832735104092,0.8776226832433902
135,1,617.1586503948313,0.8664964392738013
135,2,513.724335965542,0.7212737074942702
135,3,626.8234027279253,0.8800658407198176
135,4,565.370423546303,0.7937852909623501
135,5,579.6439339554918,0.8138254312692017
136,-5,1910.021494370522,1.0
136,-4,1754.9326530612245,0.9188025675279589
136,-3,1489.7912488605286,0.7799866405961641
136,-2,1440.0218423551757,0.7539296529381507
136,-1,1621.4367704280155,0.8489102217995644
136,0,1606.4772946859903,0.8410781236864722
136,1,70.85507246376811,0.03709647910905815
136,2,63.33429951690821,0.03315894596138094
136,3,58.7304347826087,0.03074857270230053
136,4,55.118840579710145,0.028857706964117404
136,5,59.542028985507244,0.03117348635133044
138,-5,1588.9145728643216,1.0
138,-4,1440.2357320099256,0.9064274169338292
138,-3,1962.8052763819096,1.235312023631062
138,-2,1676.103448275862,1.0548732303803885
138,-1,1556.4257206208426,0.9795528011396412
138,0,1441.6634717784877,0.9073259798855103
138,1,75.58466453674122,0.047569998933602475
138,2,150.2790202342918,0.09457967269025999
138,3,98.25878594249201,0.06184019431917086
138,4,96.93503727369541,0.06100707925345006
138,5,97.68583599574015,0.06147960227946226
139,-5,1999.2826333711691,1.0
139,-4,1877.70395480226,0.9391888487702689
139,-3,2107.1541850220265,1.0539551286297952
139,-2,1851.2527114967463,0.9259584816055665
139,-1,1969.7074468085107,0.9852071007525389
139,0,1705.6740506329113,0.8531430334873773
139,1,193.2542194092827,0.09666178067251027
139,2,136.13396624472574,0.06809140637368419
139,3,147.52004219409284,0.07378648707879092
139,4,108.33755274261604,0.054188212779069864
139,5,80.68354430379746,0.0403562472644249
140,-5,3090.3056768558954,1.0
140,-4,2811.9691629955946,0.9099323681974778
140,-3,2981.9549702633813,0.9649385148517893
140,-2,2563.6358930112165,0.8295735636157141
140,-1,2445.432525951557,0.7913238306055089
140,0,1854.0413793103448,0.5999540411797266
140,1,125.01182266009852,0.04045289875249061
140,2,108.20591133004926,0.03501463047504703
140,3,93.96748768472906,0.030407182172455
140,4,109.87487684729064,0.03555469533974332
140,5,89.07487684729064,0.02882396958799112
142,-5,1828.6337693222354,1.0
142,-4,2037.418918918919,1.1141754861467246
142,-3,1778.9097222222222,0.9728080887850808
142,-2,1915.1297619047618,1.047300883333564
142,-1,1631.097862767154,0.8919762339135321
142,0,1545.5866364665912,0.8452138762806767
142,1,309.7010192525481,0.16936197091412988
142,2,66.3850509626274,0.03630308707862939
142,3,64.39750849377124,0.035216186846226474
142,4,59.981879954699885,0.03280147231281393
142,5,63.338618346545864,0.03463712603864998
143,-5,1929.4619883040937,1.0
143,-4,1716.6207233626587,0.8896888012142119
143,-3,1628.729912875121,0.8441368229838505
143,-2,1433.2869649805448,0.7428428098966264
143,-1,1288.9084712755598,0.6680144408589515
143,0,306.3042168674699,0.1587511019777575
143,1,114.4487951807229,0.05931642907426127
143,2,122.49171686746988,0.06348490802616658
143,3,125.21987951807229,0.06489885795995115
143,4,230.45406626506025,0.11943954722197898
143,5,135.63930722891567,0.07029903053344742
144,-5,2810.233861144945,1.0
144,-4,2924.1326530612246,1.0405300048124375
144,-3,2639.1112440191387,0.9391073392532223
144,-2,2633.967418546366,0.9372769487138822
144,-1,2427.188579017264,0.8636962968015692
144,0,1918.523396880416,0.6826917230649165
144,1,86.22097053726169,0.030681065988626854
144,2,73.77729636048527,0.02625308070639606
144,3,72.95407279029463,0.02596014296140169
144,4,74.48786828422877,0.026505932233654366
144,5,132.16984402079723,0.047031617492128794
145,-5,1063.4335560504826,1.0
145,-4,856.8684043229498,0.8057564099305825
145,-3,708.0584940883634,0.6658229750789911
145,-2,631.9185295578739,0.5942247411345329
145,-1,711.853305785124,0.6693914271700219
145,0,664.3247687564234,0.6246979559528654
145,1,132.69630010277493,0.12478099769166552
145,2,133.25642343268242,0.12530770979955477
145,3,107.41880781089414,0.10101130174022346
145,4,120.43782117163413,0.11325373408276838
145,5,121.45118191161356,0.11420664809814231
146,-5,2660.0851553509783,1.0
146,-4,2544.91015625,0.9567025142524876
146,-3,3013.290582959641,1.1327797446251529
146,-2,2590.078244274809,0.9736824548885795
146,-1,2614.2201327433627,0.9827580622690388
146,0,2266.6411992263056,0.8520934732735048
146,1,127.2127659574468,0.047822817138597214
146,2,127.9284332688588,0.04809185638719885
146,3,71.6963249516441,0.026952642778153586
146,4,57.09090909090909,0.021462060707367232
146,5,60.1605415860735,0.02261602094393695
147,-5,1976.4638036809815,1.0
147,-4,1727.1336405529953,0.8738503772932084
147,-3,1631.2519863791147,0.8253386595499793
147,-2,1529.5758620689655,0.7738952057812906
147,-1,1603.3940809968847,0.8112438376107425
147,0,938.6990459670425,0.4749386476083205
147,1,210.92194275802254,0.10671682545625165
147,2,124.04770164787512,0.06276244544263736
147,3,114.10320901994797,0.05773098844888597
147,4,166.7354726799653,0.08436049897267832
147,5,120.47007805724198,0.06095233205529874
148,-5,2267.549163879599,1.0
148,-4,2166.898305084746,0.9556124910550353
148,-3,2556.2781791907514,1.1273308733104423
148,-2,2108.5608351331894,0.9298853884718455
148,-1,2402.777138749101,1.059636182105149
148,0,1647.8713080168777,0.726719109012613
148,1,89.94163150492264,0.03966468861519173
148,2,77.5126582278481,0.03418345209998888
148,3,68.78129395218002,0.030332878796109814
148,4,76.34106891701829,0.03366677562413011
148,5,74.79324894514768,0.032984179631714045
149,-5,3079.9045020463846,1.0
149,-4,,
149,-3,,
149,-2,,
149,-1,,
149,0,1748.5902777777778,0.5677417194643405
149,1,302.3078703703704,0.09815494933999012
149,2,89.68518518518519,0.02911946949186105
149,3,96.64583333333333,0.03137949026312953
149,4,106.01851851851852,0.0344226642248409
149,5,205.64583333333334,0.06677019797097469
150,-5,2786.9370967741934,1.0
150,-4,2427.1138014527846,0.8708893373525026
150,-3,2340.2636579572445,0.8397260421363791
150,-2,2221.969370860927,0.7972800582520496
150,-1,2709.7668393782383,0.9723100110564828
150,0,1799.934057408844,0.6458466750082807
150,1,148.0465477114042,0.053121596423099826
150,2,113.15593483320403,0.04060225649304358
150,3,166.82389449185416,0.059859224912161973
150,4,194.6477889837083,0.0698429071861751
150,5,118.11559348332041,0.04238186560437123
151,-5,1928.3570110701107,1.0
151,-4,1622.0941475826971,0.8411793761584335
151,-3,1178.3239875389409,0.6110507446362584
151,-2,,
151,-1,1095.4696040156164,0.5680844354685667
151,0,827.5741405849153,0.42916023113669516
151,1,690.6049256028733,0.35813125973993437
151,2,184.1580297588507,0.09549996639712226
151,3,89.57927142124166,0.046453675801210216
151,4,201.14161108260646,0.10430724701282681
151,5,81.67829656233967,0.042356418491726076
152,-5,1929.226490066225,1.0
152,-4,2160.8867647058823,1.120079356069647
152,-3,1882.8236842105264,0.9759474555762989
152,-2,2079.128895184136,1.0777007810590271
152,-1,1250.4639804639805,0.6481685726910454
152,0,957.0508474576271,0.49608008825587613
152,1,182.81954137587238,0.09476313036194972
152,2,208.2023928215354,0.10792013995950697
152,3,156.43668993020938,0.0810877783068588
152,4,139.0608175473579,0.07208112591414
152,5,109.29810568295115,0.05665384870347662
153,-5,2079.4158233670655,1.0
153,-4,2266.6594746716696,1.0900462760745047
153,-3,1943.7731397459165,0.9347688508970219
153,-2,1820.2971274685817,0.87538870629593
153,-1,1711.815934065934,0.8232196344904693
153,0,2327.8708333333334,1.1194830813415475
153,1,266.2395833333333,0.12803575905382336
153,2,193.51145833333334,0.09306049139319934
153,3,115.359375,0.05547681887560417
153,4,102.96875,0.049518114098636254
153,5,208.79479166666667,0.10041031203108697
154,-5,1196.9222462203024,1.0
154,-4,1278.3753424657534,1.0680521199289823
154,-3,1223.4198895027625,1.022138149212395
154,-2,1412.2102908277404,1.1798680284264786
154,-1,1181.9521072796936,0.9874928058293826
154,0,1328.7079261672095,1.1101037935948355
154,1,68.68729641693811,0.05738659853122632
154,2,66.41476655808903,0.05548795401523926
154,3,67.88816503800217,0.056718943316813285
154,4,73.54288816503801,0.061443329670975044
154,5,66.98805646036917,0.05596692406036166
155,-5,1881.459807073955,1.0
155,-4,1724.1184510250569,0.9163727253394823
155,-3,1428.7083333333333,0.759361602071776
155,-2,1362.7936842105264,0.7243278219851755
155,-1,1283.5648148148148,0.6822175047209825
155,0,1094.7705943691344,0.581872963883146
155,1,954.9843587069864,0.5075762740805914
155,2,117.40354535974974,0.062400240982206076
155,3,82.10636079249218,0.04363971023127193
155,4,71.04900938477581,0.03776270378864547
155,5,71.38686131386861,0.037942272827443176
157,-5,1666.069055944056,1.0
157,-4,1607.2475685234306,0.964694448161817
157,-3,1554.1765249537893,0.93284040022767
157,-2,1998.9866220735787,1.1998221892074452
157,-1,1669.6883012820513,1.0021723261260287
157,0,1087.0542697525939,0.6524665144426616
157,1,810.7916999201915,0.48664951613351176
157,2,235.0510774142059,0.14108123344324244
157,3,117.55865921787709,0.07056049615618366
157,4,72.4341580207502,0.043476083876791256
157,5,60.53790901835595,0.03633577419997933
158,-5,2334.57976366322,1.0
158,-4,2014.0944484498918,0.862722482135093
158,-3,1889.389928057554,0.8093062218156502
158,-2,1657.861415025529,0.710132693185071
158,-1,1929.553083280356,0.8265098127350632
158,0,1838.4850746268658,0.7875015038004418
158,1,72.49253731343283,0.03105164297307359
158,2,78.50310945273633,0.03362622715856838
158,3,72.59266169154229,0.03109453051097992
158,4,69.7705223880597,0.029885687982912114
158,5,69.13992537313433,0.029615576408769155
159,-5,2174.2709966405373,1.0
159,-4,1952.4850107066381,0.8979952424161568
159,-3,2084.057860262009,0.9585087891445379
159,-2,1738.201,0.7994408253091227
159,-1,1654.8974113135187,0.7611274831290571
159,0,1168.429277942631,0.5373889822142545
159,1,90.37190900098912,0.04156423423787679
159,2,100.60633036597429,0.04627129300874683
159,3,89.02967359050444,0.04094690759710452
159,4,78.79723046488625,0.036240758666530405
159,5,79.25816023738872,0.036452751455476516
160,-5,3204.6159143075747,1.0
160,-4,3059.2118644067796,0.9546266841989978
160,-3,2884.598086124402,0.900138476266564
160,-2,3523.770456191166,1.0995921353503455
160,-1,2419.8646723646725,0.7551184719394167
160,0,1625.8750726321905,0.5073541154723671
160,1,612.4241719930274,0.19110688718069185
160,2,477.1394538059268,0.148891307590296
160,3,508.5398024404416,0.15868978250091553
160,4,476.3660662405578,0.1486499720961059
160,5,403.3015688553167,0.12585020471710992
161,-5,2771.8762886597938,1.0
161,-4,2568.2936936936935,0.9265542276186746
161,-3,2263.9383445945946,0.8167530253268309
161,-2,3034.1743679163033,1.09462834987608
161,-1,2658.2466555183946,0.9590062393454294
161,0,1980.9268482490272,0.714651969264764
161,1,144.568093385214,0.052155319476798474
161,2,134.79066147859922,0.04862794996661655
161,3,311.6661478599222,0.11243869329053399
161,4,147.9307392996109,0.053368449344157284
161,5,133.7377431906615,0.04824809236177127
162,-5,1528.8061509785648,1.0
162,-4,,
162,-3,,
162,-2,115.17437722419929,0.07533615504521485
162,-1,,
162,0,109.93625498007968,0.07190987222919741
162,1,56.21912350597609,0.03677321907031256
162,2,53.461155378486055,0.03496921787256443
162,3,53.2390438247012,0.034823933557975105
162,4,59.9910358565737,0.039240446421656784
162,5,54.54980079681275,0.03568130646380267
163,-5,1935.7246240601503,1.0
163,-4,1737.6512723845428,0.8976748297698709
163,-3,1587.4832713754647,0.8200976790003037
163,-2,1826.0532971996386,0.9433435285694316
163,-1,1629.5300546448088,0.841819148442146
163,0,2207.669282511211,1.1404872651155624
163,1,85.81053811659193,0.044329930533510364
163,2,66.98206278026906,0.034603094855390794
163,3,61.36434977578475,0.03170097079566723
163,4,93.51233183856502,0.048308695708186244
163,5,79.88004484304933,0.041266223433941894
164,-5,2292.9752321981423,1.0
164,-4,2179.453761755486,0.9504916281481899
164,-3,2016.5753749013418,0.8794579839260488
164,-2,2318.978835978836,1.0113405515312808
164,-1,2168.4919354838707,0.9457110155546963
164,0,1905.765903307888,0.8311323543957083
164,1,459.80237489397797,0.20052653357846875
164,2,297.5665818490246,0.1297731339050552
164,3,259.7141645462256,0.11326514168112174
164,4,152.25699745547072,0.06640150112284936
164,5,159.04664970313826,0.06936256766745337
165,-5,2232.099426386233,1.0
165,-4,2013.1929824561403,0.9019280049345731
165,-3,1888.4127740705433,0.8460253838817036
165,-2,1825.6986301369864,0.8179289007267884
165,-1,1870.5226843100188,0.8380104677229335
165,0,1073.0061208875286,0.4807160954405712
165,1,904.4621270084162,0.4052069170022321
165,2,187.94032134659525,0.08419890221954425
165,3,187.47666411629686,0.08399117973871863
165,4,340.2096403978577,0.1524168844703557
165,5,202.5363427697016,0.09073804704909931
166,-5,1601.6943462897527,1.0
166,-4,,
166,-3,1598.1784565916398,0.9978048934827938
166,-2,1486.2953736654804,0.9279519385882903
166,-1,1509.882530120482,0.9426783166326657
166,0,1379.5819672131147,0.8613266135382506
166,1,234.1639344262295,0.14619764062266868
166,2,167.8754098360656,0.10481113966902664
166,3,125.42786885245901,0.07830949091067631
166,4,80.57868852459016,0.050308405415332075
166,5,80.14262295081967,0.050036152738171406
167,-5,3683.598566308244,1.0
167,-4,3163.6981776765374,0.8588607365126765
167,-3,3494.308035714286,0.9486126060735038
167,-2,3276.89088863892,0.8895895765110658
167,-1,3049.374449339207,0.827824855083309
167,0,3453.279742765273,0.9374745050534105
167,1,1515.742765273312,0.411484242375632
167,2,1535.0932475884244,0.41673738871250493
167,3,1464.0996784565916,0.39746450437022884
167,4,984.6002143622723,0.26729302790153187
167,5,701.8199356913183,0.1905256295054682
168,-5,1592.143347639485,1.0
168,-4,1512.6906779661017,0.9500970375618628
168,-3,1412.3984641638226,0.8871050877785894
168,-2,1404.1256281407036,0.8819090506030522
168,-1,921.2649930264993,0.5786319393868452
168,0,711.6938394523958,0.4470036196850959
168,1,628.1101431238333,0.3945060248846755
168,2,594.403235843186,0.3733352507011693
168,3,695.3018046048537,0.43670804242325895
168,4,694.4648413192284,0.4361823590500462
168,5,653.8848786558805,0.41069472772368865
169,-5,1201.7071860308931,1.0
169,-4,1163.1822398939696,0.9679414864246862
169,-3,1044.6154362416107,0.8692761834035967
169,-2,1098.557239057239,0.9141638261194501
169,-1,882.1676866585067,0.7340953744083113
169,0,660.8633350331463,0.5499370751171967
169,1,171.52524222335543,0.1427346397002788
169,2,88.23202447730749,0.07342223255627536
169,3,81.05711371749108,0.06745163435796188
169,4,76.58235594084651,0.06372796703811819
169,5,72.81642019377868,0.0605941455957198
171,-5,3732.083916083916,1.0
171,-4,3617.373182552504,0.9692636242617562
171,-3,2905.414307004471,0.7784965108858347
171,-2,3338.935628742515,0.8946571684395745
171,-1,2987.4478707782673,0.8004771430522932
171,0,2734.6815561959656,0.7327492140277149
171,1,906.0749279538904,0.24277989142983605
171,2,808.7636887608069,0.21670565478855697
171,3,950.6080691642651,0.2547124047954796
171,4,785.5489913544668,0.21048535054880146
171,5,770.256484149856,0.20638777194433716
172,-5,2532.3099209833185,1.0
172,-4,2302.543034605146,0.9092658902157791
172,-3,2430.896933560477,0.9599523792161024
172,-2,2101.342287694974,0.8298124452630206
172,-1,1939.7886382623224,0.7660154952554484
172,0,1065.4199372056514,0.4207304676166728
172,1,113.66718995290424,0.04488676090198559
172,2,96.712715855573,0.03819150059563743
172,3,93.66091051805337,0.03698635374049477
172,4,121.0298273155416,0.04779423968316825
172,5,142.56985871271584,0.056300319929779644
173,-5,1076.4198473282443,1.0
173,-4,977.2058359621451,0.9078296339366504
173,-3,902.2593457943925,0.8382039294740511
173,-2,875.0725308641976,0.8129472278276864
173,-1,,
173,0,828.8420320111343,0.7699988383421051
173,1,747.0675017397356,0.6940298468056064
173,2,759.7522616562283,0.7058140590235223
173,3,,
173,4,,
173,5,,
174,-5,1715.9521871820957,1.0
174,-4,2355.632008154944,1.37278417531162
174,-3,1981.165202108963,1.1545573454248717
174,-2,1213.3412322274883,0.7070950119070709
174,-1,982.320299500832,0.5724636775072269
174,0,834.0181388012618,0.48603809886502175
174,1,824.5977917981072,0.4805482331953818
174,2,725.2649842271294,0.42266036877061586
174,3,657.1577287066247,0.3829697200280368
174,4,720.5859621451104,0.41993358994952135
174,5,586.3698738170347,0.3417169069144987
175,-5,1664.7434052757794,1.0
175,-4,1503.813492063492,0.9033304996419986
175,-3,1857.5241210139002,1.115802060021487
175,-2,1594.470367591898,0.9577874659474983
175,-1,1498.9641577060931,0.9004175375950966
175,0,1734.6466165413533,1.0419903818474618
175,1,174.03233082706768,0.10454003318201323
175,2,93.94736842105263,0.05643354292518697
175,3,89.69097744360903,0.05387675791918871
175,4,91.94736842105263,0.0552321565771998
175,5,87.62857142857143,0.05263788470395231
176,-5,1435.6777251184835,1.0
176,-4,1225.2244725738396,0.8534119121146944
176,-3,1039.5403481012659,0.724076392573044
176,-2,881.4992389649924,0.6139952048724892
176,-1,957.4255737704918,0.6668805658954398
176,0,926.7401894451962,0.6455071171134276
176,1,121.40392422192151,0.0845621006008868
176,2,88.91204330175914,0.06193036344171281
176,3,92.75507442489851,0.06460716970254841
176,4,67.97699594046009,0.04734836708206926
176,5,67.57171853856563,0.047066077126041
177,-5,2570.7546983184966,1.0
177,-4,2628.2849002849002,1.0223787209273734
177,-3,2331.62702188392,0.9069815270235673
177,-2,2205.3963178294575,0.8578789408697702
177,-1,1999.3578629032259,0.7777318715826853
177,0,2435.7260909935003,0.9474751101638297
177,1,661.1782729805014,0.2571922842008112
177,2,149.9201485608171,0.058317562799312696
177,3,128.41782729805013,0.04995335703637802
177,4,136.83751160631383,0.05322853701125891
177,5,235.35004642525533,0.09154900954929511
178,-5,1637.4043977055449,1.0
178,-4,1967.1612604263207,1.2013899945443265
178,-3,1893.219759926131,1.1562322432864196
178,-2,1785.9497307001795,1.0907200036855818
178,-1,2157.1369168356996,1.3174124363281565
178,0,1580.8910638297873,0.9654860253490535
178,1,349.4417021276596,0.21341197239809775
178,2,336.86042553191487,0.2057283014531714
178,3,295.78978723404254,0.18064553121301347
178,4,288.63234042553194,0.17627431612495084
178,5,256.47744680851065,0.15663659335953067
179,-5,1691.19734904271,1.0
179,-4,1587.8504741064917,0.9388912979347342
179,-3,1479.0433482810165,0.8745539656375516
179,-2,1877.665,1.110257771550339
179,-1,1643.5629680054458,0.9718339311114536
179,0,878.679156908665,0.5195603915805775
179,1,99.56440281030444,0.05887213746323701
179,2,81.21018735362998,0.04801934404615666
179,3,195.6943793911007,0.11571350883554311
179,4,74.4115925058548,0.04399935498241819
179,5,75.31850117096019,0.04453560739886075
180,-5,1264.4175732217573,1.0
180,-4,1778.387041773231,1.4064871284902114
180,-3,1563.9200639488408,1.2368699210371983
180,-2,1392.482200647249,1.1012834922083383
180,-1,1265.689465408805,1.0010059115073884
180,0,1113.675572519084,0.8807814729127972
180,1,161.62290076335879,0.1278239912084905
180,2,102.19618320610687,0.08082470962951684
180,3,116.69465648854961,0.09229123270662054
180,4,137.13664122137405,0.10845834803762461
180,5,126.75725190839695,0.10024951771701285
181,-5,2715.647227533461,1.0
181,-4,2579.500473933649,0.9498658175408631
181,-3,2826.397800183318,1.0407823856968523
181,-2,2552.157943067034,0.9397973040058966
181,-1,2718.5536823425023,1.001070262285754
181,0,1501.6867088607594,0.5529756198210971
181,1,1232.0830696202531,0.453697762039334
181,2,209.64636075949366,0.07719940890478216
181,3,183.56803797468353,0.06759642272881398
181,4,178.25791139240508,0.06564104114300269
181,5,210.41772151898735,0.07748345196887127
182,-5,2182.345193035579,1.0
182,-4,1982.3246656760773,0.9083460636759857
182,-3,1817.5140324963072,0.832826098408473
182,-2,2178.3795379537955,0.998182847015019
182,-1,2029.8853887399464,0.9301394642872398
182,0,1332.7124352331607,0.610679025245954
182,1,139.5667098445596,0.06395262779231838
182,2,128.78044041450778,0.0590101148184435
182,3,129.5582901554404,0.05936654318890247
182,4,120.76813471502591,0.05533869485928618
182,5,112.57124352331606,0.051582693646522855
183,-5,1574.0109060402685,1.0
183,-4,2093.2711585866887,1.3298962227985578
183,-3,1707.5544703230653,1.0848428456056582
183,-2,1607.3208841463415,1.0211624824060912
183,-1,1492.4736842105262,0.9481978037656263
183,0,1382.1504491017963,0.8781072887092412
183,1,260.39745508982037,0.16543561044624586
183,2,125.37724550898204,0.07965462312100045
183,3,95.35853293413173,0.060583146259148055
183,4,64.50898203592814,0.0409838215150701
183,5,66.43263473053892,0.042205955800943704
184,-5,1892.402985074627,1.0
184,-4,1874.983842010772,0.9907952253292561
184,-3,2131.3430711610486,1.1262627928464184
184,-2,1916.931851851852,1.0129617565448183
184,-1,1808.4087272727272,0.955615025729529
184,0,1384.673076923077,0.7317009579058935
184,1,129.46571906354515,0.06841339824796337
184,2,142.15384615384616,0.07511816842132085
184,3,123.02090301003345,0.06500777264689324
184,4,143.86454849498327,0.07602215259098737
184,5,103.33193979933111,0.05460355992582426
185,-5,2068.7667464114834,1.0
185,-4,1744.9202380952381,0.8434591483655687
185,-3,2087.947858472998,1.0092717615916762
185,-2,1818.150980392157,0.8788574079441055
185,-1,1634.1706387035272,0.7899250321662344
185,0,933.1550387596899,0.4510682706875272
185,1,160.7631352282515,0.07770964779239316
185,2,307.2687338501292,0.14852749077832123
185,3,295.86477174849267,0.14301504616782174
185,4,270.473729543497,0.1307415299538554
185,5,413.17915590008613,0.199722446533324
186,-5,1873.316430020284,1.0
186,-4,1811.861365953109,0.9671945096501878
186,-3,1743.471038251366,0.9306868878700263
186,-2,2172.3499079189687,1.1596278520310883
186,-1,1809.8596300326442,0.9661259577022165
186,0,1442.6871035940803,0.7701246198852049
186,1,105.42071881606765,0.05627491283729688
186,2,59.98625792811839,0.03202142305849998
186,3,159.9323467230444,0.0853739091592298
186,4,63.85095137420719,0.034084445292307516
186,5,54.3446088794926,0.029009839452966396
188,-5,3191.308564231738,1.0
188,-4,3013.783582089552,0.9443723542963254
188,-3,3391.4947077772663,1.0627285452084514
188,-2,3124.8879568603957,0.9791870306382198
188,-1,2331.3564476885645,0.7305330715489134
188,0,1785.012909174735,0.559335731173476
188,1,320.96496081143385,0.1005747185993911
188,2,383.5006915629322,0.12017035765867866
188,3,177.25172890733057,0.05554202150615336
188,4,168.2577224527432,0.052723739828413885
188,5,110.2448132780083,0.03454533181580584
190,-5,2228.188040912667,1.0
190,-4,2525.6145510835913,1.133483577108285
190,-3,2229.13046875,1.0004229570485206
190,-2,2355.1768246802108,1.0569919510543324
190,-1,2023.895216400911,0.9083143699002721
190,0,1258.0351390922401,0.564600076830566
190,1,970.7650073206443,0.4356746331530522
190,2,194.62225475841873,0.08734552523614719
190,3,206.89677891654466,0.09285427222372113
190,4,129.3484626647145,0.05805096351371373
190,5,158.83235724743778,0.07128319259014601
191,-5,2162.2858255451715,1.0
191,-4,2817.9569583931134,1.3032305558783512
191,-3,2114.801972062449,0.9780399737528915
191,-2,1515.8776928422515,0.7010533366744228
191,-1,1172.1864615384616,0.5421052331242662
191,0,1015.8791411042945,0.46981723188615154
191,1,281.5128834355828,0.1301922623317413
191,2,123.83067484662577,0.05726841168900724
191,3,113.37668711656441,0.05243371888079553
191,4,133.6914110429448,0.06182874135487501
191,5,124.2,0.057439214803475754
192,-5,2311.0493066255776,1.0
192,-4,2117.7815533980583,0.9163722934541304
192,-3,2304.8052434456927,0.9972981696400921
192,-2,2085.593900481541,0.9024445711748011
192,-1,2339.841868823001,1.0124586533549402
192,0,1635.1134686346863,0.7075199408108508
192,1,79.10239852398524,0.034227914695374756
192,2,74.39206642066421,0.03218973572194614
192,3,68.50461254612546,0.029642211591820514
192,4,93.04612546125462,0.040261419431640626
192,5,87.97785977859779,0.03806836120993737
193,-5,1920.0803127221038,1.0
193,-4,2110.2057142857143,1.0990195047071074
193,-3,2076.0683385579937,1.081240365208862
193,-2,1882.8558897243108,0.9806130906342039
193,-1,2098.9756690997565,1.0931707674894244
193,0,1774.6003764115433,0.9242323691636037
193,1,135.55583437892096,0.07059904394662692
193,2,62.86449184441656,0.032740553313258744
193,3,63.2189460476788,0.03292515715556351
193,4,62.51191969887076,0.032556929668346744
193,5,62.43412797992472,0.03251641484277898
194,-5,2455.868061874431,1.0
194,-4,2207.819012797075,0.8989974042465321
194,-3,2110.1937842778793,0.8592455828703122
194,-2,1954.3662361623617,0.7957944754860731
194,-1,2523.478095238095,1.0275299941447429
194,0,2182.936244541485,0.8888654396504378
194,1,238.74847161572052,0.09721551223460137
194,2,273.7737991266375,0.11147740523067058
194,3,315.70305676855895,0.1285504957166143
194,4,124.0,0.050491311778922486
194,5,98.01921397379913,0.03991224752480651
195,-5,2278.0273775216137,1.0
195,-4,2965.2130612244896,1.301658219951027
195,-3,2609.67929089444,1.145587325527952
195,-2,2094.6945578231293,0.9195212395129588
195,-1,2729.1388235294116,1.1980272276176882
195,0,1303.5532963647565,0.5722289860198962
195,1,84.75046210720888,0.03720344318223839
195,2,91.08441158348737,0.03998389680574555
195,3,98.2852741836106,0.043144904733559586
195,4,121.0067775723968,0.05311910592753563
195,5,179.0856438693777,0.07861435101109909
196,-5,1555.4952380952382,1.0
196,-4,1457.7324503311258,0.9371500565415896
196,-3,1321.8636363636363,0.8498024320423555
196,-2,1580.890604890605,1.0163262259976213
196,-1,1442.2915129151293,0.9272233547183782
196,0,805.1381856540085,0.5176089041840656
196,1,805.256329113924,0.5176848564962439
196,2,614.617088607595,0.39512630675759347
196,3,694.1075949367089,0.44622932808632026
196,4,609.1518987341772,0.3916128341737043
196,5,81.03059071729957,0.05209311396962202
197,-5,1789.3521126760563,1.0
197,-4,2008.604995374653,1.1225319942035858
197,-3,1883.2251162790699,1.0524620073030915
197,-2,1699.8714932126697,0.9499927270717197
197,-1,1928.6906474820144,1.0778709421241697
197,0,980.0,0.5476842668681716
197,1,107.8637037037037,0.06028087090270271
197,2,83.38666666666667,0.04660159734685096
197,3,92.50518518518518,0.05169758625474755
197,4,111.93703703703704,0.06255730006635206
197,5,116.83407407407407,0.06529406551477644
199,-5,2318.5096700796357,1.0
199,-4,2543.900954653938,1.0972138643556144
199,-3,1324.4179389312976,0.5712367543784308
199,-2,,
199,-1,,
199,0,758.0385802469136,0.32695079517217485
199,1,416.6566358024691,0.179708819497034
199,2,389.9151234567901,0.16817489635201624
199,3,362.60648148148147,0.15639636364726775
199,4,322.75308641975306,0.13920713404169982
199,5,520.1574074074074,0.22434989774683198
200,-5,2262.1399239543725,1.0
200,-4,2452.0338855421687,1.0839443924652763
200,-3,2107.2444444444445,0.931527012157957
200,-2,2064.2213561964145,0.9125082557174522
200,-1,1939.6547231270358,0.8574424166195649
200,0,1606.272787318362,0.7100678301590156
200,1,158.79722589167767,0.07019779113136797
200,2,96.73051519154558,0.04276062420685903
200,3,86.29392338177014,0.038147031696837995
200,4,79.82959048877147,0.03528941319828881
200,5,105.29326287978864,0.046545866488987536
201,-5,2146.7483253588516,1.0
201,-4,1806.29,0.8414074340540406
201,-3,1632.9031690140846,0.7606402435372239
201,-2,1409.2697311361665,0.6564671389230464
201,-1,1548.1652892561983,0.7211675774790257
201,0,1529.0765588003158,0.7122756499855262
201,1,72.83030781373323,0.033925871492904915
201,2,83.82241515390686,0.03904622361351793
201,3,90.10970797158643,0.04197497531832179
201,4,63.935280189423835,0.02978238270139858
201,5,67.65272296764009,0.03151404483165544
202,-5,1932.810450819672,1.0
202,-4,1820.7695351137488,0.9420321244339255
202,-3,1575.2811881188118,0.815021042260384
202,-2,993.9032761310452,0.5142269774615238
202,-1,898.6647144948755,0.4649523258288298
202,0,777.3317340644277,0.4021769096575272
202,1,137.04523646333104,0.07090464375604576
202,2,92.52775873886223,0.04787213288277843
202,3,106.34132967786155,0.055019016289343844
202,4,117.45167923235093,0.06076730347900471
202,5,122.89444825222755,0.06358329043601255
203,-5,2927.338937457969,1.0
203,-4,2742.04238410596,0.9367013669032407
203,-3,2594.6192498230716,0.8863405657003205
203,-2,3108.1175,1.0617552549958613
203,-1,2691.790990990991,0.9195351301986497
203,0,1910.4308323563891,0.6526168896640856
203,1,1363.905041031653,0.46591975516714007
203,2,359.70046893317704,0.12287626291936399
203,3,483.5562719812427,0.1651862945536301
203,4,446.95545134818286,0.1526831914230978
203,5,456.97772567409146,0.1561068722950544
204,-5,2636.8280309544284,1.0
204,-4,2197.9661436829065,0.8335644637725308
204,-3,1682.1858407079646,0.637958115190045
204,-2,1226.5398633257403,0.4651573211931386
204,-1,1469.6565988181221,0.5573577728867529
204,0,1177.0117866004962,0.44637411798692994
204,1,206.35794044665013,0.07825991609015043
204,2,202.3821339950372,0.07675211717230676
204,3,183.94106699751862,0.06975846162062346
204,4,369.96898263027293,0.14030834710762638
204,5,268.4026054590571,0.1017899545621509
205,-5,1930.4943722943724,1.0
205,-4,1657.189236111111,0.8584273851788332
205,-3,1571.045013239188,0.8138045030258324
205,-2,,
205,-1,1893.154028436019,0.9806576261530486
205,0,1102.6465730800992,0.5711731610849584
205,1,218.4376548307184,0.11315114820620147
205,2,78.4393063583815,0.04063171977298085
205,3,68.47894302229562,0.035472231364709506
205,4,75.30553261767135,0.039008418619823015
205,5,71.24607762180017,0.036905612699157965
206,-5,1947.465701219512,1.0
206,-4,1725.0,0.8857665626253634
206,-3,1701.3963607594937,0.8736463803670953
206,-2,1546.8726265822784,0.7943003184156823
206,-1,1788.1152416356877,0.9181754731371965
206,0,1788.2110294117647,0.9182246589975775
206,1,80.09779411764706,0.04112924508374625
206,2,74.69191176470588,0.038353390109994466
206,3,65.74779411764706,0.03376069425842801
206,4,61.17205882352941,0.03141110972338213
206,5,65.31838235294117,0.03354019652928342
208,-5,1606.7926646706587,1.0
208,-4,1485.75,0.9246681495801646
208,-3,1413.4535232383807,0.8796738710081762
208,-2,1496.6091040462427,0.9314263980368618
208,-1,1508.377667140825,0.9387506554555963
208,0,843.4334600760457,0.5249174200387097
208,1,76.2256020278834,0.04743960045617162
208,2,66.617237008872,0.041459759229437614
208,3,64.92902408111533,0.04040908669098493
208,4,61.038656527249685,0.037987885972681275
208,5,62.79847908745247,0.03908312532676651
209,-5,2334.1207609594708,1.0
209,-4,2168.706299911269,0.9291320038727534
209,-3,2793.62353858145,1.1968633265714557
209,-2,2440.0414428242516,1.0453792638480457
209,-1,2341.315789473684,1.003082543386168
209,0,1352.2214484679666,0.5793279726932887
209,1,1149.3948467966575,0.4924316110894724
209,2,116.1016713091922,0.04974107306318937
209,3,60.00208913649025,0.025706505910099358
209,4,71.76740947075209,0.030747085014252287
209,5,71.12256267409471,0.0304708153338471
210,-5,2853.039819004525,1.0
210,-4,3287.638379942141,1.152328249343977
210,-3,2260.108716026242,0.7921756650472663
210,-2,1988.1140583554377,0.6968406277095442
210,-1,1552.8932291666667,0.5442942712620458
210,0,1867.4580335731414,0.6545502874280703
210,1,1554.1900479616306,0.5447488105875489
210,2,689.8177458033573,0.24178342734944608
210,3,557.7829736211031,0.19550479804229415
210,4,470.69364508393284,0.16497969707557955
210,5,699.0401678657074,0.24501591713136855
212,-5,2228.884393063584,1.0
212,-4,2069.875542691751,0.9286598933230106
212,-3,1826.4508375819373,0.8194461961625094
212,-2,2061.075017205781,0.9247114940640101
212,-1,1980.823002754821,0.8887060311065283
212,0,1835.0306834030685,0.8232955863990924
212,1,62.53347280334728,0.02805595166710083
212,2,69.56206415620642,0.03120936391886791
212,3,65.99163179916317,0.02960747179375158
212,4,75.2350069735007,0.03375455775437988
212,5,75.22733612273362,0.03375111618926733
213,-5,2058.1666666666665,1.0
213,-4,2653.081939799331,1.2890510680051814
213,-3,2376.524549918167,1.1546803222535431
213,-2,2226.1234963913394,1.081605067483038
213,-1,1851.3675595238096,0.8995226623324041
213,0,1135.9230258792302,0.5519101267532093
213,1,381.3589913735899,0.1852906266290015
213,2,251.50962176509623,0.12220080416151732
213,3,212.9761114797611,0.10347855444801739
213,4,126.9814200398142,0.06169637381479352
213,5,192.14930325149302,0.09335944768879732
214,-5,2732.1317008603573,1.0
214,-4,2577.532501641497,0.9434144411229604
214,-3,2482.7231903485253,0.9087128521537624
214,-2,3207.9311010946553,1.1741495111983318
214,-1,2089.890476190476,0.7649303565901902
214,0,1523.7662337662337,0.557720637437205
214,1,1373.9328063241107,0.5028794204508716
214,2,94.96047430830039,0.03475691683471811
214,3,206.71767363071712,0.0756616796934134
214,4,74.79390175042349,0.02737565752297762
214,5,67.36645962732919,0.02465710551439203
215,-5,1323.5375603032392,1.0
215,-4,1464.1016835016835,1.1062033503350213
215,-3,1226.2865853658536,0.9265219379833058
215,-2,,
215,-1,,
215,0,1107.1140854047164,0.8364810479205914
215,1,1108.0694710006373,0.8372028903711389
215,2,891.1121733588272,0.6732806080355304
215,3,1162.168260038241,0.8780772793270586
215,4,1053.1204588910134,0.7956861146046587
215,5,1100.6035691523264,0.8315620214814033
217,-5,1591.5911330049262,1.0
217,-4,2118.2384488448847,1.330893597557086
217,-3,1817.756593820648,1.142100226701264
217,-2,1702.0292573143286,1.0693885018703861
217,-1,1578.7677655677655,0.9919430517227436
217,0,1250.9838565022421,0.7859957438568931
217,1,204.5031390134529,0.12848974511899341
217,2,114.97937219730942,0.07224177730886713
217,3,77.53273542600897,0.04871397799234221
217,4,70.82511210762331,0.044499564391204796
217,5,64.19103139013453,0.04033135775828417
218,-5,3332.077363896848,1.0
218,-4,2897.4471403812827,0.8695617850219217
218,-3,,
218,-2,2989.5966514459665,0.8972170585948365
218,-1,3059.4695121951218,0.9181868180326663
218,0,3066.082785808147,0.9201715479446066
218,1,869.9934296977661,0.2610964076417221
218,2,812.7542706964521,0.24391818734542825
218,3,775.2076215505913,0.23264994683196363
218,4,1118.8528252299607,0.33578236728617483
218,5,1001.6373193166886,0.3006044607995772
219,-5,2531.743512974052,1.0
219,-4,2721.8575498575497,1.0750921394324695
219,-3,2563.067061143984,1.0123723228713386
219,-2,2640.277052238806,1.0428690895063295
219,-1,2394.098470363289,0.9456323115254789
219,0,2307.8664158043275,0.9115719676884904
219,1,125.01505174035748,0.04937903507986149
219,2,62.419567262464724,0.024654775233981005
219,3,66.64722483537159,0.026324635372356797
219,4,62.60018814675447,0.024726117723204002
219,5,79.44684854186265,0.03138029114510736
221,-5,2544.007582139848,1.0
221,-4,2353.949602122016,0.925291897181388
221,-3,2717.8948863636365,1.0683517240453844
221,-2,2504.2712246431256,0.9843804091718551
221,-1,1746.6434782608696,0.6865716480261865
221,0,1425.4319609211445,0.560309635446199
221,1,1195.880669923238,0.47007747866747457
221,2,1245.5115143056526,0.4895864002331361
221,3,322.3921842288904,0.12672610981674662
221,4,246.73691556175854,0.09698749221266866
221,5,304.1681786461968,0.1195626069598232
222,-5,1280.449754901961,1.0
222,-4,1536.377837116155,1.1998735844451698
222,-3,1304.4459134615386,1.018740414036328
222,-2,1447.7535121328224,1.1306601501467517
222,-1,1231.3278106508876,0.9616369607139842
222,0,1080.0443181818182,0.8434882462564984
222,1,598.915909090909,0.46773870415303076
222,2,134.125,0.1047483507154636
222,3,82.21818181818182,0.06421039287439823
222,4,66.9034090909091,0.05224992924148877
222,5,63.24659090909091,0.04939404351241682
224,-5,1352.7634212920836,1.0
224,-4,1200.5289719626169,0.8874640998319862
224,-3,1618.8590544157003,1.1967052249753005
224,-2,1363.6278317152103,1.0080312715823951
224,-1,1264.642054574639,0.9348582573046836
224,0,881.8700331125827,0.651902630742536
224,1,103.58443708609272,0.07657247043770202
224,2,150.4793046357616,0.1112384488427638
224,3,90.05298013245033,0.0665696445624149
224,4,96.86506622516556,0.07160532632723429
224,5,109.50496688741723,0.08094908922272916
226,-5,3340.975871313673,1.0
226,-4,3181.7312198483805,0.9523358869985861
226,-3,3564.4379518072287,1.0668852721781825
226,-2,3376.456,1.0106196901902127
226,-1,3136.2258064516127,0.9387154912969927
226,0,3440.0573434757166,1.0296564464930076
226,1,102.59625511995318,0.030708469343004353
226,2,90.77881802223523,0.027171347988975737
226,3,80.50029256875365,0.024094844042408754
226,4,67.9052077238151,0.020324962028868153
226,5,73.94909303686366,0.022133979976271676
227,-5,1869.1425959780622,1.0
227,-4,1795.2320942883046,0.9604575371355856
227,-3,1021.6489825581396,0.5465869670706122
227,-2,949.1913229018492,0.5078217814650828
227,-1,791.438795986622,0.4234234443587155
227,0,749.6957726957727,0.4010907323544681
227,1,620.3714483714484,0.3319016161240646
227,2,123.14622314622315,0.06588380330703698
227,3,235.3846153846154,0.12593186624236455
227,4,129.1074151074151,0.06907306878845022
227,5,109.21968121968122,0.058433038471594013
229,-5,1715.663590604027,1.0
229,-4,1811.0740458015266,1.0556114005799406
229,-3,1722.7543138866065,1.0041329333567564
229,-2,1734.4389513108615,1.0109434977868967
229,-1,1580.627813504823,0.9212923921456756
229,0,1411.8691774033696,0.8229289151647138
229,1,95.802775024777,0.055840070016901215
229,2,138.49454905847372,0.08072360445075046
229,3,122.58969276511398,0.07145322278591593
229,4,112.29335976214074,0.06545185220291704
229,5,90.50743310208127,0.05275360134571409
231,-5,2765.6080827067667,1.0
231,-4,2493.0038240917784,0.9014306255757742
231,-3,2608.539366515837,0.943206444480303
231,-2,2340.313543599258,0.8462202429307111
231,-1,2208.8271028037384,0.7986768322725997
231,0,1407.6155285313378,0.5089714400724743
231,1,324.4462114125351,0.11731460196449521
231,2,169.1506080449018,0.06116217590720593
231,3,139.80823199251637,0.050552438310667185
231,4,155.79139382600562,0.0563316960201855
231,5,141.13657623947614,0.05103274651314383
232,-5,1907.262808349146,1.0
232,-4,1774.2721342031687,0.9302714478760853
232,-3,1975.8796296296296,1.0359765948248503
232,-2,1795.813698630137,0.9415659398216467
232,-1,1522.3400637619554,0.7981805428689898
232,0,952.5316552250191,0.4994233888771177
232,1,820.7688787185355,0.4303386377197601
232,2,72.06407322654462,0.037784028981784915
232,3,73.10526315789474,0.03832993693258868
232,4,73.85049580472922,0.03872067104829218
232,5,75.49046529366896,0.0395805260623787
233,-5,2048.4791666666665,1.0
233,-4,2043.6496191512513,0.9976423741114858
233,-3,1332.5210008936551,0.6504928253978607
233,-2,1072.9045967042498,0.5237566552605489
233,-1,914.2932985204526,0.44632784819003657
233,0,1022.9194282001299,0.4993555437835614
233,1,115.36842105263158,0.056319059978706926
233,2,55.35217673814165,0.02702110797065709
233,3,56.44379467186485,0.027553999860155533
233,4,58.330734243014945,0.028475141554859983
233,5,139.01949317738791,0.0678647337202866
234,-5,2412.2393013100436,1.0
234,-4,2172.5475982532753,0.9006351886702965
234,-3,2047.2408888888888,0.8486889703592297
234,-2,2320.73756432247,0.9620677198411116
234,-1,2340.442439862543,0.9702364266229685
234,0,2179.541308089501,0.9035344490514815
234,1,55.45352839931153,0.0229884026718227
234,2,62.67986230636833,0.025984097959239793
234,3,58.06540447504303,0.024071162609575574
234,4,57.89414802065404,0.024000167806408252
234,5,55.78313253012048,0.02312504091108443
235,-5,2354.356856455493,1.0
235,-4,2151.778861788618,0.9139561217699775
235,-3,2716.6115641215715,1.1538656753213938
235,-2,1705.1721854304635,0.7242624161902188
235,-1,1249.4843945068665,0.5307115576302129
235,0,1087.960124610592,0.462105021007107
235,1,107.20498442367601,0.04553472177751089
235,2,117.63925233644859,0.049966619127380554
235,3,99.40685358255452,0.04222250900919604
235,4,104.23302180685359,0.04427239716063155
235,5,103.72461059190032,0.04405645232051131
236,-5,1821.8541468064823,1.0
236,-4,1557.9406220546655,0.855140146529057
236,-3,1472.508348794063,0.8082471098881403
236,-2,1359.2429643527205,0.7460767190037302
236,-1,1804.990680335508,0.9907437889577856
236,0,1527.1005244755245,0.8382122834324418
236,1,86.47727272727273,0.04746662781916887
236,2,64.16520979020979,0.035219729253675225
236,3,63.11013986013986,0.034640610485073824
236,4,99.24388111888112,0.05447410885928775
236,5,65.7298951048951,0.03607857150371377
237,-5,1854.2418699186992,1.0
237,-4,1747.7282828282828,0.9425567997258704
237,-3,1693.8936842105263,0.9135235870198511
237,-2,2150.0493583415596,1.159530152577037
237,-1,1870.0829406220546,1.0085431523041004
237,0,1739.3565380997177,0.9380418845659986
237,1,80.81655691439323,0.043584689907760904
237,2,70.14675446848541,0.037830423099852156
237,3,76.84289746001882,0.041441679592419116
237,4,67.38287864534337,0.03633985389850884
237,5,74.84007525870179,0.040361549629975305
238,-5,2341.6467268623023,1.0
238,-4,2047.0243902439024,0.8741815606775236
238,-3,1913.2718309859156,0.8170625436526076
238,-2,,
238,-1,2400.94327176781,1.025322583558521
238,0,1700.3559718969555,0.7261368473695233
238,1,539.7131147540983,0.2304844315595328
238,2,592.0011709601873,0.25281404072143765
238,3,572.7974238875878,0.24461308245890262
238,4,750.4789227166276,0.3204919487245774
238,5,592.9648711943794,0.25322558880985635
239,-5,2178.5991902834007,1.0
239,-4,2095.9646258503403,0.9620698636070314
239,-3,1952.7427385892115,0.8963295071890627
239,-2,,
239,-1,2092.4741035856573,0.9604676770826579
239,0,1977.254617414248,0.9075807180287435
239,1,418.8812664907652,0.19227091810140418
239,2,278.5118733509235,0.12783988656247208
239,3,313.5738786279683,0.14393371668662808
239,4,267.6609498680739,0.12285919826916648
239,5,252.17150395778364,0.11574937927199917
240,-5,2181.9793281653747,1.0
240,-4,2063.8010204081634,0.9458389425455389
240,-3,2351.750684931507,1.0778061251885815
240,-2,2109.1813537675607,0.9666367259038045
240,-1,2296.0793010752686,1.0522919586987243
240,0,1293.4819672131148,0.5928021180203776
240,1,324.04590163934427,0.14851006948439086
240,2,305.5934426229508,0.14005331704031138
240,3,251.3409836065574,0.11518944307226175
240,4,236.41092896174862,0.10834700673380109
240,5,251.15737704918033,0.1151052962817734
241,-5,1978.9211087420042,1.0
241,-4,1746.6322517207473,0.8826184348657928
241,-3,1782.9009687836383,0.9009459553023943
241,-2,1824.3994140625,0.9219161926178384
241,-1,1246.4223300970873,0.6298494288584527
241,0,288.16456834532374,0.1456170066974066
241,1,109.98830935251799,0.05557993639394615
241,2,99.41546762589928,0.05023720611535519
241,3,99.06924460431655,0.05006225067117236
241,4,100.16996402877697,0.050618472654756205
241,5,98.31924460431655,0.04968325628039709
242,-5,2362.878048780488,1.0
242,-4,2467.9671532846714,1.0444750437113848
242,-3,2322.108477666363,0.98274579971016
242,-2,2353.9222614840987,0.9962097970731028
242,-1,2102.349736379613,0.8897411093495338
242,0,1407.4404655326769,0.5956466802250227
242,1,1015.5747538048344,0.4298041341274408
242,2,331.4359892569382,0.14026792005960556
242,3,186.73948075201432,0.07903051994088015
242,4,138.83348254252462,0.058756093068018635
242,5,122.70008952551477,0.051928236240902016
243,-5,787.8887218045113,1.0
243,-4,718.8620426829268,0.9123903195828317
243,-3,722.0772225827385,0.9164710733883283
243,-2,773.5468540829986,0.9817970897099969
243,-1,725.0497017892644,0.9202437878900894
243,0,798.3827160493827,1.0133191324541833
243,1,98.37816764132553,0.12486302306245582
243,2,81.44054580896686,0.10336554332500479
243,3,83.33528265107212,0.10577037130346058
243,4,83.2488628979857,0.10566068607673404
243,5,74.72189733593243,0.09483813547273014
244,-5,2398.5960784313725,1.0
244,-4,2426.0513538748833,1.0114463938678104
244,-3,2248.1497630331755,0.9372773445470713
244,-2,2148.522813688213,0.8957418187281029
244,-1,2058.7758444216993,0.8583253607952582
244,0,1678.2734513274336,0.6996899004458418
244,1,462.5920353982301,0.1928594979196142
244,2,368.81592920353984,0.15376325031129756
244,3,371.48318584070796,0.1548752577314516
244,4,372.02477876106195,0.15510105353142983
244,5,325.82389380530975,0.13583941737217847
245,-5,2341.119924457035,1.0
245,-4,2050.9341603053435,0.8760483129803815
245,-3,1961.2195357833655,0.8377270704055121
245,-2,1814.680638722555,0.775133567385885
245,-1,2152.0044483985766,0.9192200817724795
245,0,1294.405383360522,0.552900075659613
245,1,179.71696574225123,0.076765382185166
245,2,132.2626427406199,0.05649545816039089
245,3,120.01223491027733,0.05126274551617052
245,4,232.64763458401305,0.09937450540384853
245,5,176.5309951060359,0.0754045075871019
246,-5,2594.905003625816,1.0
246,-4,2392.873489694385,0.9221430019021368
246,-3,2635.8230769230768,1.0157686209090842
246,-2,2102.936137071651,0.8104096813306286
246,-1,1753.1958694203863,0.6756300777757475
246,0,1279.630893300248,0.4931320767088745
246,1,1073.3734491315136,0.4136465294998111
246,2,861.3622828784119,0.33194366717658075
246,3,1183.9342431761786,0.456253404853699
246,4,117.49751861042184,0.045280084799345095
246,5,89.89019851116625,0.03464103633295409
248,-5,2047.901748542881,1.0
248,-4,1894.2628043660789,0.9249773851279149
248,-3,2022.6833855799373,0.9876857554416919
248,-2,2071.7515625,1.0116459756792964
248,-1,1878.015873015873,0.9170439325773881
248,0,2076.396739130435,1.0139142371492327
248,1,145.3385093167702,0.07096947371629579
248,2,141.3439440993789,0.06901890884167058
248,3,129.61180124223603,0.06329004862389377
248,4,123.16304347826087,0.06014109005273011
248,5,118.41537267080746,0.05782278019688304
249,-5,2102.137347130762,1.0
249,-4,2200.381255686988,1.0467352471951086
249,-3,1965.077134986226,0.9347995922665988
249,-2,1821.8367346938776,0.8666592300358154
249,-1,1670.7933450087567,0.794806936515945
249,0,1290.257055682685,0.6137834225930935
249,1,480.68573607932876,0.2286652376617654
249,2,169.30511060259343,0.08053950938728169
249,3,119.906941266209,0.05704048854365855
249,4,97.95652173913044,0.04659853547287608
249,5,133.89549961861175,0.06369493401626096
250,-5,2426.6552795031057,1.0
250,-4,2973.725470763132,1.2254420707716043
250,-3,2556.051583710407,1.053322903051066
250,-2,2209.3333333333335,0.9104438327085864
250,-1,1872.971760797342,0.7718326441408939
250,0,1248.9625,0.5146847640657655
250,1,262.93359375,0.10835226411055782
250,2,114.346875,0.047121186089280155
250,3,107.04921875,0.04411389605033639
250,4,145.46171875,0.05994329725307563
250,5,135.80234375,0.055962766898563186
251,-5,1786.9811097992915,1.0
251,-4,1524.4849785407725,0.853106375988495
251,-3,1334.7176938369782,0.7469120331030751
251,-2,1134.132958801498,0.6346642124990792
251,-1,1250.850049652433,0.6999794473445357
251,0,1305.7265037593984,0.7306884759996449
251,1,85.46710526315789,0.047827648985476576
251,2,87.17575187969925,0.04878381276760702
251,3,70.49906015037594,0.03945148595235805
251,4,79.21052631578948,0.044326448601734895
251,5,69.89003759398496,0.039110675099321444
252,-5,2060.883168316832,1.0
252,-4,1979.7196446199407,0.9606171155431489
252,-3,1863.002028397566,0.9039823591354381
252,-2,2366.891640866873,1.1484841437178435
252,-1,2159.5590994371482,1.0478804100287291
252,0,1285.0245762711863,0.6235310162296555
252,1,304.20254237288134,0.14760785426828935
252,2,229.8906779661017,0.1115495926699515
252,3,92.95423728813559,0.04510407902649491
252,4,86.9957627118644,0.042212855172627635
252,5,76.2228813559322,0.036985542182958915
253,-5,2212.922380336352,1.0
253,-4,2423.964047936085,1.0953678581205617
253,-3,2107.3683527885864,0.9523010709793979
253,-2,2135.3172043010754,0.9649309091340651
253,-1,1993.5109589041097,0.9008499243435312
253,0,2725.1672131147543,1.2314788974661388
253,1,1267.211475409836,0.5726416284050717
253,2,1065.634426229508,0.4815507474182341
253,3,857.1508196721311,0.38733885439843074
253,4,721.5934426229509,0.3260816778007698
253,5,756.9262295081967,0.34204825087138757
254,-5,2003.9496587030717,1.0
254,-4,1825.9355371900826,0.9111683665605665
254,-3,1688.8146911519198,0.8427430718219224
254,-2,1659.9288747346072,0.8283286296767006
254,-1,1244.1488519398258,0.6208483564128161
254,0,1123.7954545454545,0.5607902622028735
254,1,96.66969696969697,0.04823958353936907
254,2,99.74545454545455,0.04977443126490933
254,3,252.35075757575757,0.12592669505434356
254,4,86.13484848484849,0.042982541058737854
254,5,65.29848484848485,0.032584892821481914
255,-5,2144.5282555282556,1.0
255,-4,2043.9651307596514,0.9531071113148692
255,-3,1872.7005012531329,0.8732458975187696
255,-2,2023.3635135135135,0.9435005149955947
255,-1,1975.0749385749386,0.9209834067159092
255,0,1807.126984126984,0.8426687685128399
255,1,1564.8620268620268,0.7296998875291381
255,2,1367.047619047619,0.6374584319528483
255,3,1451.4456654456656,0.6768134957905393
255,4,1326.2307692307693,0.6184254116549668
255,5,1251.98778998779,0.5838056862903824
256,-5,1894.3440265486727,1.0
256,-4,1751.78125,0.9247429323551069
256,-3,1663.0402116402117,0.8778976724043752
256,-2,1559.0425531914893,0.8229986377035892
256,-1,1716.3552361396303,0.9060419924181764
256,0,1704.3279187817259,0.8996929253061074
256,1,85.76751269035533,0.045275573754475926
256,2,97.26294416243655,0.05134386510545344
256,3,71.5482233502538,0.03776939264860372
256,4,77.13604060913705,0.04071912996166388
256,5,69.43045685279188,0.03665145078177169
257,-5,2254.3467889908256,1.0
257,-4,2488.0674789128398,1.1036755707078416
257,-3,1974.2949956101843,0.8757725320929844
257,-2,1401.0284697508896,0.6214786813603199
257,-1,1032.129353233831,0.457839653718881
257,0,1037.5988629185092,0.46026585970963135
257,1,66.95704358812381,0.029701305901607803
257,2,60.44535691724574,0.026812803253001075
257,3,69.07770056854075,0.030642002776983514
257,4,62.640555906506634,0.02778656602986452
257,5,123.25457991156033,0.054674187890469204
258,-5,2885.006116207951,1.0
258,-4,2876.529028049576,0.9970616741119713
258,-3,2699.512721665382,0.9357043323061022
258,-2,2581.089390142022,0.8946564707927216
258,-1,2436.506726457399,0.8445412690008232
258,0,2751.9016870273413,0.953863380589445
258,1,272.91623036649213,0.09459814619915362
258,2,224.71611401977893,0.07789103557088661
258,3,112.652123327516,0.03904744696887708
258,4,65.82722513089006,0.02281701406491758
258,5,182.4543339150669,0.06324226936297962
259,-5,2150.962338949455,1.0
259,-4,2409.8441176470587,1.1203562582244204
259,-3,2145.4338521400778,0.9974297612239564
259,-2,2302.6206896551726,1.0705072087779037
259,-1,2004.1791044776119,0.9317592726688404
259,0,1896.4390467461044,0.88167003782704
259,1,59.08890925756187,0.027470917638856153
259,2,72.3538038496792,0.033637875726367804
259,3,60.93033913840513,0.028327013465128326
259,4,60.75343721356553,0.02824477031208177
259,5,58.50870760769936,0.027201177142076517
261,-5,1242.0841777084956,1.0
261,-4,1560.71714922049,1.2565308996205362
261,-3,1322.7257383966244,1.0649243925133185
261,-2,1241.3665283540802,0.9994222216438347
261,-1,1213.5967283072546,0.9770647997031915
261,0,1026.584143605086,0.8265012645914364
261,1,736.4951383694839,0.5929510669141876
261,2,481.8908002991773,0.38796951844939453
261,3,358.8631264023934,0.2889201334682929
261,4,324.88257292445775,0.26156244379815646
261,5,229.415856394914,0.18470234184784498
262,-5,2122.040916530278,1.0
262,-4,1884.7895582329318,0.8881966146603464
262,-3,1319.8494176372712,0.6219717100438101
262,-2,1085.3594470046082,0.5114696133094669
262,-1,906.3916981132076,0.4271320553023252
262,0,832.0032320620556,0.3920769036925327
262,1,115.96250808015513,0.054646688090144814
262,2,83.6289592760181,0.03940968273729553
262,3,86.21784098254686,0.040629678867606635
262,4,79.52682611506141,0.037476575260902464
262,5,72.19327731092437,0.03402068110400372
263,-5,1291.8843683083512,1.0
263,-4,,
263,-3,1190.2759336099584,0.921348661543569
263,-2,,
263,-1,1115.0631163708088,0.8631291961763732
263,0,1055.6660305343512,0.817152104655222
263,1,294.25,0.2277680628532595
263,2,177.05152671755727,0.13704905103031484
263,3,184.63358778625954,0.14291804461418375
263,4,136.18893129770993,0.10541882434574354
263,5,128.44274809160305,0.09942278987382709
264,-5,2272.958614051973,1.0
264,-4,2021.3206627680313,0.8892905705681327
264,-3,1915.0622641509433,0.8425416337594406
264,-2,1801.6327307326355,0.7926377187840163
264,-1,2389.584008097166,1.0513099505306374
264,0,1954.8999129677982,0.8600684151845703
264,1,71.40034812880766,0.031412955646175716
264,2,66.14186248912098,0.029099457456117406
264,3,64.7580504786771,0.028490642142944164
264,4,95.90861618798955,0.04219549603545774
264,5,76.6875543951262,0.03373908962575271
265,-5,2752.473317865429,1.0
265,-4,3074.626865671642,1.11704147891833
265,-3,2775.2662192393736,1.008280880045595
265,-2,2915.4769736842104,1.0592207941711103
265,-1,2510.977223427332,0.9122621487842869
265,0,1860.764645426516,0.6760336724606499
265,1,438.5693730729702,0.15933646667030552
265,2,668.5364850976362,0.24288572781373696
265,3,678.294964028777,0.24643107696128427
265,4,572.9630010277492,0.20816296285556288
265,5,593.4039054470709,0.21558933981138884
266,-5,1931.5071770334928,1.0
266,-4,1549.5279007971656,0.8022377132333567
266,-3,1462.2225153913807,0.7570370603733073
266,-2,1334.5981818181817,0.6909620620037901
266,-1,1802.5104166666667,0.93321445454583
266,0,1544.0016501650166,0.7993766052354893
266,1,94.36881188118812,0.048857603535351374
266,2,89.10891089108911,0.04613439284649572
266,3,80.13283828382838,0.04148720710781954
266,4,113.40676567656766,0.05871413113294435
266,5,81.49917491749174,0.04219460113146581
267,-5,1989.0813492063492,1.0
267,-4,2138.6317757009347,1.0751856763195013
267,-3,1931.7173708920188,0.971160566993794
267,-2,1989.8936170212767,1.0004083632955745
267,-1,1389.2675483214648,0.6984468226378915
267,0,249.56612903225806,0.1254680353479941
267,1,108.74435483870968,0.054670642245023854
267,2,77.91370967741935,0.039170700438424605
267,3,72.72016129032258,0.036559671789863295
267,4,75.28387096774193,0.03784856310566709
267,5,88.16935483870968,0.044326671140870924
268,-5,2418.822629969419,1.0
268,-4,2668.297067171239,1.1031387891409692
268,-3,2423.256109481916,1.0018329080675723
268,-2,2506.6069469835465,1.0362921679028767
268,-1,1948.726012793177,0.8056506453380646
268,0,1588.3815028901734,0.6566754764115363
268,1,601.5770712909441,0.2487065665077517
268,2,475.27456647398844,0.19649004461315023
268,3,174.24084778420038,0.07203539673613989
268,4,132.64354527938343,0.05483806197110883
268,5,136.52890173410404,0.05644436265912982
269,-5,2317.028294260307,1.0
269,-4,2097.3129411764708,0.9051736426231347
269,-3,1969.8408195429472,0.8501582930267164
269,-2,1795.878909382518,0.7750785408323372
269,-1,1982.1090629800308,0.8554531111640151
269,0,2011.911247130834,0.8683153555417072
269,1,70.59143075745983,0.030466365444188754
269,2,67.63045141545524,0.029188444346142838
269,3,55.4009181331293,0.023910333020260164
269,4,62.29303749043611,0.026884884247959807
269,5,60.87528691660291,0.026273001096879942
270,-5,2017.9873563218391,1.0
270,-4,1867.008018327606,0.9251832091409029
270,-3,1947.6501128668172,0.9651448542357447
270,-2,1763.1321585903083,0.8737082286798604
270,-1,1694.2273224043715,0.8395629026598159
270,0,1043.599805258033,0.5171488324684995
270,1,153.5968841285297,0.07611389816063509
270,2,86.74294060370009,0.04298487814205407
270,3,80.26290165530672,0.03977373862321959
270,4,83.28724440116845,0.04127243123711889
270,5,84.6066212268744,0.041926239508797446
271,-5,1434.225428313796,1.0
271,-4,1292.6289424860854,0.9012732008285586
271,-3,1256.0419384902143,0.8757632612656504
271,-2,1196.453244274809,0.8342156125912973
271,-1,1735.375,1.209973666441169
271,0,1433.1601049868766,0.9992572134715447
271,1,80.31233595800525,0.05599701021367863
271,2,93.43919510061242,0.06514958754459396
271,3,89.44881889763779,0.06236733579797273
271,4,211.56080489938756,0.14750875331231394
271,5,87.38495188101487,0.060928324206155265
272,-5,1004.0814272644099,1.0
272,-4,1076.8713932399012,1.0724940866337958
272,-3,979.3704280155642,0.9753894469334324
272,-2,871.6367781155016,0.8680937167518875
272,-1,894.8775510204082,0.8912400197048517
272,0,695.7207325049052,0.6928927411797425
272,1,137.15827338129498,0.13660074736665395
272,2,106.36102027468934,0.1059286800717615
272,3,86.217135382603,0.08586667678686084
272,4,78.49640287769785,0.07817732780055396
272,5,80.0418574231524,0.07971650032530136
273,-5,1850.8883587786258,1.0
273,-4,1642.7586206896551,0.8875514359891957
273,-3,1704.8356545961003,0.9210904842046208
273,-2,1600.140037593985,0.8645254209983221
273,-1,1496.5585009140768,0.808562274334922
273,0,1412.5371530886302,0.7631671280383129
273,1,271.92927484333035,0.14691824796108854
273,2,189.29991047448522,0.10227516401875339
273,3,102.83348254252462,0.05555898715057181
273,4,105.80035810205909,0.05716193394391178
273,5,83.14861235452103,0.044923623815641474
274,-5,1881.3317901234568,1.0
274,-4,1780.1667947732512,0.9462269250531471
274,-3,1685.1218315617334,0.8957068819057973
274,-2,2055.7582417582416,1.0927143487132265
274,-1,1736.4480164158688,0.9229887176370519
274,0,1029.3069888961463,0.5471161409697973
274,1,90.67668190725016,0.04819813410015241
274,2,77.40300457217505,0.04114266551945933
274,3,100.9379490529066,0.05365239113207291
274,4,87.45852384062704,0.04648755966372515
274,5,69.88634879163945,0.03714727469047518
275,-5,2119.7180417044424,1.0
275,-4,2246.0784132841327,1.059611877190084
275,-3,2000.8127208480566,0.9439051239282866
275,-2,1859.5824411134904,0.8772782061232164
275,-1,1324.2532637075717,0.6247308546011874
275,0,1315.7966594045026,0.6207413597076735
275,1,249.7763253449528,0.11783469330860172
275,2,178.03267973856208,0.0839888495714307
275,3,162.76470588235293,0.07678601714003226
275,4,60.33188090050835,0.02846221983938776
275,5,159.38416848220768,0.07519121191894398
276,-5,1907.8255131964809,1.0
276,-4,1860.8329466357309,0.9753685196912919
276,-3,2310.690592334495,1.2111645306928676
276,-2,1888.7392491467576,0.9899958020701038
276,-1,1752.5132127955494,0.9185919784977022
276,0,1529.3678861788617,0.8016288049405894
276,1,68.01016260162602,0.035647999322368784
276,2,169.94986449864498,0.08908040243884839
276,3,73.40853658536585,0.03847759455862028
276,4,65.92547425474255,0.03455529543909244
276,5,63.94037940379404,0.03351479417877405
277,-5,3895.775079197466,1.0
277,-4,3337.2292069632495,0.8566277927037622
277,-3,3130.160576923077,0.8034756918173761
277,-2,3042.3617021276596,0.7809387452507627
277,-1,3761.053872053872,0.9654186382928076
277,0,3395.691073219659,0.8716342715347867
277,1,170.41925777331997,0.04374463471552021
277,2,191.27983951855566,0.049099302611166025
277,3,168.2617853560682,0.043190836723235655
277,4,191.28184553660984,0.049099817532590746
277,5,173.5887662988967,0.04455821056657516
278,-5,2645.209625668449,1.0
278,-4,2363.0510638297874,0.8933322489451626
278,-3,2460.2169042769856,0.9300650052092883
278,-2,2115.0061475409834,0.7995608843312438
278,-1,1976.2985971943888,0.7471236222705695
278,0,925.5881207400195,0.3499110663133633
278,1,407.0603700097371,0.15388586449244915
278,2,260.8549172346641,0.09861408135801168
278,3,249.38753651411878,0.09427893127793156
278,4,224.76436222005842,0.08497034036130882
278,5,159.19571567672833,0.06018264644583671
279,-5,1336.4842240824212,1.0
279,-4,1282.0044929396663,0.9592365325672597
279,-3,1135.4779091474797,0.8496006826620459
279,-2,1210.9207589285713,0.9060494221396015
279,-1,,
279,0,872.7076771653543,0.6529876383423245
279,1,86.73523622047244,0.06489806213763692
279,2,73.91338582677166,0.055304345906153705
279,3,72.1525590551181,0.05398683931690648
279,4,68.86466535433071,0.05152673268673302
279,5,64.57332677165354,0.048315816683872276
280,-5,2211.6393700787403,1.0
280,-4,2100.1670702179176,0.9495974337548286
280,-3,2296.7295954577717,1.0384738246796548
280,-2,2292.221742260619,1.0364355840613426
280,-1,2161.9985517740765,0.9775547410774766
280,0,2530.6642335766423,1.1442481391016945
280,1,223.6124087591241,0.10110708453845389
280,2,138.38248175182483,0.06257009330906332
280,3,100.97007299270074,0.0456539498974039
280,4,90.31240875912408,0.04083505203468535
280,5,87.16569343065693,0.039412254371088355
281,-5,2249.1371973587675,1.0
281,-4,2099.280523255814,0.9333714838388094
281,-3,1957.7372372372372,0.8704392242217458
281,-2,2148.540647198106,0.9552732708885899
281,-1,1360.3017715332926,0.60481049049864
281,0,1106.8201856148492,0.4921087903906542
281,1,164.97505800464037,0.0733503755121634
281,2,134.36600928074245,0.0597411351510849
281,3,152.07250580046403,0.0676137080383747
281,4,139.8816705336427,0.06219348054796753
281,5,129.56380510440835,0.05760600342947473
282,-5,2392.7130434782607,1.0
282,-4,2513.212407991588,1.0503609761487147
282,-3,2174.072805139186,0.9086224572833691
282,-2,2025.5493250259606,0.8465492051154792
282,-1,1831.390120967742,0.7654031585440225
282,0,2434.4630225080386,1.0174488032083808
282,1,151.76956055734192,0.06342990479824366
282,2,119.70203644158629,0.05002774434981002
282,3,138.61521972132905,0.05793223725642655
282,4,132.16184351554128,0.05523514149587242
282,5,230.58842443729904,0.09637111523498663
283,-5,3126.2811140121844,1.0
283,-4,2144.0756547041706,0.6858230518984014
283,-3,1783.3689839572191,0.5704442175606185
283,-2,1516.932932072227,0.48521961933405167
283,-1,1909.5381589299764,0.6108018086957404
283,0,1541.5711111111111,0.4931006057650077
283,1,302.50666666666666,0.09676246493343582
283,2,264.09777777777776,0.08447665713555805
283,3,265.99555555555554,0.0850836971644511
283,4,394.2948148148148,0.12612263594836726
283,5,305.0311111111111,0.09756995611941066
284,-5,1443.7192676547515,1.0
284,-4,1346.088471849866,0.9323754984835232
284,-3,1750.7918473547268,1.2126954918311779
284,-2,1574.8239861949958,1.0908103960912132
284,-1,1425.744821872411,0.987549902404822
284,0,666.085036794767,0.46136742212825643
284,1,80.98446443172527,0.056094329587552304
284,2,153.24121013900245,0.10614335734947625
284,3,117.2959934587081,0.08124570758777049
284,4,106.38021259198692,0.07368483262317067
284,5,65.28945216680295,0.045223094011110854
285,-5,2408.362068965517,1.0
285,-4,2100.052316890882,0.8719836373244885
285,-3,2151.9789156626507,0.8935445975475802
285,-2,1802.840455840456,0.7485753405071872
285,-1,1666.825,0.6920990084833734
285,0,1486.4708276797828,0.617212356412123
285,1,1553.054274084125,0.6448591323111232
285,2,1284.9131614654002,0.5335215904713693
285,3,399.0515603799186,0.16569417261721214
285,4,349.6865671641791,0.14519684214856562
285,5,288.2157394843962,0.11967292758775086
286,-5,2243.1597633136093,1.0
286,-4,2109.2564705882355,0.9403059492616919
286,-3,2459.062885326757,1.096249551879539
286,-2,1708.4985163204747,0.7616481644609523
286,-1,1474.0251865671642,0.6571200191241506
286,0,1034.4863523573201,0.46117372880706925
286,1,867.2175351530191,0.386605336515113
286,2,911.752688172043,0.4064590953723226
286,3,951.4334160463193,0.4241487528471249
286,4,870.5384615384615,0.38808580457617375
286,5,970.3258891645988,0.4325710121205221
287,-5,2462.9770867430443,1.0
287,-4,2020.089628681178,0.8201820632251495
287,-3,1753.7405213270142,0.7120409405213347
287,-2,1738.7052375152252,0.7059364242054029
287,-1,1609.3032994923858,0.6533975927565258
287,0,1688.1545226130654,0.685412191489537
287,1,1109.2336683417086,0.45036296696065525
287,2,958.1143216080402,0.38900659156152256
287,3,1004.0967336683417,0.4076760352635373
287,4,873.3241206030151,0.35458069232705236
287,5,899.9585427135678,0.36539460620952907
288,-5,1663.7463465553235,1.0
288,-4,1577.7068062827225,0.9482856623843291
288,-3,1427.0771637122002,0.8577492396403267
288,-2,1766.2139588100686,1.0615884822027692
288,-1,1696.093220338983,1.019442190722541
288,0,1565.912579957356,0.9411967053748753
288,1,84.1908315565032,0.05060316539886908
288,2,62.9136460554371,0.037814445805212815
288,3,57.52345415778252,0.03457465392899646
288,4,65.83688699360341,0.03957146901023364
288,5,69.52771855010661,0.04178985498243716
289,-5,1545.8307349665924,1.0
289,-4,1427.9956989247312,0.9237723552932153
289,-3,1958.3371647509578,1.266850969160786
289,-2,1652.9135538954108,1.0692720208665878
289,-1,1601.2464864864864,1.0358485248522966
289,0,1498.8618143459917,0.9696157415180285
289,1,50.04957805907173,0.032377139959087024
289,2,97.39662447257383,0.06300600852956822
289,3,50.93143459915612,0.032947614151465826
289,4,56.84704641350211,0.03677443146110732
289,5,59.15611814345991,0.038268173096414955
290,-5,1357.1889683350357,1.0
290,-4,1672.5604719764012,1.232371107487158
290,-3,1070.8196233894946,0.7889981781263286
290,-2,872.4006705783738,0.6427997065497905
290,-1,754.3728949478749,0.555834826651531
290,0,633.8189102564103,0.4670085927930603
290,1,716.8717948717949,0.5282033759464128
290,2,701.7668269230769,0.5170737777098102
290,3,169.60977564102564,0.12497137804553371
290,4,107.19951923076923,0.07898643573730106
290,5,78.5849358974359,0.057902722267070786
291,-5,1991.360909090909,1.0
291,-4,1927.6163522012578,0.9679894505317211
291,-3,1787.274250440917,0.8975139776429774
291,-2,2312.1322482197356,1.1610814682885708
291,-1,1749.6535303776684,0.8786220129109674
291,0,1647.0739523418242,0.8271097141771967
291,1,120.594905505341,0.060559040279842935
291,2,96.97041906327034,0.04869555218272263
291,3,125.31881676253082,0.06293124274481267
291,4,86.29416598192276,0.04333426732842594
291,5,85.43221035332786,0.04290141980959602
293,-5,3047.1039671682624,1.0
293,-4,2660.489218328841,0.873120591550176
293,-3,2318.625,0.7609274330585926
293,-2,1936.0079575596817,0.6353599937578941
293,-1,1814.613231552163,0.5955206160026503
293,0,1594.9156626506024,0.523420165453951
293,1,123.05421686746988,0.0403839902390422
293,2,119.5144578313253,0.039222310468911434
293,3,72.3289156626506,0.023736937249918447
293,4,60.80963855421687,0.019956535520095343
293,5,70.05542168674698,0.022990820937380405
296,-5,2233.491891891892,1.0
296,-4,2357.8322440087145,1.055670832102954
296,-3,2013.5042105263158,0.9015050459040465
296,-2,1886.7222222222222,0.8447410214791796
296,-1,1772.43949044586,0.7935732817657578
296,0,2439.430894308943,1.0922049474030593
296,1,546.2241579558653,0.24456061825824807
296,2,432.3461091753775,0.19357406702253852
296,3,696.8652729384437,0.3120070753192482
296,4,498.89198606271776,0.2233686130107813
296,5,611.3089430894308,0.2737009905021944
298,-5,923.7744733581164,1.0
298,-4,917.9975186104218,0.9937463581054646
298,-3,878.2550505050505,0.9507245283715264
298,-2,,
298,-1,989.4662084765177,1.0711123082667546
298,0,590.4788732394367,0.6392024138672294
298,1,75.6955579631636,0.08194159954214167
298,2,55.80931744312026,0.06041443994467777
298,3,79.94257854821235,0.08653906429954067
298,4,55.41711809317443,0.059989878148203675
298,5,63.1397616468039,0.0683497579417598
299,-5,2318.4147286821703,1.0
299,-4,2092.653893695921,0.9026227567513013
299,-3,1934.183698296837,0.8342699321084208
299,-2,2207.220987654321,0.9520388912077634
299,-1,1943.4739393939394,0.8382770844880915
299,0,1322.3671689135606,0.5703755900762494
299,1,432.0610626486915,0.18636055805868823
299,2,433.8191911181602,0.18711889022752673
299,3,408.77636796193497,0.17631718902781945
299,4,659.4996034892943,0.2844614448529517
299,5,510.34179222839015,0.22012532353022007
300,-5,2667.130260521042,1.0
300,-4,2465.5030425963487,0.9244029356536548
300,-3,2299.597894736842,0.862199319161712
300,-2,3022.3732718894007,1.1331929739715672
300,-1,1813.5852994555353,0.6799762749874987
300,0,1256.6771300448431,0.4711720115984671
300,1,1063.5747384155457,0.39877120145146905
300,2,378.8609865470852,0.1420481752072627
300,3,446.92750373692076,0.16756868247207785
300,4,336.7286995515695,0.1262513138318888
300,5,340.86696562032887,0.1278028938690599
301,-5,2222.6584402764065,1.0
301,-4,2119.725024727992,0.9536890537550998
301,-3,2527.083238312429,1.1369642732862566
301,-2,2427.837623762376,1.0923125117957637
301,-1,2280.2892156862745,1.0259287591676485
301,0,2364.259863945578,1.0637081348637456
301,1,596.0367346938775,0.268163890543504
301,2,625.8095238095239,0.2815590162075011
301,3,578.5755102040816,0.26030788164290813
301,4,525.0489795918368,0.23622567016034296
301,5,374.5891156462585,0.1685320195214858
302,-5,1874.3663500678426,1.0
302,-4,1671.27,0.891645328534365
302,-3,1859.864,0.9922627985359864
302,-2,1570.3309523809523,0.8377929705812923
302,-1,1500.7222222222222,0.8006557641028412
302,0,1405.6833333333334,0.749951221266032
302,1,1743.4511904761905,0.9301549776611634
302,2,359.40714285714284,0.19174861032056734
302,3,245.4952380952381,0.13097505622972394
302,4,251.30119047619047,0.13407261097442058
302,5,239.175,0.12760312304547244
303,-5,1556.6770929162833,1.0
303,-4,1457.7814748201438,0.9364700498605859
303,-3,1358.1205479452055,0.8724484699655332
303,-2,1501.1369150779897,0.9643213238692653
303,-1,1456.1577586206897,0.9354269843418327
303,0,1339.1407725321887,0.860255976416688
303,1,1493.2618025751074,0.9592623989716624
303,2,59.72017167381974,0.038363879025122546
303,3,64.75021459227467,0.04159514833675071
303,4,67.40600858369099,0.04330121442039876
303,5,68.88583690987124,0.044251847234946025
304,-5,2380.5325112107626,1.0
304,-4,2162.3746223564954,0.9083575259624117
304,-3,2351.153142857143,0.9876584889241118
304,-2,2028.9064039408868,0.8522909871577283
304,-1,1989.507403751234,0.8357404884755599
304,0,1785.908292682927,0.750213779594464
304,1,2294.649756097561,0.9639228808223581
304,2,421.6439024390244,0.17712167359754818
304,3,285.4682926829268,0.11991782987149156
304,4,242.06634146341463,0.1016857952258326
304,5,206.64975609756098,0.0868082057793266
305,-5,2547.162583518931,1.0
305,-4,2314.5227817745804,0.9086670779283526
305,-3,2480.366844919786,0.9737764133976615
305,-2,2118.322505800464,0.8316400843459234
305,-1,1998.6666666666667,0.78466395494295
305,0,1798.990909090909,0.7062725091562804
305,1,2549.0397727272725,1.0007369726693096
305,2,628.9477272727273,0.24692091951344136
305,3,339.61477272727274,0.13333062244424596
305,4,108.43522727272727,0.042570987802012586
305,5,82.98977272727272,0.03258126248565629
306,-5,2576.4240740740743,1.0
306,-4,2033.4135546334717,0.7892386874875201
306,-3,1933.710242587601,0.7505403563202403
306,-2,1805.4299191374664,0.7007502908023048
306,-1,,
306,0,1786.318987341772,0.6933326719452219
306,1,309.3493670886076,0.1200692736112485
306,2,170.55822784810127,0.06619959406698106
306,3,85.70506329113924,0.03326512283190036
306,4,183.23544303797468,0.07112006322322018
306,5,58.254430379746836,0.022610575241066456
307,-5,2291.219557195572,1.0
307,-4,,
307,-3,2607.7361246348587,1.138143272409345
307,-2,2366.5910852713178,1.0328958121185032
307,-1,,
307,0,1771.251954821894,0.7730607698678547
307,1,1824.75325803649,0.7964113488407755
307,2,77.98783666377064,0.03403769683217391
307,3,86.9244135534318,0.037938054989294145
307,4,89.49087749782798,0.03905818506863822
307,5,93.27280625543005,0.04070880329320991
308,-5,409.3807228915663,1.0
308,-4,460.58352402745993,1.1250737962799873
308,-3,528.3302325581395,1.2905596258328942
308,-2,,
308,-1,318.32911392405066,0.7775869651985722
308,0,290.8502994011976,0.7104640818132413
308,1,217.8183632734531,0.5320679531145075
308,2,135.55888223552896,0.331131571799571
308,3,274.45908183632736,0.6704250261168845
308,4,118.42115768463074,0.28926901307953684
308,5,152.49101796407186,0.3724919358366137
309,-5,2910.7502304147465,1.0
309,-4,2705.397124887691,0.9294501110465273
309,-3,2940.1318027210887,1.0100941578563942
309,-2,2542.4859335038363,0.8734813131463922
309,-1,2754.2895419187553,0.9462472984246066
309,0,2433.4510676156583,0.8360219445104781
309,1,348.0169039145907,0.11956261319783613
309,2,247.29626334519574,0.08495963025654696
309,3,196.75800711743773,0.06759700817386935
309,4,192.1806049822064,0.06602442317931999
309,5,69.00444839857651,0.023706756999464094
310,-5,2440.9632653061226,1.0
310,-4,2278.281592039801,0.9333534938527969
310,-3,,
310,-2,2171.5081809432145,0.8896111677743271
310,-1,1773.4711934156378,0.7265456300069415
310,0,1344.6560069144339,0.5508710540737285
310,1,1159.961106309421,0.4752062936776517
310,2,1005.6395851339671,0.41198472727030133
310,3,605.2739844425238,0.24796521645589617
310,4,497.4675885911841,0.20379970303600467
310,5,477.80726015557474,0.19574537107818896
311,-5,1853.417853751187,1.0
311,-4,1725.409090909091,0.9309336733845445
311,-3,1594.2940630797773,0.8601913809414529
311,-2,1775.9394760614273,0.958197026357036
311,-1,1713.80276816609,0.9246715546078689
311,0,1047.2450903377849,0.5650345324009017
311,1,91.34171249018067,0.049282849145599564
311,2,73.03927729772192,0.03940788481663516
311,3,71.17282010997643,0.038400849525608946
311,4,63.74548311076198,0.034393476345199556
311,5,63.49960722702278,0.03426081555139013
312,-5,1452.5474452554745,1.0
312,-4,1180.908341915551,0.8129912353450545
312,-3,1158.2749469214436,0.7974093725508057
312,-2,1063.622760800843,0.7322464848050266
312,-1,1255.351407716371,0.8642412417004248
312,0,1244.792194092827,0.8569717967965532
312,1,138.91033755274262,0.09563222048716696
312,2,74.61708860759494,0.05136981160327693
312,3,78.47151898734177,0.054023377510770514
312,4,70.56856540084388,0.048582623329341414
312,5,59.255274261603375,0.040794037024505965
313,-5,2604.8161904761905,1.0
313,-4,2420.5799812909263,0.9292709367137404
313,-3,2496.0881542699726,0.9582588450564179
313,-2,2229.2082191780823,0.8558025043488989
313,-1,2142.6801505174035,0.8225840112448383
313,0,2057.915811088296,0.7900426212845695
313,1,273.80800821355234,0.10511605740729717
313,2,221.1776180698152,0.08491102707303941
313,3,262.78439425051334,0.10088404518188798
313,4,264.5513347022587,0.10156238112674494
313,5,248.76796714579055,0.0955030792788158
314,-5,1619.8981092436975,1.0
314,-4,1422.8168016194331,0.878337219792004
314,-3,2070.8229027962716,1.278366145981307
314,-2,1825.1545454545455,1.126709473293156
314,-1,1580.7718940936863,0.9758464961921102
314,0,1490.011011011011,0.91981773576282
314,1,99.89289289289289,0.06166615808912275
314,2,101.17517517517517,0.062457740149108584
314,3,66.3923923923924,0.04098553607386446
314,4,74.50850850850851,0.045995799416850516
314,5,86.14014014014015,0.0531762705620772
315,-5,2076.6582875098193,1.0
315,-4,2010.133870967742,0.9679656412698265
315,-3,1955.048045602606,0.941439454609049
315,-2,1811.2855895196506,0.8722116683393373
315,-1,1847.9019466474406,0.8898440141845931
315,0,1888.6740289413556,0.9094775198697321
315,1,125.72124904798171,0.06054017158438603
315,2,107.30312261995431,0.05167105405127801
315,3,80.4927646610815,0.038760717227870306
315,4,67.95734958111196,0.032724377423982244
315,5,68.43716679360244,0.032955429983460315
318,-5,1807.577564102564,1.0
318,-4,1770.8229376257545,0.9796663627571314
318,-3,1489.6372155287818,0.8241069402011332
318,-2,,
318,-1,1393.816997943797,0.7710966464865406
318,0,1215.4099722991689,0.6723971332884972
318,1,320.4584487534626,0.17728613981362706
318,2,299.36357340720224,0.16561589353197792
318,3,321.1641274238227,0.17767654002901725
318,4,293.1578947368421,0.16218274698623553
318,5,327.6668975069252,0.18127404544855977
320,-5,1413.9728813559323,1.0
320,-4,1301.4418604651162,0.9204150076888998
320,-3,1177.8361086765995,0.832997665094617
320,-2,1346.4473889321903,0.9522441389689255
320,-1,1175.2842273819056,0.8311929053793905
320,0,834.8087615838248,0.5903994147209408
320,1,914.2586352148273,0.6465885217954797
320,2,67.32940185341197,0.04761718045741181
320,3,68.18449873631002,0.048221928182189996
320,4,68.10278011794439,0.04816413455726045
320,5,69.60909856781802,0.04922944384977612
327,-5,2704.4001766784454,1.0
327,-4,2357.9682835820895,0.8719006543174225
327,-3,,
327,-2,,
327,-1,2337.5438144329896,0.864348344076789
327,0,2105.391529818496,0.7785059134274818
327,1,209.34399308556613,0.07740865974305741
327,2,139.67847882454623,0.051648598468921815
327,3,231.82800345721694,0.0857225219316281
327,4,140.78738115816768,0.05205863480273961
327,5,118.99567847882454,0.04400076567994293
