mean_nn_distance_deaths,mean_nn_distance_random,clustering_ratio,p_value
46.084347261378106,48.694147880740786,0.9464042244716044,0.03
